{"mean":{"confidence_interval":{"confidence_level":0.95,"lower_bound":4896630463.8567505,"upper_bound":4920448748.544749},"point_estimate":4908533214.38,"standard_error":6071805.166408217},"median":{"confidence_interval":{"confidence_level":0.95,"lower_bound":4890944553.0,"upper_bound":4922866005.5},"point_estimate":4908666006.5,"standard_error":7653964.382838096},"median_abs_dev":{"confidence_interval":{"confidence_level":0.95,"lower_bound":48424984.27328467,"upper_bound":77983829.76661026},"point_estimate":62141285.35787165,"standard_error":7617096.539923253},"slope":null,"std_dev":{"confidence_interval":{"confidence_level":0.95,"lower_bound":53157641.960192144,"upper_bound":67942657.59145486},"point_estimate":60971004.57576184,"standard_error":3773175.4534057407}}