{"mean":{"confidence_interval":{"confidence_level":0.95,"lower_bound":134336873.85,"upper_bound":135533480.95025},"point_estimate":134958504.11,"standard_error":305889.1465258828},"median":{"confidence_interval":{"confidence_level":0.95,"lower_bound":134602692.0,"upper_bound":135968672.5},"point_estimate":135529514.5,"standard_error":373866.0729655806},"median_abs_dev":{"confidence_interval":{"confidence_level":0.95,"lower_bound":2047024.301058054,"upper_bound":3388126.415848732},"point_estimate":2624467.3388063908,"standard_error":330362.78292129916},"slope":null,"std_dev":{"confidence_interval":{"confidence_level":0.95,"lower_bound":2249951.3648937973,"upper_bound":4006496.3450075435},"point_estimate":3084209.22022339,"standard_error":468459.1697724478}}