{"mean":{"confidence_interval":{"confidence_level":0.95,"lower_bound":53728394.401250005,"upper_bound":55237120.84625},"point_estimate":54482730.73,"standard_error":384139.08490403515},"median":{"confidence_interval":{"confidence_level":0.95,"lower_bound":53642414.0,"upper_bound":55590323.0},"point_estimate":55048406.5,"standard_error":486169.671666466},"median_abs_dev":{"confidence_interval":{"confidence_level":0.95,"lower_bound":3129804.8125373605,"upper_bound":5426524.950259924},"point_estimate":4492699.719938636,"standard_error":610937.4171983592},"slope":null,"std_dev":{"confidence_interval":{"confidence_level":0.95,"lower_bound":3377574.4504225203,"upper_bound":4280084.0741192335},"point_estimate":3851018.405864413,"standard_error":229495.0155759037}}