{"mean":{"confidence_interval":{"confidence_level":0.95,"lower_bound":226986486.70275003,"upper_bound":234800203.3315},"point_estimate":230917177.14,"standard_error":1990746.7886529302},"median":{"confidence_interval":{"confidence_level":0.95,"lower_bound":225711284.0,"upper_bound":236342177.0},"point_estimate":233590431.0,"standard_error":3187435.3385721343},"median_abs_dev":{"confidence_interval":{"confidence_level":0.95,"lower_bound":17322545.384663343,"upper_bound":26878796.964105964},"point_estimate":21490701.00516379,"standard_error":2501784.288690276},"slope":null,"std_dev":{"confidence_interval":{"confidence_level":0.95,"lower_bound":17507998.953113202,"upper_bound":22265637.1208059},"point_estimate":19986039.345574807,"standard_error":1214515.7358899955}}