{"mean":{"confidence_interval":{"confidence_level":0.95,"lower_bound":119761580.63775,"upper_bound":122346740.11224999},"point_estimate":121050080.32,"standard_error":657585.4582544705},"median":{"confidence_interval":{"confidence_level":0.95,"lower_bound":118982585.0,"upper_bound":122881890.0},"point_estimate":120772447.5,"standard_error":765893.8198483894},"median_abs_dev":{"confidence_interval":{"confidence_level":0.95,"lower_bound":4803763.279116154,"upper_bound":7672614.984583855},"point_estimate":5876634.889268875,"standard_error":738167.8530870903},"slope":null,"std_dev":{"confidence_interval":{"confidence_level":0.95,"lower_bound":5526256.197658909,"upper_bound":7719496.861745679},"point_estimate":6622812.045934403,"standard_error":563341.9453322901}}