{"mean":{"confidence_interval":{"confidence_level":0.95,"lower_bound":67141589.99374999,"upper_bound":68604299.61775},"point_estimate":67868021.72,"standard_error":373625.57154414593},"median":{"confidence_interval":{"confidence_level":0.95,"lower_bound":67200678.5,"upper_bound":68911877.5},"point_estimate":67929270.5,"standard_error":490087.8280013231},"median_abs_dev":{"confidence_interval":{"confidence_level":0.95,"lower_bound":2332745.037585497,"upper_bound":4317191.758954525},"point_estimate":3014695.0648784637,"standard_error":511881.08013840887},"slope":null,"std_dev":{"confidence_interval":{"confidence_level":0.95,"lower_bound":3200314.742867298,"upper_bound":4262391.274852513},"point_estimate":3762301.7773666675,"standard_error":271471.3833112022}}