{"mean":{"confidence_interval":{"confidence_level":0.95,"lower_bound":205365555.561,"upper_bound":210024297.57925},"point_estimate":207687900.6,"standard_error":1186310.6517064609},"median":{"confidence_interval":{"confidence_level":0.95,"lower_bound":202668640.0,"upper_bound":211189164.0},"point_estimate":205611368.5,"standard_error":2201360.3023885237},"median_abs_dev":{"confidence_interval":{"confidence_level":0.95,"lower_bound":9921276.58856213,"upper_bound":16160089.153701067},"point_estimate":13626815.056675673,"standard_error":1548608.2042181648},"slope":null,"std_dev":{"confidence_interval":{"confidence_level":0.95,"lower_bound":10507207.713174634,"upper_bound":13131624.98160744},"point_estimate":11882557.655031787,"standard_error":670746.9102802688}}