{"mean":{"confidence_interval":{"confidence_level":0.95,"lower_bound":119724645.9475,"upper_bound":122730209.30049999},"point_estimate":121232320.66,"standard_error":768156.7593486484},"median":{"confidence_interval":{"confidence_level":0.95,"lower_bound":119473914.0,"upper_bound":122611856.0},"point_estimate":120952899.5,"standard_error":780271.7925745784},"median_abs_dev":{"confidence_interval":{"confidence_level":0.95,"lower_bound":5516931.672754884,"upper_bound":9485257.743015498},"point_estimate":7004808.219739795,"standard_error":1007951.2713274702},"slope":null,"std_dev":{"confidence_interval":{"confidence_level":0.95,"lower_bound":6631024.888596502,"upper_bound":8686419.73604522},"point_estimate":7708593.90408449,"standard_error":524442.2905582339}}