{"mean":{"confidence_interval":{"confidence_level":0.95,"lower_bound":57524456.046,"upper_bound":59014251.27675},"point_estimate":58258580.88,"standard_error":379423.5166143249},"median":{"confidence_interval":{"confidence_level":0.95,"lower_bound":56883973.0,"upper_bound":59079680.5},"point_estimate":58278633.0,"standard_error":547307.6800578277},"median_abs_dev":{"confidence_interval":{"confidence_level":0.95,"lower_bound":3044861.526542902,"upper_bound":4634832.872915268},"point_estimate":3809716.320464015,"standard_error":415256.85915361246},"slope":null,"std_dev":{"confidence_interval":{"confidence_level":0.95,"lower_bound":3169507.2639537067,"upper_bound":4507822.994131559},"point_estimate":3825392.116593474,"standard_error":344664.78213913925}}