{"mean":{"confidence_interval":{"confidence_level":0.95,"lower_bound":183011316.61775,"upper_bound":186969739.62725002},"point_estimate":184993899.12,"standard_error":1009421.3903212813},"median":{"confidence_interval":{"confidence_level":0.95,"lower_bound":182110866.0,"upper_bound":188454251.0},"point_estimate":185089008.5,"standard_error":1935250.2784197554},"median_abs_dev":{"confidence_interval":{"confidence_level":0.95,"lower_bound":8663570.814953376,"upper_bound":12616140.757851224},"point_estimate":10495525.364667177,"standard_error":998836.1690756221},"slope":null,"std_dev":{"confidence_interval":{"confidence_level":0.95,"lower_bound":8765920.432760108,"upper_bound":11454215.656781608},"point_estimate":10158934.751561066,"standard_error":684902.2555650865}}