{"mean":{"confidence_interval":{"confidence_level":0.95,"lower_bound":15786158.45325,"upper_bound":16080784.5496875},"point_estimate":15929684.82,"standard_error":75036.96634239565},"median":{"confidence_interval":{"confidence_level":0.95,"lower_bound":15686497.25,"upper_bound":16015006.25},"point_estimate":15823427.875,"standard_error":84837.557559177},"median_abs_dev":{"confidence_interval":{"confidence_level":0.95,"lower_bound":486014.8038715124,"upper_bound":826266.4940558374},"point_estimate":643354.4288031757,"standard_error":83091.29201488514},"slope":null,"std_dev":{"confidence_interval":{"confidence_level":0.95,"lower_bound":603706.774155732,"upper_bound":911226.6223975979},"point_estimate":756633.4744084276,"standard_error":79234.47121313048}}