{"mean":{"confidence_interval":{"confidence_level":0.95,"lower_bound":53846041.087249994,"upper_bound":55263830.4935},"point_estimate":54543470.0,"standard_error":361133.65031809546},"median":{"confidence_interval":{"confidence_level":0.95,"lower_bound":53456451.0,"upper_bound":54965432.0},"point_estimate":54218350.5,"standard_error":373510.72171991045},"median_abs_dev":{"confidence_interval":{"confidence_level":0.95,"lower_bound":2421995.369165987,"upper_bound":4206503.068819642},"point_estimate":3180798.8942295313,"standard_error":444920.2584438123},"slope":null,"std_dev":{"confidence_interval":{"confidence_level":0.95,"lower_bound":3043195.756448987,"upper_bound":4196453.540575343},"point_estimate":3633151.436410263,"standard_error":294751.84397062316}}