{"mean":{"confidence_interval":{"confidence_level":0.95,"lower_bound":3006146494.77825,"upper_bound":3012246273.6155},"point_estimate":3009382801.3,"standard_error":1546977.3220263196},"median":{"confidence_interval":{"confidence_level":0.95,"lower_bound":3004772261.5,"upper_bound":3009634635.0},"point_estimate":3007539188.5,"standard_error":1179925.4970651246},"median_abs_dev":{"confidence_interval":{"confidence_level":0.95,"lower_bound":6821045.883402228,"upper_bound":11736349.606338143},"point_estimate":9066066.963145137,"standard_error":1251671.6428004093},"slope":null,"std_dev":{"confidence_interval":{"confidence_level":0.95,"lower_bound":10157705.640649898,"upper_bound":21800915.978123695},"point_estimate":15493923.138416782,"standard_error":3302007.042551791}}