{"mean":{"confidence_interval":{"confidence_level":0.95,"lower_bound":1672016802.83075,"upper_bound":1852781962.977},"point_estimate":1761004600.61,"standard_error":46087089.87193187},"median":{"confidence_interval":{"confidence_level":0.95,"lower_bound":1527636310.0,"upper_bound":1694363033.5},"point_estimate":1607646397.5,"standard_error":45013487.091946095},"median_abs_dev":{"confidence_interval":{"confidence_level":0.95,"lower_bound":243421367.57000685,"upper_bound":547023392.98677},"point_estimate":408000147.8862494,"standard_error":74779277.21385466},"slope":null,"std_dev":{"confidence_interval":{"confidence_level":0.95,"lower_bound":405204204.11543584,"upper_bound":510938073.5796229},"point_estimate":462563084.9554842,"standard_error":27010568.671137575}}