{"mean":{"confidence_interval":{"confidence_level":0.95,"lower_bound":85474384.15875,"upper_bound":88317457.3045},"point_estimate":86880538.14,"standard_error":726499.8203495644},"median":{"confidence_interval":{"confidence_level":0.95,"lower_bound":84459919.0,"upper_bound":87968823.0},"point_estimate":86043330.5,"standard_error":827164.4384566462},"median_abs_dev":{"confidence_interval":{"confidence_level":0.95,"lower_bound":5298045.227233396,"upper_bound":9906615.157422423},"point_estimate":7102368.487107754,"standard_error":1224522.839421038},"slope":null,"std_dev":{"confidence_interval":{"confidence_level":0.95,"lower_bound":6363968.030793588,"upper_bound":8098341.71390976},"point_estimate":7282355.15737239,"standard_error":441979.9271932183}}