{"mean":{"confidence_interval":{"confidence_level":0.95,"lower_bound":245088079.4285,"upper_bound":247196516.75324997},"point_estimate":246130111.96,"standard_error":539225.1561061223},"median":{"confidence_interval":{"confidence_level":0.95,"lower_bound":244286054.0,"upper_bound":247740336.0},"point_estimate":245903722.5,"standard_error":901678.1833753694},"median_abs_dev":{"confidence_interval":{"confidence_level":0.95,"lower_bound":4250651.930835843,"upper_bound":6687279.0420770645},"point_estimate":5823274.633616209,"standard_error":608153.5418959246},"slope":null,"std_dev":{"confidence_interval":{"confidence_level":0.95,"lower_bound":4667876.796703805,"upper_bound":6075099.839277061},"point_estimate":5405456.776130373,"standard_error":360789.57036870264}}