{"mean":{"confidence_interval":{"confidence_level":0.95,"lower_bound":72313537.908,"upper_bound":74595455.388},"point_estimate":73446777.24,"standard_error":581971.8207734762},"median":{"confidence_interval":{"confidence_level":0.95,"lower_bound":71679880.0,"upper_bound":74882982.0},"point_estimate":72931853.0,"standard_error":917775.6630674187},"median_abs_dev":{"confidence_interval":{"confidence_level":0.95,"lower_bound":4700822.656443715,"upper_bound":7516652.8803527355},"point_estimate":6080656.212946773,"standard_error":718546.1069883123},"slope":null,"std_dev":{"confidence_interval":{"confidence_level":0.95,"lower_bound":5139702.952716204,"upper_bound":6539015.509986671},"point_estimate":5885967.630497288,"standard_error":355987.89168218005}}