{"mean":{"confidence_interval":{"confidence_level":0.95,"lower_bound":50574313.86225,"upper_bound":51714872.67600001},"point_estimate":51111236.0,"standard_error":291109.2122194581},"median":{"confidence_interval":{"confidence_level":0.95,"lower_bound":50318631.5,"upper_bound":50837038.5},"point_estimate":50689226.5,"standard_error":122108.09975101677},"median_abs_dev":{"confidence_interval":{"confidence_level":0.95,"lower_bound":1514638.9591097832,"upper_bound":2716837.023666501},"point_estimate":1732167.5098478794,"standard_error":294523.3666537574},"slope":null,"std_dev":{"confidence_interval":{"confidence_level":0.95,"lower_bound":1973120.9339730158,"upper_bound":3890388.5270030987},"point_estimate":2922716.679037173,"standard_error":506066.9405518303}}