{"mean":{"confidence_interval":{"confidence_level":0.95,"lower_bound":171603378.14,"upper_bound":175784706.58225},"point_estimate":173725054.49,"standard_error":1065596.706217965},"median":{"confidence_interval":{"confidence_level":0.95,"lower_bound":171878292.0,"upper_bound":177835259.0},"point_estimate":174742108.5,"standard_error":1538737.0913332494},"median_abs_dev":{"confidence_interval":{"confidence_level":0.95,"lower_bound":10439631.345659494,"upper_bound":15349070.644399524},"point_estimate":13044567.65371263,"standard_error":1250060.445654303},"slope":null,"std_dev":{"confidence_interval":{"confidence_level":0.95,"lower_bound":9519438.283718003,"upper_bound":11706520.56956169},"point_estimate":10679416.670169594,"standard_error":557476.0729639938}}