{"mean":{"confidence_interval":{"confidence_level":0.95,"lower_bound":47019989.956625,"upper_bound":47321746.6035},"point_estimate":47171875.84,"standard_error":76684.99060269394},"median":{"confidence_interval":{"confidence_level":0.95,"lower_bound":47072610.0,"upper_bound":47401830.0},"point_estimate":47229614.75,"standard_error":85748.92090398574},"median_abs_dev":{"confidence_interval":{"confidence_level":0.95,"lower_bound":494232.114225626,"upper_bound":973733.8564127684},"point_estimate":661676.5846028924,"standard_error":125915.44403315119},"slope":null,"std_dev":{"confidence_interval":{"confidence_level":0.95,"lower_bound":667080.9869670585,"upper_bound":857887.6841389311},"point_estimate":768664.7660540245,"standard_error":48654.12057407836}}