{"mean":{"confidence_interval":{"confidence_level":0.95,"lower_bound":5456644035.318251,"upper_bound":5583707820.099},"point_estimate":5519859890.09,"standard_error":32391304.80643489},"median":{"confidence_interval":{"confidence_level":0.95,"lower_bound":5468705270.0,"upper_bound":5628626185.0},"point_estimate":5560060488.0,"standard_error":40248354.07235814},"median_abs_dev":{"confidence_interval":{"confidence_level":0.95,"lower_bound":217282557.0091635,"upper_bound":358779126.7763972},"point_estimate":287979167.72394776,"standard_error":36711147.15011265},"slope":null,"std_dev":{"confidence_interval":{"confidence_level":0.95,"lower_bound":270679221.97697,"upper_bound":378374240.862666},"point_estimate":325713062.3231529,"standard_error":27694264.401410133}}