{"mean":{"confidence_interval":{"confidence_level":0.95,"lower_bound":32490496.365374997,"upper_bound":33363009.523125},"point_estimate":32920117.85,"standard_error":223753.00607427716},"median":{"confidence_interval":{"confidence_level":0.95,"lower_bound":32123805.0,"upper_bound":32889838.75},"point_estimate":32444679.0,"standard_error":184452.4871990635},"median_abs_dev":{"confidence_interval":{"confidence_level":0.95,"lower_bound":1316155.5169835687,"upper_bound":2689278.826005757},"point_estimate":1883616.9504091144,"standard_error":339365.89283149806},"slope":null,"std_dev":{"confidence_interval":{"confidence_level":0.95,"lower_bound":1922832.5797444298,"upper_bound":2557294.948743447},"point_estimate":2249690.9182335683,"standard_error":162157.49839076647}}