{"mean":{"confidence_interval":{"confidence_level":0.95,"lower_bound":12168498.529050002,"upper_bound":12333885.652000004},"point_estimate":12245275.72200001,"standard_error":42094.16545210149},"median":{"confidence_interval":{"confidence_level":0.95,"lower_bound":12062639.2,"upper_bound":12302962.0},"point_estimate":12198781.6,"standard_error":58311.7625971827},"median_abs_dev":{"confidence_interval":{"confidence_level":0.95,"lower_bound":243588.5069954398,"upper_bound":419425.3086537123},"point_estimate":318490.6437456608,"standard_error":44123.51514547408},"slope":null,"std_dev":{"confidence_interval":{"confidence_level":0.95,"lower_bound":279106.64180028794,"upper_bound":595196.1952391568},"point_estimate":425425.1908181129,"standard_error":92249.629369869}}