{"mean":{"confidence_interval":{"confidence_level":0.95,"lower_bound":1187568942.9155002,"upper_bound":1288940204.6505},"point_estimate":1238419185.47,"standard_error":25870503.726878885},"median":{"confidence_interval":{"confidence_level":0.95,"lower_bound":1211749331.0,"upper_bound":1329726534.0},"point_estimate":1265877541.5,"standard_error":29315255.000995975},"median_abs_dev":{"confidence_interval":{"confidence_level":0.95,"lower_bound":181582294.64946985,"upper_bound":319355545.5348204},"point_estimate":248676058.44201744,"standard_error":33313620.5083084},"slope":null,"std_dev":{"confidence_interval":{"confidence_level":0.95,"lower_bound":226238895.2839766,"upper_bound":288233059.42124295},"point_estimate":259156820.91893917,"standard_error":15813210.049947822}}