{"mean":{"confidence_interval":{"confidence_level":0.95,"lower_bound":134903869.77350003,"upper_bound":138975900.8985},"point_estimate":136885724.89,"standard_error":1042059.189371416},"median":{"confidence_interval":{"confidence_level":0.95,"lower_bound":134521342.5,"upper_bound":137491457.0},"point_estimate":135701772.0,"standard_error":703787.3985837164},"median_abs_dev":{"confidence_interval":{"confidence_level":0.95,"lower_bound":5853086.364704448,"upper_bound":10751538.559819533},"point_estimate":7342603.056442738,"standard_error":1263581.6788868092},"slope":null,"std_dev":{"confidence_interval":{"confidence_level":0.95,"lower_bound":8398322.755475268,"upper_bound":12367916.406768557},"point_estimate":10445303.374655273,"standard_error":1015313.5790099447}}