{"mean":{"confidence_interval":{"confidence_level":0.95,"lower_bound":42724376.389875,"upper_bound":44556066.59},"point_estimate":43617189.28,"standard_error":467638.2760057357},"median":{"confidence_interval":{"confidence_level":0.95,"lower_bound":41086033.25,"upper_bound":44019986.0},"point_estimate":41812140.0,"standard_error":905934.1730748886},"median_abs_dev":{"confidence_interval":{"confidence_level":0.95,"lower_bound":2848427.778880298,"upper_bound":5369736.5528181195},"point_estimate":3561970.1583623886,"standard_error":705539.2042061457},"slope":null,"std_dev":{"confidence_interval":{"confidence_level":0.95,"lower_bound":3907516.3842081297,"upper_bound":5410484.513531954},"point_estimate":4699938.467403864,"standard_error":383928.33757680614}}