{"mean":{"confidence_interval":{"confidence_level":0.95,"lower_bound":71036669.77825,"upper_bound":73653128.412},"point_estimate":72335824.54,"standard_error":668812.802491433},"median":{"confidence_interval":{"confidence_level":0.95,"lower_bound":71554523.5,"upper_bound":74127834.0},"point_estimate":72909735.0,"standard_error":632005.3392733721},"median_abs_dev":{"confidence_interval":{"confidence_level":0.95,"lower_bound":4814847.7154293675,"upper_bound":8172112.552615999},"point_estimate":6010470.671492815,"standard_error":884105.6444295248},"slope":null,"std_dev":{"confidence_interval":{"confidence_level":0.95,"lower_bound":5591985.252496657,"upper_bound":7890563.506568819},"point_estimate":6751863.285938214,"standard_error":591937.3017773948}}