{"mean":{"confidence_interval":{"confidence_level":0.95,"lower_bound":43276321.447000004,"upper_bound":43878986.331875},"point_estimate":43535204.21,"standard_error":154900.44049802792},"median":{"confidence_interval":{"confidence_level":0.95,"lower_bound":43250521.5,"upper_bound":43632452.5},"point_estimate":43408021.5,"standard_error":96925.07910370384},"median_abs_dev":{"confidence_interval":{"confidence_level":0.95,"lower_bound":626572.694376111,"upper_bound":1003686.9070772453},"point_estimate":795226.9663318992,"standard_error":100099.38759880073},"slope":null,"std_dev":{"confidence_interval":{"confidence_level":0.95,"lower_bound":731320.1923382074,"upper_bound":2402444.0250753094},"point_estimate":1556259.861489812,"standard_error":504821.20192745223}}