{"mean":{"confidence_interval":{"confidence_level":0.95,"lower_bound":36081378.704124995,"upper_bound":36600375.42},"point_estimate":36308916.81,"standard_error":133411.97360563616},"median":{"confidence_interval":{"confidence_level":0.95,"lower_bound":35972780.5,"upper_bound":36219468.5},"point_estimate":36079470.75,"standard_error":72398.30640144993},"median_abs_dev":{"confidence_interval":{"confidence_level":0.95,"lower_bound":503271.52626514435,"upper_bound":933208.4687322378},"point_estimate":708288.415825367,"standard_error":108751.60717647437},"slope":null,"std_dev":{"confidence_interval":{"confidence_level":0.95,"lower_bound":720927.1795628613,"upper_bound":2007358.2337402473},"point_estimate":1337815.823319014,"standard_error":395359.2845717685}}