{"mean":{"confidence_interval":{"confidence_level":0.95,"lower_bound":126960208.94675,"upper_bound":127808170.47175},"point_estimate":127381020.92,"standard_error":216050.4322059755},"median":{"confidence_interval":{"confidence_level":0.95,"lower_bound":126588723.0,"upper_bound":127357895.0},"point_estimate":127093680.0,"standard_error":201405.68911777367},"median_abs_dev":{"confidence_interval":{"confidence_level":0.95,"lower_bound":1473315.9326434135,"upper_bound":2914050.9895652533},"point_estimate":2166672.3428338766,"standard_error":352052.47316982696},"slope":null,"std_dev":{"confidence_interval":{"confidence_level":0.95,"lower_bound":1906677.7973942233,"upper_bound":2406164.3734512534},"point_estimate":2175948.338332153,"standard_error":127543.22421878605}}