{"mean":{"confidence_interval":{"confidence_level":0.95,"lower_bound":57036134.436749995,"upper_bound":58140425.92675},"point_estimate":57590560.88,"standard_error":281268.1507705335},"median":{"confidence_interval":{"confidence_level":0.95,"lower_bound":56987884.5,"upper_bound":58524606.5},"point_estimate":57630024.0,"standard_error":441210.59531833197},"median_abs_dev":{"confidence_interval":{"confidence_level":0.95,"lower_bound":1896331.3571333885,"upper_bound":3065013.0995151377},"point_estimate":2336177.9978245497,"standard_error":301462.1258518415},"slope":null,"std_dev":{"confidence_interval":{"confidence_level":0.95,"lower_bound":2328130.3671412966,"upper_bound":3296988.2196693853},"point_estimate":2824931.1699598404,"standard_error":247779.16833540882}}