{"mean":{"confidence_interval":{"confidence_level":0.95,"lower_bound":181985498.28,"upper_bound":188283354.432},"point_estimate":185136432.57,"standard_error":1611197.4858423616},"median":{"confidence_interval":{"confidence_level":0.95,"lower_bound":177550351.0,"upper_bound":188574882.0},"point_estimate":180783875.5,"standard_error":2814384.994798398},"median_abs_dev":{"confidence_interval":{"confidence_level":0.95,"lower_bound":13578417.063134909,"upper_bound":23557872.116341654},"point_estimate":17790257.491859794,"standard_error":2559500.1318911836},"slope":null,"std_dev":{"confidence_interval":{"confidence_level":0.95,"lower_bound":14562255.377717901,"upper_bound":17511594.559958097},"point_estimate":16165737.725187376,"standard_error":752843.5582989414}}