{"mean":{"confidence_interval":{"confidence_level":0.95,"lower_bound":11899281.992350003,"upper_bound":12014824.173749996},"point_estimate":11957642.784000004,"standard_error":29458.06058698275},"median":{"confidence_interval":{"confidence_level":0.95,"lower_bound":11961035.2,"upper_bound":12076957.8},"point_estimate":12041732.7,"standard_error":29171.379080909293},"median_abs_dev":{"confidence_interval":{"confidence_level":0.95,"lower_bound":101111.83560490608,"upper_bound":279925.8462703233},"point_estimate":186753.48178446293,"standard_error":44567.50430875696},"slope":null,"std_dev":{"confidence_interval":{"confidence_level":0.95,"lower_bound":250978.80344413672,"upper_bound":338251.40499578125},"point_estimate":297031.4022703109,"standard_error":22382.774753013615}}