{"mean":{"confidence_interval":{"confidence_level":0.95,"lower_bound":73893820.77925,"upper_bound":75200763.4615},"point_estimate":74542989.26,"standard_error":333474.88078791235},"median":{"confidence_interval":{"confidence_level":0.95,"lower_bound":73648647.0,"upper_bound":75262914.5},"point_estimate":74545143.5,"standard_error":411712.58706225705},"median_abs_dev":{"confidence_interval":{"confidence_level":0.95,"lower_bound":2181199.5986759663,"upper_bound":3468123.0626285076},"point_estimate":2870009.616047144,"standard_error":330744.82570241234},"slope":null,"std_dev":{"confidence_interval":{"confidence_level":0.95,"lower_bound":2799729.8643914387,"upper_bound":3840365.7287808154},"point_estimate":3345205.6344594494,"standard_error":266213.3528469277}}