{"mean":{"confidence_interval":{"confidence_level":0.95,"lower_bound":44267825.389375,"upper_bound":46141433.05325},"point_estimate":45193813.205,"standard_error":479013.62359487737},"median":{"confidence_interval":{"confidence_level":0.95,"lower_bound":43586062.75,"upper_bound":45442799.5},"point_estimate":44716044.25,"standard_error":518425.91440859286},"median_abs_dev":{"confidence_interval":{"confidence_level":0.95,"lower_bound":3119899.988360703,"upper_bound":6156874.824343622},"point_estimate":4216757.47153759,"standard_error":763973.2801355431},"slope":null,"std_dev":{"confidence_interval":{"confidence_level":0.95,"lower_bound":4128648.5077179694,"upper_bound":5428974.191435469},"point_estimate":4813865.931523769,"standard_error":331423.1727004163}}