{"mean":{"confidence_interval":{"confidence_level":0.95,"lower_bound":86267488.7795,"upper_bound":87883751.48},"point_estimate":87096691.62,"standard_error":411310.40229909285},"median":{"confidence_interval":{"confidence_level":0.95,"lower_bound":86823164.5,"upper_bound":87831767.0},"point_estimate":87253572.0,"standard_error":234667.3414297817},"median_abs_dev":{"confidence_interval":{"confidence_level":0.95,"lower_bound":1812764.6096169949,"upper_bound":3216233.0336004496},"point_estimate":2563926.1101812124,"standard_error":344769.7311219426},"slope":null,"std_dev":{"confidence_interval":{"confidence_level":0.95,"lower_bound":3197365.611229208,"upper_bound":4991878.699462562},"point_estimate":4132055.4760864987,"standard_error":458801.27172745764}}