{"mean":{"confidence_interval":{"confidence_level":0.95,"lower_bound":56839315.0235,"upper_bound":57944557.8535},"point_estimate":57384662.61,"standard_error":282683.72073639295},"median":{"confidence_interval":{"confidence_level":0.95,"lower_bound":56977016.0,"upper_bound":58034990.0},"point_estimate":57272570.0,"standard_error":282555.679169677},"median_abs_dev":{"confidence_interval":{"confidence_level":0.95,"lower_bound":1891936.1895114183,"upper_bound":3173202.051964402},"point_estimate":2600326.1634349823,"standard_error":331310.6675745706},"slope":null,"std_dev":{"confidence_interval":{"confidence_level":0.95,"lower_bound":2412565.7790223537,"upper_bound":3215022.7045611055},"point_estimate":2834321.785479446,"standard_error":205519.88418597585}}