{"mean":{"confidence_interval":{"confidence_level":0.95,"lower_bound":1290813831.8562498,"upper_bound":1358054291.15},"point_estimate":1324092570.79,"standard_error":17191946.727722555},"median":{"confidence_interval":{"confidence_level":0.95,"lower_bound":1264109820.0,"upper_bound":1358370119.0},"point_estimate":1326334038.0,"standard_error":22070566.621433396},"median_abs_dev":{"confidence_interval":{"confidence_level":0.95,"lower_bound":129935794.83887851,"upper_bound":230273251.42763257},"point_estimate":180071522.31109142,"standard_error":26362821.078549866},"slope":null,"std_dev":{"confidence_interval":{"confidence_level":0.95,"lower_bound":148251372.63534936,"upper_bound":193517669.4914472},"point_estimate":172202973.0758746,"standard_error":11545842.080780111}}