{"mean":{"confidence_interval":{"confidence_level":0.95,"lower_bound":184082103.24425,"upper_bound":189994285.602},"point_estimate":186996464.53,"standard_error":1509769.3305571114},"median":{"confidence_interval":{"confidence_level":0.95,"lower_bound":177935139.5,"upper_bound":187699141.0},"point_estimate":182034457.5,"standard_error":2419050.4952835804},"median_abs_dev":{"confidence_interval":{"confidence_level":0.95,"lower_bound":8903230.784136057,"upper_bound":20916858.46145153},"point_estimate":15299217.478984594,"standard_error":3040224.8483078093},"slope":null,"std_dev":{"confidence_interval":{"confidence_level":0.95,"lower_bound":13644740.783458427,"upper_bound":16355745.703364788},"point_estimate":15133830.401669737,"standard_error":692083.553115272}}