{"mean":{"confidence_interval":{"confidence_level":0.95,"lower_bound":128447559.1315,"upper_bound":131492442.99024999},"point_estimate":129956686.65,"standard_error":777885.6667265903},"median":{"confidence_interval":{"confidence_level":0.95,"lower_bound":128122489.0,"upper_bound":131025019.0},"point_estimate":129159940.0,"standard_error":774217.6282725845},"median_abs_dev":{"confidence_interval":{"confidence_level":0.95,"lower_bound":5752537.157257051,"upper_bound":9813829.770062193},"point_estimate":7765674.0784317255,"standard_error":979495.358124163},"slope":null,"std_dev":{"confidence_interval":{"confidence_level":0.95,"lower_bound":6705658.503830713,"upper_bound":8847935.328479413},"point_estimate":7827943.348159185,"standard_error":546804.1729900485}}