{"mean":{"confidence_interval":{"confidence_level":0.95,"lower_bound":22833255496.401,"upper_bound":22905900583.718998},"point_estimate":22869236702.5,"standard_error":18573855.487878636},"median":{"confidence_interval":{"confidence_level":0.95,"lower_bound":22786043811.0,"upper_bound":22873421638.0},"point_estimate":22828525634.0,"standard_error":23708498.675449878},"median_abs_dev":{"confidence_interval":{"confidence_level":0.95,"lower_bound":121297924.24583137,"upper_bound":234967033.95810127},"point_estimate":174015509.13360715,"standard_error":30861253.70817059},"slope":null,"std_dev":{"confidence_interval":{"confidence_level":0.95,"lower_bound":161320628.787424,"upper_bound":209359248.93329215},"point_estimate":186596860.45886937,"standard_error":12242422.573294401}}