{"mean":{"confidence_interval":{"confidence_level":0.95,"lower_bound":14778383.73,"upper_bound":15239383.599937497},"point_estimate":15007909.5,"standard_error":116120.71388485587},"median":{"confidence_interval":{"confidence_level":0.95,"lower_bound":14491582.625,"upper_bound":15081814.5},"point_estimate":14874751.125,"standard_error":152527.9153500229},"median_abs_dev":{"confidence_interval":{"confidence_level":0.95,"lower_bound":862780.5221825838,"upper_bound":1420130.6237876415},"point_estimate":1173030.875274539,"standard_error":132113.5255181705},"slope":null,"std_dev":{"confidence_interval":{"confidence_level":0.95,"lower_bound":1004647.6111991882,"upper_bound":1316091.7529978927},"point_estimate":1170738.4534251115,"standard_error":80130.07200224971}}