{"mean":{"confidence_interval":{"confidence_level":0.95,"lower_bound":39500444.131125,"upper_bound":39865900.164875},"point_estimate":39684554.17,"standard_error":93138.2144091728},"median":{"confidence_interval":{"confidence_level":0.95,"lower_bound":39503644.0,"upper_bound":39939261.5},"point_estimate":39795720.0,"standard_error":103695.93142221833},"median_abs_dev":{"confidence_interval":{"confidence_level":0.95,"lower_bound":701384.6890479326,"upper_bound":1113523.7601310015},"point_estimate":913475.0630825758,"standard_error":108037.19431708124},"slope":null,"std_dev":{"confidence_interval":{"confidence_level":0.95,"lower_bound":784416.1389182608,"upper_bound":1094343.4764988038},"point_estimate":940900.5114470682,"standard_error":79405.00686858798}}