{"mean":{"confidence_interval":{"confidence_level":0.95,"lower_bound":40024522.217374995,"upper_bound":40384061.776375},"point_estimate":40202436.055,"standard_error":91634.76270922247},"median":{"confidence_interval":{"confidence_level":0.95,"lower_bound":39896448.75,"upper_bound":40333839.25},"point_estimate":40068393.5,"standard_error":111898.24786048972},"median_abs_dev":{"confidence_interval":{"confidence_level":0.95,"lower_bound":662668.07333529,"upper_bound":1157517.690449953},"point_estimate":843907.3951676488,"standard_error":133628.85004770357},"slope":null,"std_dev":{"confidence_interval":{"confidence_level":0.95,"lower_bound":785231.8348185943,"upper_bound":1039223.7437984714},"point_estimate":919947.4026601528,"standard_error":64908.6856255932}}