{"mean":{"confidence_interval":{"confidence_level":0.95,"lower_bound":117325121.35149999,"upper_bound":120301226.67375},"point_estimate":118821542.23,"standard_error":761213.1416289753},"median":{"confidence_interval":{"confidence_level":0.95,"lower_bound":116123625.0,"upper_bound":120099150.5},"point_estimate":118407318.0,"standard_error":887052.7013599677},"median_abs_dev":{"confidence_interval":{"confidence_level":0.95,"lower_bound":6129911.482857318,"upper_bound":10137304.748126864},"point_estimate":8351633.911728859,"standard_error":1000948.9752266885},"slope":null,"std_dev":{"confidence_interval":{"confidence_level":0.95,"lower_bound":6707191.065791228,"upper_bound":8470040.480878778},"point_estimate":7644422.793904352,"standard_error":449552.0495681955}}