{"mean":{"confidence_interval":{"confidence_level":0.95,"lower_bound":87812177.57450001,"upper_bound":90228144.9495},"point_estimate":89027367.73,"standard_error":616152.4657197245},"median":{"confidence_interval":{"confidence_level":0.95,"lower_bound":88171105.5,"upper_bound":90548549.0},"point_estimate":89449237.5,"standard_error":569125.2984185283},"median_abs_dev":{"confidence_interval":{"confidence_level":0.95,"lower_bound":4481421.952588857,"upper_bound":7239873.704266548},"point_estimate":5682900.585508347,"standard_error":716361.9298494603},"slope":null,"std_dev":{"confidence_interval":{"confidence_level":0.95,"lower_bound":5267137.821240163,"upper_bound":6987864.064288283},"point_estimate":6172714.910843228,"standard_error":439540.8306849713}}