{"mean":{"confidence_interval":{"confidence_level":0.95,"lower_bound":49061774.59675,"upper_bound":51242563.355},"point_estimate":50153101.37,"standard_error":556167.3929731742},"median":{"confidence_interval":{"confidence_level":0.95,"lower_bound":49115648.0,"upper_bound":52342199.0},"point_estimate":50487926.5,"standard_error":860409.0522804115},"median_abs_dev":{"confidence_interval":{"confidence_level":0.95,"lower_bound":4264534.996989369,"upper_bound":7336617.800348997},"point_estimate":5486510.203894973,"standard_error":789756.5329058565},"slope":null,"std_dev":{"confidence_interval":{"confidence_level":0.95,"lower_bound":4872530.538044869,"upper_bound":6249056.234801272},"point_estimate":5588565.418290055,"standard_error":351573.89089098555}}