{"mean":{"confidence_interval":{"confidence_level":0.95,"lower_bound":34634235.680750005,"upper_bound":35200353.610625},"point_estimate":34883689.49,"standard_error":145413.6390921411},"median":{"confidence_interval":{"confidence_level":0.95,"lower_bound":34474787.5,"upper_bound":35068213.25},"point_estimate":34745721.0,"standard_error":124963.1409828693},"median_abs_dev":{"confidence_interval":{"confidence_level":0.95,"lower_bound":873385.9304443002,"upper_bound":1266351.2773677707},"point_estimate":1144301.4236345887,"standard_error":100088.67718098858},"slope":null,"std_dev":{"confidence_interval":{"confidence_level":0.95,"lower_bound":808066.054945351,"upper_bound":2187336.9412960913},"point_estimate":1455493.9613792421,"standard_error":435811.55049185216}}