{"mean":{"confidence_interval":{"confidence_level":0.95,"lower_bound":102629720.86,"upper_bound":104997181.11},"point_estimate":103824398.55,"standard_error":607355.3025090822},"median":{"confidence_interval":{"confidence_level":0.95,"lower_bound":102336007.0,"upper_bound":105069110.0},"point_estimate":103794834.5,"standard_error":746225.6289956328},"median_abs_dev":{"confidence_interval":{"confidence_level":0.95,"lower_bound":4215498.744159937,"upper_bound":7326653.245925903},"point_estimate":5302584.781560302,"standard_error":779041.4882960344},"slope":null,"std_dev":{"confidence_interval":{"confidence_level":0.95,"lower_bound":5169965.29458567,"upper_bound":6937877.896957025},"point_estimate":6095423.631831774,"standard_error":451282.4404997162}}