{"mean":{"confidence_interval":{"confidence_level":0.95,"lower_bound":181735401.11,"upper_bound":186793576.3},"point_estimate":184249185.8,"standard_error":1290864.014623829},"median":{"confidence_interval":{"confidence_level":0.95,"lower_bound":178758936.0,"upper_bound":187250428.0},"point_estimate":184151180.0,"standard_error":2529249.5992849125},"median_abs_dev":{"confidence_interval":{"confidence_level":0.95,"lower_bound":12135185.029869901,"upper_bound":19205816.1850436},"point_estimate":15934966.725897789,"standard_error":1821175.7522013457},"slope":null,"std_dev":{"confidence_interval":{"confidence_level":0.95,"lower_bound":11619778.197554994,"upper_bound":14001588.695103753},"point_estimate":12899133.166452542,"standard_error":609079.1156580165}}