{"mean":{"confidence_interval":{"confidence_level":0.95,"lower_bound":216091933.04450002,"upper_bound":222644171.77675},"point_estimate":219385310.6,"standard_error":1673156.2159387707},"median":{"confidence_interval":{"confidence_level":0.95,"lower_bound":215183461.0,"upper_bound":224244834.0},"point_estimate":220144489.5,"standard_error":2246916.7680439274},"median_abs_dev":{"confidence_interval":{"confidence_level":0.95,"lower_bound":14136598.162025213,"upper_bound":21148992.104530334},"point_estimate":18164168.463921547,"standard_error":1795723.797380127},"slope":null,"std_dev":{"confidence_interval":{"confidence_level":0.95,"lower_bound":14601870.793437632,"upper_bound":18969193.349893052},"point_estimate":16892297.896514174,"standard_error":1106331.8529537248}}