{"mean":{"confidence_interval":{"confidence_level":0.95,"lower_bound":278452035.18475,"upper_bound":280400260.2155},"point_estimate":279420172.95,"standard_error":497354.2659450809},"median":{"confidence_interval":{"confidence_level":0.95,"lower_bound":278372106.0,"upper_bound":280836528.0},"point_estimate":279278561.5,"standard_error":586879.257187917},"median_abs_dev":{"confidence_interval":{"confidence_level":0.95,"lower_bound":3768705.3812921047,"upper_bound":6088409.469509125},"point_estimate":5228846.93056941,"standard_error":569131.2203635796},"slope":null,"std_dev":{"confidence_interval":{"confidence_level":0.95,"lower_bound":4110700.825480141,"upper_bound":5913811.837044363},"point_estimate":5001900.902685462,"standard_error":462400.99473395303}}