{"mean":{"confidence_interval":{"confidence_level":0.95,"lower_bound":53201645.861999996,"upper_bound":54066240.7115},"point_estimate":53627694.21,"standard_error":220302.28919649776},"median":{"confidence_interval":{"confidence_level":0.95,"lower_bound":53056800.0,"upper_bound":53804787.0},"point_estimate":53382721.0,"standard_error":196617.56834964085},"median_abs_dev":{"confidence_interval":{"confidence_level":0.95,"lower_bound":1290328.9775595816,"upper_bound":2435140.8047676086},"point_estimate":1736497.4430710077,"standard_error":288772.6293500825},"slope":null,"std_dev":{"confidence_interval":{"confidence_level":0.95,"lower_bound":1738314.0678595994,"upper_bound":2747648.810282054},"point_estimate":2217307.6415536907,"standard_error":264638.0267977186}}