{"mean":{"confidence_interval":{"confidence_level":0.95,"lower_bound":8799997.570416667,"upper_bound":8880233.839583332},"point_estimate":8828282.893333334,"standard_error":24347.53008477301},"median":{"confidence_interval":{"confidence_level":0.95,"lower_bound":8794957.333333334,"upper_bound":8808475.083333332},"point_estimate":8801417.666666668,"standard_error":3690.6371718618993},"median_abs_dev":{"confidence_interval":{"confidence_level":0.95,"lower_bound":20353.626638650432,"upper_bound":34836.15738153365},"point_estimate":28414.152045550265,"standard_error":3862.3337338469114},"slope":null,"std_dev":{"confidence_interval":{"confidence_level":0.95,"lower_bound":24125.231883462428,"upper_bound":417669.35063099343},"point_estimate":244286.62515899775,"standard_error":141190.81439783462}}