{"mean":{"confidence_interval":{"confidence_level":0.95,"lower_bound":57069570.543,"upper_bound":59846501.44675},"point_estimate":58431294.11,"standard_error":708766.9391868023},"median":{"confidence_interval":{"confidence_level":0.95,"lower_bound":55706815.0,"upper_bound":58703844.5},"point_estimate":56724322.0,"standard_error":878612.3917528671},"median_abs_dev":{"confidence_interval":{"confidence_level":0.95,"lower_bound":4536970.896452665,"upper_bound":7759077.842888832},"point_estimate":6292524.938285351,"standard_error":813136.9039306176},"slope":null,"std_dev":{"confidence_interval":{"confidence_level":0.95,"lower_bound":5978402.722572679,"upper_bound":8136021.972850662},"point_estimate":7120589.933943598,"standard_error":551519.0729543028}}