{"mean":{"confidence_interval":{"confidence_level":0.95,"lower_bound":49110610.57,"upper_bound":49719003.544999994},"point_estimate":49408805.81,"standard_error":155367.9797124383},"median":{"confidence_interval":{"confidence_level":0.95,"lower_bound":49107171.25,"upper_bound":49666119.5},"point_estimate":49379679.75,"standard_error":160952.76850580613},"median_abs_dev":{"confidence_interval":{"confidence_level":0.95,"lower_bound":1044961.665648222,"upper_bound":1715105.0080507994},"point_estimate":1356636.4266648889,"standard_error":166300.86437260857},"slope":null,"std_dev":{"confidence_interval":{"confidence_level":0.95,"lower_bound":1236778.330194175,"upper_bound":1882278.0644768456},"point_estimate":1559734.1478228753,"standard_error":165711.45185285187}}