{"mean":{"confidence_interval":{"confidence_level":0.95,"lower_bound":8568901601.462,"upper_bound":8595052512.807},"point_estimate":8581958984.04,"standard_error":6668992.784402537},"median":{"confidence_interval":{"confidence_level":0.95,"lower_bound":8560292234.0,"upper_bound":8596109255.0},"point_estimate":8588359542.0,"standard_error":10356129.006665848},"median_abs_dev":{"confidence_interval":{"confidence_level":0.95,"lower_bound":53911834.733873606,"upper_bound":86212494.61262226},"point_estimate":75465042.89522767,"standard_error":8134838.382412062},"slope":null,"std_dev":{"confidence_interval":{"confidence_level":0.95,"lower_bound":58139455.14831659,"upper_bound":74894876.38274968},"point_estimate":66906002.665029,"standard_error":4270815.083425793}}