{"mean":{"confidence_interval":{"confidence_level":0.95,"lower_bound":13291457.669312501,"upper_bound":13491654.6975625},"point_estimate":13390212.7475,"standard_error":50901.63742008655},"median":{"confidence_interval":{"confidence_level":0.95,"lower_bound":13147634.5,"upper_bound":13520112.0},"point_estimate":13310615.125,"standard_error":90458.38304929706},"median_abs_dev":{"confidence_interval":{"confidence_level":0.95,"lower_bound":350807.2460219264,"upper_bound":594247.381825},"point_estimate":435197.76314869523,"standard_error":62138.092769740455},"slope":null,"std_dev":{"confidence_interval":{"confidence_level":0.95,"lower_bound":435845.659903424,"upper_bound":578842.8501040958},"point_estimate":511321.23997815314,"standard_error":36623.36646687371}}