{"mean":{"confidence_interval":{"confidence_level":0.95,"lower_bound":3865387454.98175,"upper_bound":4048966421.5065},"point_estimate":3956141128.02,"standard_error":46689390.843880825},"median":{"confidence_interval":{"confidence_level":0.95,"lower_bound":3870380758.0,"upper_bound":4012671549.0},"point_estimate":3957023549.5,"standard_error":37941108.49819567},"median_abs_dev":{"confidence_interval":{"confidence_level":0.95,"lower_bound":297445902.14087963,"upper_bound":589883356.956777},"point_estimate":460596881.60237074,"standard_error":74005557.07354328},"slope":null,"std_dev":{"confidence_interval":{"confidence_level":0.95,"lower_bound":402625201.92087066,"upper_bound":528193777.33990073},"point_estimate":470005233.37807184,"standard_error":32019816.27041112}}