{"mean":{"confidence_interval":{"confidence_level":0.95,"lower_bound":181346457.06225002,"upper_bound":186533223.67725},"point_estimate":183911662.99,"standard_error":1324965.129953087},"median":{"confidence_interval":{"confidence_level":0.95,"lower_bound":179741973.0,"upper_bound":186505908.0},"point_estimate":182757528.0,"standard_error":1750453.4182744145},"median_abs_dev":{"confidence_interval":{"confidence_level":0.95,"lower_bound":11175542.822894454,"upper_bound":17066930.323201418},"point_estimate":14073508.344045281,"standard_error":1497134.161275454},"slope":null,"std_dev":{"confidence_interval":{"confidence_level":0.95,"lower_bound":11347507.58820968,"upper_bound":15273260.400852341},"point_estimate":13292001.789377645,"standard_error":1010001.9252385807}}