{"mean":{"confidence_interval":{"confidence_level":0.95,"lower_bound":87604357.85,"upper_bound":88770077.23825},"point_estimate":88173500.55,"standard_error":297071.6408428173},"median":{"confidence_interval":{"confidence_level":0.95,"lower_bound":87421254.0,"upper_bound":88480350.5},"point_estimate":87984675.0,"standard_error":269349.76634212135},"median_abs_dev":{"confidence_interval":{"confidence_level":0.95,"lower_bound":1773312.6243174076,"upper_bound":2912343.2382530686},"point_estimate":2391812.5618368387,"standard_error":287400.7593222723},"slope":null,"std_dev":{"confidence_interval":{"confidence_level":0.95,"lower_bound":2239709.98734098,"upper_bound":3692714.6135940263},"point_estimate":2996579.50402347,"standard_error":372122.6368312172}}