{"mean":{"confidence_interval":{"confidence_level":0.95,"lower_bound":134652908.87,"upper_bound":138497971.553},"point_estimate":136555375.55,"standard_error":979838.9910670206},"median":{"confidence_interval":{"confidence_level":0.95,"lower_bound":132780122.0,"upper_bound":138412018.0},"point_estimate":136424160.5,"standard_error":1474035.58921516},"median_abs_dev":{"confidence_interval":{"confidence_level":0.95,"lower_bound":6979537.303188443,"upper_bound":10668246.77900076},"point_estimate":8676411.520662904,"standard_error":930043.5234404257},"slope":null,"std_dev":{"confidence_interval":{"confidence_level":0.95,"lower_bound":8378594.938187775,"upper_bound":11074101.949942231},"point_estimate":9831624.576798452,"standard_error":686422.8788666064}}