{"mean":{"confidence_interval":{"confidence_level":0.95,"lower_bound":75164593.6345,"upper_bound":77487677.95925},"point_estimate":76326467.55,"standard_error":594319.8949234445},"median":{"confidence_interval":{"confidence_level":0.95,"lower_bound":74816754.0,"upper_bound":77850243.0},"point_estimate":76040338.0,"standard_error":692411.9700967519},"median_abs_dev":{"confidence_interval":{"confidence_level":0.95,"lower_bound":4751618.347726911,"upper_bound":7888735.065346956},"point_estimate":6496809.423458576,"standard_error":851829.4150025527},"slope":null,"std_dev":{"confidence_interval":{"confidence_level":0.95,"lower_bound":5128886.654606999,"upper_bound":6786570.1010847045},"point_estimate":5984331.226832509,"standard_error":421511.774567349}}