{"mean":{"confidence_interval":{"confidence_level":0.95,"lower_bound":100703612.63149999,"upper_bound":101796567.902},"point_estimate":101238953.53,"standard_error":279520.8498386285},"median":{"confidence_interval":{"confidence_level":0.95,"lower_bound":100486905.0,"upper_bound":101448554.0},"point_estimate":100989303.0,"standard_error":254310.51705791685},"median_abs_dev":{"confidence_interval":{"confidence_level":0.95,"lower_bound":1431829.0788799524,"upper_bound":2838221.1900115013},"point_estimate":1847922.985392809,"standard_error":354686.26768402493},"slope":null,"std_dev":{"confidence_interval":{"confidence_level":0.95,"lower_bound":2268916.2905778745,"upper_bound":3315861.6167381257},"point_estimate":2807654.4604502544,"standard_error":267494.794533708}}