{"mean":{"confidence_interval":{"confidence_level":0.95,"lower_bound":16857384.24666667,"upper_bound":17150068.063333336},"point_estimate":17004813.603333328,"standard_error":75017.03253408718},"median":{"confidence_interval":{"confidence_level":0.95,"lower_bound":16891809.666666668,"upper_bound":17255209.333333336},"point_estimate":17114976.333333336,"standard_error":90877.9628307673},"median_abs_dev":{"confidence_interval":{"confidence_level":0.95,"lower_bound":588742.0556977409,"upper_bound":942410.2254688754},"point_estimate":807245.045268531,"standard_error":91544.16242003113},"slope":null,"std_dev":{"confidence_interval":{"confidence_level":0.95,"lower_bound":645885.5956272809,"upper_bound":844548.9671407872},"point_estimate":750933.4437513098,"standard_error":50748.29371763936}}