{"mean":{"confidence_interval":{"confidence_level":0.95,"lower_bound":912483778.0265,"upper_bound":986731227.464},"point_estimate":949277046.22,"standard_error":18984148.341170173},"median":{"confidence_interval":{"confidence_level":0.95,"lower_bound":894610337.0,"upper_bound":985161997.0},"point_estimate":944101750.0,"standard_error":27037329.48887603},"median_abs_dev":{"confidence_interval":{"confidence_level":0.95,"lower_bound":160202847.53861597,"upper_bound":251933875.29141948},"point_estimate":227186215.12093842,"standard_error":24110659.119740207},"slope":null,"std_dev":{"confidence_interval":{"confidence_level":0.95,"lower_bound":163269479.6639632,"upper_bound":215764860.69751245},"point_estimate":190236850.10741177,"standard_error":13384442.639623987}}