{"mean":{"confidence_interval":{"confidence_level":0.95,"lower_bound":41130923.395,"upper_bound":42037294.872999996},"point_estimate":41573830.775,"standard_error":231149.67056586585},"median":{"confidence_interval":{"confidence_level":0.95,"lower_bound":40915808.75,"upper_bound":41884924.5},"point_estimate":41349687.75,"standard_error":269500.46516406257},"median_abs_dev":{"confidence_interval":{"confidence_level":0.95,"lower_bound":1608890.9992277294,"upper_bound":2857361.1201579445},"point_estimate":2273113.013394177,"standard_error":313183.5362186037},"slope":null,"std_dev":{"confidence_interval":{"confidence_level":0.95,"lower_bound":1889177.117719044,"upper_bound":2737450.165968857},"point_estimate":2319955.7012286247,"standard_error":218185.71132365093}}