{"mean":{"confidence_interval":{"confidence_level":0.95,"lower_bound":33239200.53325,"upper_bound":33827566.77225},"point_estimate":33520491.265,"standard_error":149969.38903571226},"median":{"confidence_interval":{"confidence_level":0.95,"lower_bound":33154645.75,"upper_bound":33619277.5},"point_estimate":33381366.5,"standard_error":118894.050256378},"median_abs_dev":{"confidence_interval":{"confidence_level":0.95,"lower_bound":829904.2384162545,"upper_bound":1478646.620848775},"point_estimate":1208313.4187981486,"standard_error":168960.48684650805},"slope":null,"std_dev":{"confidence_interval":{"confidence_level":0.95,"lower_bound":1103336.2895247978,"upper_bound":1884140.3531216064},"point_estimate":1507142.3955054278,"standard_error":200256.88216897668}}