{"mean":{"confidence_interval":{"confidence_level":0.95,"lower_bound":187813648.53175002,"upper_bound":190959467.38524997},"point_estimate":189356772.64,"standard_error":804398.1464362899},"median":{"confidence_interval":{"confidence_level":0.95,"lower_bound":187097344.5,"upper_bound":191375231.0},"point_estimate":189222709.5,"standard_error":1075118.1570184198},"median_abs_dev":{"confidence_interval":{"confidence_level":0.95,"lower_bound":7016350.260534883,"upper_bound":10155024.986869765},"point_estimate":8829243.1150496,"standard_error":796071.0187353549},"slope":null,"std_dev":{"confidence_interval":{"confidence_level":0.95,"lower_bound":6656223.258744621,"upper_bound":9495555.120285243},"point_estimate":8073696.875352794,"standard_error":727663.092753556}}