{"mean":{"confidence_interval":{"confidence_level":0.95,"lower_bound":52008575.44225,"upper_bound":53817149.17375},"point_estimate":52921292.87,"standard_error":460582.37575105065},"median":{"confidence_interval":{"confidence_level":0.95,"lower_bound":52024425.0,"upper_bound":55215470.0},"point_estimate":53649111.5,"standard_error":796375.7438196242},"median_abs_dev":{"confidence_interval":{"confidence_level":0.95,"lower_bound":3483379.757657647,"upper_bound":6351059.467846155},"point_estimate":4440681.958562136,"standard_error":652808.6638434109},"slope":null,"std_dev":{"confidence_interval":{"confidence_level":0.95,"lower_bound":4041388.9973075027,"upper_bound":5158347.58427206},"point_estimate":4623977.487704016,"standard_error":285094.3714638286}}