{"mean":{"confidence_interval":{"confidence_level":0.95,"lower_bound":52721152.6825,"upper_bound":53790425.2065},"point_estimate":53217327.8,"standard_error":274251.61155958055},"median":{"confidence_interval":{"confidence_level":0.95,"lower_bound":52096826.0,"upper_bound":52186674.0},"point_estimate":52119939.0,"standard_error":36870.5474993147},"median_abs_dev":{"confidence_interval":{"confidence_level":0.95,"lower_bound":151056.92221820354,"upper_bound":680079.1714511808},"point_estimate":242853.58218848705,"standard_error":145046.46213670605},"slope":null,"std_dev":{"confidence_interval":{"confidence_level":0.95,"lower_bound":1714051.6840637508,"upper_bound":3690525.5199487647},"point_estimate":2763918.272679973,"standard_error":507443.036394308}}