{"mean":{"confidence_interval":{"confidence_level":0.95,"lower_bound":72144833.82025,"upper_bound":80806343.90599999},"point_estimate":76359304.77,"standard_error":2202570.6798872594},"median":{"confidence_interval":{"confidence_level":0.95,"lower_bound":62487576.0,"upper_bound":76757050.0},"point_estimate":71684209.5,"standard_error":4024504.4519748623},"median_abs_dev":{"confidence_interval":{"confidence_level":0.95,"lower_bound":11172439.963539546,"upper_bound":28021003.10332775},"point_estimate":21834532.247659564,"standard_error":4678571.36502419},"slope":null,"std_dev":{"confidence_interval":{"confidence_level":0.95,"lower_bound":19114175.385196395,"upper_bound":24621796.1781566},"point_estimate":22135927.08847501,"standard_error":1407613.057452741}}