{"mean":{"confidence_interval":{"confidence_level":0.95,"lower_bound":126714097.18,"upper_bound":129759044.09},"point_estimate":128254815.44,"standard_error":777509.2962308531},"median":{"confidence_interval":{"confidence_level":0.95,"lower_bound":126765396.0,"upper_bound":130286631.0},"point_estimate":129207437.0,"standard_error":935095.282185262},"median_abs_dev":{"confidence_interval":{"confidence_level":0.95,"lower_bound":4921583.275124431,"upper_bound":8525791.965436935},"point_estimate":6876916.922110319,"standard_error":941457.0253226553},"slope":null,"std_dev":{"confidence_interval":{"confidence_level":0.95,"lower_bound":6574648.360227674,"upper_bound":8902911.736168437},"point_estimate":7803819.091993389,"standard_error":594401.8960091542}}