{"mean":{"confidence_interval":{"confidence_level":0.95,"lower_bound":213467326.759,"upper_bound":222040341.75225},"point_estimate":217756352.04,"standard_error":2187718.5551496674},"median":{"confidence_interval":{"confidence_level":0.95,"lower_bound":213038685.5,"upper_bound":225172236.5},"point_estimate":219805671.5,"standard_error":2944290.893493944},"median_abs_dev":{"confidence_interval":{"confidence_level":0.95,"lower_bound":15992241.786780953,"upper_bound":24918124.47461486},"point_estimate":19931112.58005202,"standard_error":2317117.4179369006},"slope":null,"std_dev":{"confidence_interval":{"confidence_level":0.95,"lower_bound":18741852.100257926,"upper_bound":25002246.29069754},"point_estimate":22017470.678926498,"standard_error":1595710.080688556}}