{"mean":{"confidence_interval":{"confidence_level":0.95,"lower_bound":44935213.32425,"upper_bound":45907417.587875},"point_estimate":45413167.135,"standard_error":248217.89810104851},"median":{"confidence_interval":{"confidence_level":0.95,"lower_bound":44703586.0,"upper_bound":45694940.5},"point_estimate":45145888.25,"standard_error":277992.72932166344},"median_abs_dev":{"confidence_interval":{"confidence_level":0.95,"lower_bound":1914883.7607090187,"upper_bound":2926817.759867347},"point_estimate":2458054.7580108047,"standard_error":255281.63006844564},"slope":null,"std_dev":{"confidence_interval":{"confidence_level":0.95,"lower_bound":2075734.6197328577,"upper_bound":2888552.9491645824},"point_estimate":2491473.587168859,"standard_error":207678.88655134971}}