{"mean":{"confidence_interval":{"confidence_level":0.95,"lower_bound":2907790644.177,"upper_bound":3050287761.35},"point_estimate":2978354774.92,"standard_error":36501144.333474495},"median":{"confidence_interval":{"confidence_level":0.95,"lower_bound":2788186566.0,"upper_bound":2996021588.0},"point_estimate":2895095698.0,"standard_error":59780348.51173567},"median_abs_dev":{"confidence_interval":{"confidence_level":0.95,"lower_bound":279028125.31456053,"upper_bound":494807309.64181423},"point_estimate":402736621.4596957,"standard_error":59448543.94354509},"slope":null,"std_dev":{"confidence_interval":{"confidence_level":0.95,"lower_bound":320915114.4940656,"upper_bound":409192251.42334104},"point_estimate":367376801.087169,"standard_error":22462683.44670597}}