{"mean":{"confidence_interval":{"confidence_level":0.95,"lower_bound":1033579886.5532501,"upper_bound":1120504329.73825},"point_estimate":1077382098.35,"standard_error":22206312.914956734},"median":{"confidence_interval":{"confidence_level":0.95,"lower_bound":1010348247.0,"upper_bound":1124830581.0},"point_estimate":1068076382.0,"standard_error":26588433.588460054},"median_abs_dev":{"confidence_interval":{"confidence_level":0.95,"lower_bound":162568119.00343895,"upper_bound":287278721.52068317},"point_estimate":223216140.04602134,"standard_error":32842703.723659832},"slope":null,"std_dev":{"confidence_interval":{"confidence_level":0.95,"lower_bound":192422990.48610666,"upper_bound":250386542.00597003},"point_estimate":223027296.016001,"standard_error":14753688.348778605}}