{"mean":{"confidence_interval":{"confidence_level":0.95,"lower_bound":61906749.71475,"upper_bound":63204626.80875},"point_estimate":62548206.66,"standard_error":331120.3278709917},"median":{"confidence_interval":{"confidence_level":0.95,"lower_bound":61910211.0,"upper_bound":63583599.5},"point_estimate":62976099.5,"standard_error":430248.91179946036},"median_abs_dev":{"confidence_interval":{"confidence_level":0.95,"lower_bound":2302528.1675219536,"upper_bound":3771388.887244463},"point_estimate":3210335.992205143,"standard_error":371713.52067889756},"slope":null,"std_dev":{"confidence_interval":{"confidence_level":0.95,"lower_bound":2715106.018278416,"upper_bound":3944106.6648028563},"point_estimate":3321655.763724338,"standard_error":317643.26688052766}}