{"mean":{"confidence_interval":{"confidence_level":0.95,"lower_bound":176685448.934,"upper_bound":182120357.36999997},"point_estimate":179308283.36,"standard_error":1387595.2516923652},"median":{"confidence_interval":{"confidence_level":0.95,"lower_bound":176458165.0,"upper_bound":182153316.0},"point_estimate":179355348.5,"standard_error":1427135.5484850586},"median_abs_dev":{"confidence_interval":{"confidence_level":0.95,"lower_bound":9118767.461809516,"upper_bound":14468355.11033535},"point_estimate":12788404.77156043,"standard_error":1386814.3351539266},"slope":null,"std_dev":{"confidence_interval":{"confidence_level":0.95,"lower_bound":10663817.208659427,"upper_bound":17146050.41522533},"point_estimate":14000086.334072392,"standard_error":1658463.4998655242}}