{"mean":{"confidence_interval":{"confidence_level":0.95,"lower_bound":12676027.858,"upper_bound":12907473.0999375},"point_estimate":12789675.0725,"standard_error":58761.690091322715},"median":{"confidence_interval":{"confidence_level":0.95,"lower_bound":12608197.5,"upper_bound":12884553.625},"point_estimate":12725684.25,"standard_error":83793.0414247816},"median_abs_dev":{"confidence_interval":{"confidence_level":0.95,"lower_bound":460280.5748283863,"upper_bound":712311.4508539438},"point_estimate":613180.3688138723,"standard_error":63468.84620712657},"slope":null,"std_dev":{"confidence_interval":{"confidence_level":0.95,"lower_bound":487215.9928294872,"upper_bound":695374.2251390036},"point_estimate":592118.1892992377,"standard_error":53385.605334778644}}