{"mean":{"confidence_interval":{"confidence_level":0.95,"lower_bound":11413403.3509,"upper_bound":11553717.00565},"point_estimate":11481767.537999999,"standard_error":35783.02765490518},"median":{"confidence_interval":{"confidence_level":0.95,"lower_bound":11366154.2,"upper_bound":11575078.3},"point_estimate":11497777.2,"standard_error":51251.839733320514},"median_abs_dev":{"confidence_interval":{"confidence_level":0.95,"lower_bound":263564.1694808001,"upper_bound":393856.0929876563},"point_estimate":345184.41149175056,"standard_error":32827.91172903497},"slope":null,"std_dev":{"confidence_interval":{"confidence_level":0.95,"lower_bound":280478.0764982057,"upper_bound":436703.6330301041},"point_estimate":360557.6616820573,"standard_error":40133.846580674326}}