{"mean":{"confidence_interval":{"confidence_level":0.95,"lower_bound":186320513.26275,"upper_bound":192029767.51},"point_estimate":189178001.76,"standard_error":1459307.08093492},"median":{"confidence_interval":{"confidence_level":0.95,"lower_bound":182992936.0,"upper_bound":195913192.5},"point_estimate":188849865.5,"standard_error":3921943.6462854743},"median_abs_dev":{"confidence_interval":{"confidence_level":0.95,"lower_bound":15152193.710539794,"upper_bound":21152316.093671322},"point_estimate":18530587.858316302,"standard_error":1494947.6714195493},"slope":null,"std_dev":{"confidence_interval":{"confidence_level":0.95,"lower_bound":13253112.18757005,"upper_bound":16064969.906436235},"point_estimate":14731471.810745766,"standard_error":712946.7727996387}}