{"mean":{"confidence_interval":{"confidence_level":0.95,"lower_bound":218354129.02,"upper_bound":221715342.73},"point_estimate":220041522.47,"standard_error":857562.1415579527},"median":{"confidence_interval":{"confidence_level":0.95,"lower_bound":217239850.5,"upper_bound":223022146.0},"point_estimate":219880263.0,"standard_error":1393352.0009571654},"median_abs_dev":{"confidence_interval":{"confidence_level":0.95,"lower_bound":7555074.458670616,"upper_bound":11818472.301480174},"point_estimate":9992286.455601454,"standard_error":1060353.2884490862},"slope":null,"std_dev":{"confidence_interval":{"confidence_level":0.95,"lower_bound":7618885.441636942,"upper_bound":9521051.932766888},"point_estimate":8632162.401364742,"standard_error":485450.01774632384}}