{"mean":{"confidence_interval":{"confidence_level":0.95,"lower_bound":54292537.97475,"upper_bound":55574459.3505},"point_estimate":54933118.27,"standard_error":327426.9714191085},"median":{"confidence_interval":{"confidence_level":0.95,"lower_bound":54039599.5,"upper_bound":55358172.5},"point_estimate":54697638.5,"standard_error":328454.421808661},"median_abs_dev":{"confidence_interval":{"confidence_level":0.95,"lower_bound":2347250.795727968,"upper_bound":4492649.274474529},"point_estimate":3064230.953899026,"standard_error":546574.192376136},"slope":null,"std_dev":{"confidence_interval":{"confidence_level":0.95,"lower_bound":2863692.4742993116,"upper_bound":3667716.0511361402},"point_estimate":3293225.5296180393,"standard_error":205485.03490692138}}