{"mean":{"confidence_interval":{"confidence_level":0.95,"lower_bound":68675520.17775,"upper_bound":70459310.62},"point_estimate":69549337.07,"standard_error":454527.71358725737},"median":{"confidence_interval":{"confidence_level":0.95,"lower_bound":68702571.0,"upper_bound":70181556.0},"point_estimate":69331160.0,"standard_error":358339.4883534118},"median_abs_dev":{"confidence_interval":{"confidence_level":0.95,"lower_bound":2341363.3912324905,"upper_bound":4048304.4625282288},"point_estimate":3071045.7246780396,"standard_error":426282.11024905473},"slope":null,"std_dev":{"confidence_interval":{"confidence_level":0.95,"lower_bound":3481582.600940682,"upper_bound":5713921.146664279},"point_estimate":4574868.480496936,"standard_error":580106.2428395328}}