{"mean":{"confidence_interval":{"confidence_level":0.95,"lower_bound":611028803.88075,"upper_bound":631260533.8074999},"point_estimate":621220525.34,"standard_error":5159184.011388786},"median":{"confidence_interval":{"confidence_level":0.95,"lower_bound":610873104.5,"upper_bound":634559003.5},"point_estimate":620444166.0,"standard_error":6327782.599662579},"median_abs_dev":{"confidence_interval":{"confidence_level":0.95,"lower_bound":34148276.7072469,"upper_bound":52574639.27001357},"point_estimate":42656117.352202535,"standard_error":4599588.249318618},"slope":null,"std_dev":{"confidence_interval":{"confidence_level":0.95,"lower_bound":41866246.79569826,"upper_bound":60897460.59597963},"point_estimate":51632782.27887023,"standard_error":4864496.613016417}}