{"mean":{"confidence_interval":{"confidence_level":0.95,"lower_bound":42379945.959125005,"upper_bound":43580897.539125},"point_estimate":42958030.46,"standard_error":307957.26842666673},"median":{"confidence_interval":{"confidence_level":0.95,"lower_bound":41928297.5,"upper_bound":43259670.0},"point_estimate":42452348.0,"standard_error":326447.15028845525},"median_abs_dev":{"confidence_interval":{"confidence_level":0.95,"lower_bound":1639688.112589717,"upper_bound":2961911.5406155586},"point_estimate":2296476.9357293844,"standard_error":343749.7614117897},"slope":null,"std_dev":{"confidence_interval":{"confidence_level":0.95,"lower_bound":2344543.901453748,"upper_bound":3784508.8719570865},"point_estimate":3095502.9767963802,"standard_error":368503.30057734763}}