{"mean":{"confidence_interval":{"confidence_level":0.95,"lower_bound":1416517626.49225,"upper_bound":1555685792.7592502},"point_estimate":1485123744.08,"standard_error":35497100.303129636},"median":{"confidence_interval":{"confidence_level":0.95,"lower_bound":1313865210.0,"upper_bound":1499503103.0},"point_estimate":1428158900.5,"standard_error":44288752.04938597},"median_abs_dev":{"confidence_interval":{"confidence_level":0.95,"lower_bound":274956789.4027412,"upper_bound":505564112.8585428},"point_estimate":373545996.7197329,"standard_error":55476085.89568041},"slope":null,"std_dev":{"confidence_interval":{"confidence_level":0.95,"lower_bound":315787802.7195103,"upper_bound":391094677.6281206},"point_estimate":356430176.9373227,"standard_error":19227335.63130503}}