{"mean":{"confidence_interval":{"confidence_level":0.95,"lower_bound":45981299.438375,"upper_bound":46462919.006875},"point_estimate":46189749.275,"standard_error":123962.57564944905},"median":{"confidence_interval":{"confidence_level":0.95,"lower_bound":46016704.0,"upper_bound":46165123.56875},"point_estimate":46088210.5,"standard_error":35109.693647102096},"median_abs_dev":{"confidence_interval":{"confidence_level":0.95,"lower_bound":306064.2320662737,"upper_bound":741353.5550295931},"point_estimate":569548.9341884851,"standard_error":126508.19337542001},"slope":null,"std_dev":{"confidence_interval":{"confidence_level":0.95,"lower_bound":612903.4852970891,"upper_bound":1920687.6069988587},"point_estimate":1240935.6282098305,"standard_error":411142.1342313809}}