{"mean":{"confidence_interval":{"confidence_level":0.95,"lower_bound":2480798218.35575,"upper_bound":2569871175.1837497},"point_estimate":2525058933.18,"standard_error":22722901.701956466},"median":{"confidence_interval":{"confidence_level":0.95,"lower_bound":2487549117.0,"upper_bound":2575280748.0},"point_estimate":2528894950.0,"standard_error":23276829.83391196},"median_abs_dev":{"confidence_interval":{"confidence_level":0.95,"lower_bound":130026463.0920089,"upper_bound":290377669.03556585},"point_estimate":161274071.64661288,"standard_error":40893752.410886474},"slope":null,"std_dev":{"confidence_interval":{"confidence_level":0.95,"lower_bound":198473708.15528315,"upper_bound":254218034.3013475},"point_estimate":228259518.30719095,"standard_error":14206711.800107561}}