{"mean":{"confidence_interval":{"confidence_level":0.95,"lower_bound":7157007326.77075,"upper_bound":7271762697.620501},"point_estimate":7213421652.57,"standard_error":29290540.798927832},"median":{"confidence_interval":{"confidence_level":0.95,"lower_bound":7118500472.0,"upper_bound":7296482601.5},"point_estimate":7177519979.0,"standard_error":44855235.01943395},"median_abs_dev":{"confidence_interval":{"confidence_level":0.95,"lower_bound":245937940.91962874,"upper_bound":366848116.5133365},"point_estimate":315851107.2607219,"standard_error":30643916.62204751},"slope":null,"std_dev":{"confidence_interval":{"confidence_level":0.95,"lower_bound":241402401.98215038,"upper_bound":356761284.74330986},"point_estimate":295241222.6701521,"standard_error":30515616.299165327}}