{"mean":{"confidence_interval":{"confidence_level":0.95,"lower_bound":12639681.0596875,"upper_bound":12827976.074187499},"point_estimate":12733579.535,"standard_error":48012.4569647157},"median":{"confidence_interval":{"confidence_level":0.95,"lower_bound":12637456.25,"upper_bound":12746669.75},"point_estimate":12712299.125,"standard_error":31342.493575640012},"median_abs_dev":{"confidence_interval":{"confidence_level":0.95,"lower_bound":360137.4329812825,"upper_bound":592423.6587630018},"point_estimate":484889.51049149036,"standard_error":57891.932476605645},"slope":null,"std_dev":{"confidence_interval":{"confidence_level":0.95,"lower_bound":407639.21867330815,"upper_bound":549953.7876286958},"point_estimate":482241.9584487882,"standard_error":36290.22160381641}}