{"mean":{"confidence_interval":{"confidence_level":0.95,"lower_bound":43990907.117375,"upper_bound":45282513.064},"point_estimate":44632484.285,"standard_error":330048.1601847378},"median":{"confidence_interval":{"confidence_level":0.95,"lower_bound":43449696.0,"upper_bound":45092372.0},"point_estimate":44482473.5,"standard_error":437398.85505280853},"median_abs_dev":{"confidence_interval":{"confidence_level":0.95,"lower_bound":2560255.933946371,"upper_bound":4113584.590313019},"point_estimate":3423297.3937243223,"standard_error":399755.27799808467},"slope":null,"std_dev":{"confidence_interval":{"confidence_level":0.95,"lower_bound":2801084.6773673627,"upper_bound":3791782.0132468757},"point_estimate":3313864.8902830738,"standard_error":253528.82009227618}}