{"mean":{"confidence_interval":{"confidence_level":0.95,"lower_bound":5386208950.893001,"upper_bound":5417435174.58675},"point_estimate":5401702190.45,"standard_error":7965655.695981958},"median":{"confidence_interval":{"confidence_level":0.95,"lower_bound":5375545281.5,"upper_bound":5410207489.0},"point_estimate":5387086397.5,"standard_error":9903140.605575118},"median_abs_dev":{"confidence_interval":{"confidence_level":0.95,"lower_bound":57220838.495627046,"upper_bound":107363426.69921815},"point_estimate":83451206.27654493,"standard_error":12949793.283184877},"slope":null,"std_dev":{"confidence_interval":{"confidence_level":0.95,"lower_bound":70161208.49004178,"upper_bound":89431182.00156316},"point_estimate":80417945.91076463,"standard_error":4899416.627459961}}