{"mean":{"confidence_interval":{"confidence_level":0.95,"lower_bound":44052078.026999995,"upper_bound":45910900.84825},"point_estimate":44987677.875,"standard_error":476278.8924202449},"median":{"confidence_interval":{"confidence_level":0.95,"lower_bound":44332223.75,"upper_bound":46563285.5},"point_estimate":45595019.75,"standard_error":606856.9857016978},"median_abs_dev":{"confidence_interval":{"confidence_level":0.95,"lower_bound":3245234.5516018197,"upper_bound":5580683.8422730565},"point_estimate":4234516.054022312,"standard_error":596992.4825475633},"slope":null,"std_dev":{"confidence_interval":{"confidence_level":0.95,"lower_bound":4084114.524626642,"upper_bound":5420840.799501298},"point_estimate":4792378.272078725,"standard_error":340899.1933803143}}