{"mean":{"confidence_interval":{"confidence_level":0.95,"lower_bound":208767105.9675,"upper_bound":216743162.04},"point_estimate":212811663.27,"standard_error":2037280.2934122416},"median":{"confidence_interval":{"confidence_level":0.95,"lower_bound":210237541.0,"upper_bound":219265034.0},"point_estimate":216504718.0,"standard_error":2249295.3067669086},"median_abs_dev":{"confidence_interval":{"confidence_level":0.95,"lower_bound":14818761.68371439,"upper_bound":24379060.019785166},"point_estimate":18700822.952494025,"standard_error":2494769.5667312266},"slope":null,"std_dev":{"confidence_interval":{"confidence_level":0.95,"lower_bound":17210570.127811998,"upper_bound":23390030.998261},"point_estimate":20452396.400015276,"standard_error":1585145.257832734}}