{"mean":{"confidence_interval":{"confidence_level":0.95,"lower_bound":16804981.78608334,"upper_bound":17208801.390000008},"point_estimate":17011556.57666667,"standard_error":103435.57736662499},"median":{"confidence_interval":{"confidence_level":0.95,"lower_bound":16763887.666666666,"upper_bound":17249214.5},"point_estimate":17084878.0,"standard_error":127591.0860918505},"median_abs_dev":{"confidence_interval":{"confidence_level":0.95,"lower_bound":861879.8426985741,"upper_bound":1417899.8606247439},"point_estimate":1125429.779219626,"standard_error":138447.3429695968},"slope":null,"std_dev":{"confidence_interval":{"confidence_level":0.95,"lower_bound":906816.035014287,"upper_bound":1150894.8570015288},"point_estimate":1035218.1310422809,"standard_error":62351.804233772455}}