{"mean":{"confidence_interval":{"confidence_level":0.95,"lower_bound":82755073.37,"upper_bound":83817599.98},"point_estimate":83268503.82,"standard_error":271153.2849946056},"median":{"confidence_interval":{"confidence_level":0.95,"lower_bound":82823733.0,"upper_bound":83587620.5},"point_estimate":83223021.5,"standard_error":197832.01451433875},"median_abs_dev":{"confidence_interval":{"confidence_level":0.95,"lower_bound":1471155.7844817638,"upper_bound":2331841.0407840456},"point_estimate":1814279.8267900944,"standard_error":227174.12740765317},"slope":null,"std_dev":{"confidence_interval":{"confidence_level":0.95,"lower_bound":2078220.2914834456,"upper_bound":3326659.203401713},"point_estimate":2721566.6714609326,"standard_error":318682.4995224739}}