{"mean":{"confidence_interval":{"confidence_level":0.95,"lower_bound":63147335.856249996,"upper_bound":64915004.0605},"point_estimate":64026098.35,"standard_error":450638.5227834143},"median":{"confidence_interval":{"confidence_level":0.95,"lower_bound":62558299.0,"upper_bound":64759086.0},"point_estimate":63696478.0,"standard_error":589477.1117557867},"median_abs_dev":{"confidence_interval":{"confidence_level":0.95,"lower_bound":3221935.1130992174,"upper_bound":5600230.069676042},"point_estimate":4356992.155247927,"standard_error":607234.5595862953},"slope":null,"std_dev":{"confidence_interval":{"confidence_level":0.95,"lower_bound":3852256.602896561,"upper_bound":5131810.379480431},"point_estimate":4525883.053301247,"standard_error":327978.0375927691}}