{"mean":{"confidence_interval":{"confidence_level":0.95,"lower_bound":65440217.54325,"upper_bound":67200811.56400001},"point_estimate":66308913.6,"standard_error":447970.7951716296},"median":{"confidence_interval":{"confidence_level":0.95,"lower_bound":65168921.0,"upper_bound":67484223.0},"point_estimate":66211466.5,"standard_error":610120.544400386},"median_abs_dev":{"confidence_interval":{"confidence_level":0.95,"lower_bound":3215428.723114729,"upper_bound":5125723.948100209},"point_estimate":4547953.2557576895,"standard_error":528016.4555771},"slope":null,"std_dev":{"confidence_interval":{"confidence_level":0.95,"lower_bound":3699972.8480728464,"upper_bound":5298198.768819798},"point_estimate":4503258.4898517085,"standard_error":410793.64311981254}}