{"mean":{"confidence_interval":{"confidence_level":0.95,"lower_bound":59466680.0435,"upper_bound":61391038.684999995},"point_estimate":60426053.17,"standard_error":492016.8612285043},"median":{"confidence_interval":{"confidence_level":0.95,"lower_bound":58937123.0,"upper_bound":61694273.0},"point_estimate":60680852.5,"standard_error":676801.4672155551},"median_abs_dev":{"confidence_interval":{"confidence_level":0.95,"lower_bound":3644929.7255920637,"upper_bound":5788420.932134986},"point_estimate":4301756.410628557,"standard_error":550352.2991334592},"slope":null,"std_dev":{"confidence_interval":{"confidence_level":0.95,"lower_bound":4249580.083622073,"upper_bound":5617988.597010681},"point_estimate":4965806.47905366,"standard_error":348971.6066419611}}