{"mean":{"confidence_interval":{"confidence_level":0.95,"lower_bound":12815776.900625,"upper_bound":13007938.434},"point_estimate":12908801.47,"standard_error":49038.75048724518},"median":{"confidence_interval":{"confidence_level":0.95,"lower_bound":12732475.75,"upper_bound":12923960.0},"point_estimate":12796465.625,"standard_error":46573.43895885267},"median_abs_dev":{"confidence_interval":{"confidence_level":0.95,"lower_bound":279726.214183867,"upper_bound":507380.79301469005},"point_estimate":364716.2576749921,"standard_error":58969.0552723526},"slope":null,"std_dev":{"confidence_interval":{"confidence_level":0.95,"lower_bound":391339.94715283916,"upper_bound":582528.407850721},"point_estimate":490844.5845793326,"standard_error":49230.91582942549}}