{"mean":{"confidence_interval":{"confidence_level":0.95,"lower_bound":1553122985.388,"upper_bound":1666814702.4112499},"point_estimate":1609291331.59,"standard_error":29054188.276237704},"median":{"confidence_interval":{"confidence_level":0.95,"lower_bound":1534218777.0,"upper_bound":1662772778.0},"point_estimate":1597372540.5,"standard_error":37493697.98394506},"median_abs_dev":{"confidence_interval":{"confidence_level":0.95,"lower_bound":239303819.01700795,"upper_bound":396099088.09453547},"point_estimate":318929399.9340713,"standard_error":39430969.418610975},"slope":null,"std_dev":{"confidence_interval":{"confidence_level":0.95,"lower_bound":252007714.78029263,"upper_bound":328428955.98094755},"point_estimate":291908430.2031373,"standard_error":19503945.289808545}}