{"mean":{"confidence_interval":{"confidence_level":0.95,"lower_bound":875087458.80175,"upper_bound":877183950.79},"point_estimate":876139009.0,"standard_error":537438.4069906143},"median":{"confidence_interval":{"confidence_level":0.95,"lower_bound":875193589.0,"upper_bound":877276205.0},"point_estimate":876186864.0,"standard_error":624813.8470555202},"median_abs_dev":{"confidence_interval":{"confidence_level":0.95,"lower_bound":4001104.409766197,"upper_bound":6460673.273000121},"point_estimate":5442451.039177179,"standard_error":640171.0117151255},"slope":null,"std_dev":{"confidence_interval":{"confidence_level":0.95,"lower_bound":4645732.265234338,"upper_bound":6071282.260886367},"point_estimate":5400560.36642923,"standard_error":363505.7129045744}}