{"mean":{"confidence_interval":{"confidence_level":0.95,"lower_bound":65455627.22775,"upper_bound":66637018.79},"point_estimate":66042322.79,"standard_error":300931.2852035946},"median":{"confidence_interval":{"confidence_level":0.95,"lower_bound":65531893.0,"upper_bound":65761023.0},"point_estimate":65692995.5,"standard_error":60708.04519292079},"median_abs_dev":{"confidence_interval":{"confidence_level":0.95,"lower_bound":601567.9045200348,"upper_bound":1684176.4899998903},"point_estimate":1481249.3251025677,"standard_error":223855.90085813723},"slope":null,"std_dev":{"confidence_interval":{"confidence_level":0.95,"lower_bound":2375973.321137397,"upper_bound":3610941.5081565483},"point_estimate":3025979.2431633337,"standard_error":314189.20348713186}}