{"mean":{"confidence_interval":{"confidence_level":0.95,"lower_bound":84390222.83675,"upper_bound":85734880.1365},"point_estimate":85049295.54,"standard_error":343467.98013238056},"median":{"confidence_interval":{"confidence_level":0.95,"lower_bound":83920196.0,"upper_bound":85077626.5},"point_estimate":84559716.0,"standard_error":295176.62723746983},"median_abs_dev":{"confidence_interval":{"confidence_level":0.95,"lower_bound":2182683.6812496185,"upper_bound":3901601.936432719},"point_estimate":2943596.983140707,"standard_error":447605.655949416},"slope":null,"std_dev":{"confidence_interval":{"confidence_level":0.95,"lower_bound":2794668.488787665,"upper_bound":4120558.5919632376},"point_estimate":3443011.6792071024,"standard_error":342417.19104761013}}