{"mean":{"confidence_interval":{"confidence_level":0.95,"lower_bound":32993158.67625,"upper_bound":33649121.421375},"point_estimate":33282486.985,"standard_error":168863.21087464076},"median":{"confidence_interval":{"confidence_level":0.95,"lower_bound":32856236.0,"upper_bound":33388705.25},"point_estimate":33158400.25,"standard_error":128103.99324037234},"median_abs_dev":{"confidence_interval":{"confidence_level":0.95,"lower_bound":724894.6474805474,"upper_bound":1195301.3801291585},"point_estimate":928389.648167789,"standard_error":117013.99304921248},"slope":null,"std_dev":{"confidence_interval":{"confidence_level":0.95,"lower_bound":904383.7185795419,"upper_bound":2578977.5217482154},"point_estimate":1700968.778281165,"standard_error":526616.8851982957}}