{"mean":{"confidence_interval":{"confidence_level":0.95,"lower_bound":1114345905.4797502,"upper_bound":1230242343.5627499},"point_estimate":1171609425.68,"standard_error":29614498.27823229},"median":{"confidence_interval":{"confidence_level":0.95,"lower_bound":1064580868.0,"upper_bound":1261346499.0},"point_estimate":1128792377.5,"standard_error":48464953.213654794},"median_abs_dev":{"confidence_interval":{"confidence_level":0.95,"lower_bound":267627924.11765456,"upper_bound":398796000.4571557},"point_estimate":357864973.4238267,"standard_error":33362959.98216066},"slope":null,"std_dev":{"confidence_interval":{"confidence_level":0.95,"lower_bound":260863620.69146043,"upper_bound":332689704.55071086},"point_estimate":298982114.25963366,"standard_error":18361362.23119087}}