{"mean":{"confidence_interval":{"confidence_level":0.95,"lower_bound":55482479.629,"upper_bound":56453340.06474999},"point_estimate":55957240.13,"standard_error":247834.2978195962},"median":{"confidence_interval":{"confidence_level":0.95,"lower_bound":55186178.0,"upper_bound":56277865.0},"point_estimate":55645199.0,"standard_error":294758.0554657766},"median_abs_dev":{"confidence_interval":{"confidence_level":0.95,"lower_bound":1551336.2736582756,"upper_bound":2831182.1574539673},"point_estimate":2115382.5380444527,"standard_error":325654.3158988326},"slope":null,"std_dev":{"confidence_interval":{"confidence_level":0.95,"lower_bound":1988526.8790276197,"upper_bound":3045628.634519688},"point_estimate":2494052.36865838,"standard_error":275250.810242974}}