{"mean":{"confidence_interval":{"confidence_level":0.95,"lower_bound":4398352081.14,"upper_bound":4585317284.184},"point_estimate":4492493123.1,"standard_error":47756160.016680606},"median":{"confidence_interval":{"confidence_level":0.95,"lower_bound":4437632311.0,"upper_bound":4589639479.0},"point_estimate":4514448028.0,"standard_error":37743662.26719124},"median_abs_dev":{"confidence_interval":{"confidence_level":0.95,"lower_bound":294892648.52660894,"upper_bound":571695287.4986798},"point_estimate":424843496.9443202,"standard_error":69163569.6396972},"slope":null,"std_dev":{"confidence_interval":{"confidence_level":0.95,"lower_bound":411471442.95458454,"upper_bound":539606962.4567225},"point_estimate":479923183.4708154,"standard_error":32653397.58637684}}