{"mean":{"confidence_interval":{"confidence_level":0.95,"lower_bound":4841252523.495,"upper_bound":5018152304.339499},"point_estimate":4930527259.78,"standard_error":45106644.68196736},"median":{"confidence_interval":{"confidence_level":0.95,"lower_bound":4929392912.0,"upper_bound":5081173355.0},"point_estimate":5001751391.0,"standard_error":40454429.2002218},"median_abs_dev":{"confidence_interval":{"confidence_level":0.95,"lower_bound":309092522.5729108,"upper_bound":586109938.3901685},"point_estimate":434421106.11768365,"standard_error":72069737.91105056},"slope":null,"std_dev":{"confidence_interval":{"confidence_level":0.95,"lower_bound":395344059.3944582,"upper_bound":505207127.9653309},"point_estimate":454521269.0298503,"standard_error":27963293.7724276}}