{"mean":{"confidence_interval":{"confidence_level":0.95,"lower_bound":4452774537.223,"upper_bound":4589059852.446751},"point_estimate":4520096531.71,"standard_error":34641347.93119655},"median":{"confidence_interval":{"confidence_level":0.95,"lower_bound":4454405212.0,"upper_bound":4563369145.0},"point_estimate":4517383617.0,"standard_error":28185218.41924489},"median_abs_dev":{"confidence_interval":{"confidence_level":0.95,"lower_bound":206452104.4711951,"upper_bound":362102432.0310816},"point_estimate":273075113.5463476,"standard_error":40229301.10963624},"slope":null,"std_dev":{"confidence_interval":{"confidence_level":0.95,"lower_bound":288373232.39359456,"upper_bound":403199765.8532733},"point_estimate":348743756.7807084,"standard_error":29333368.01835276}}