{"mean":{"confidence_interval":{"confidence_level":0.95,"lower_bound":177109150.412,"upper_bound":182114689.32},"point_estimate":179607391.28,"standard_error":1277940.3522836964},"median":{"confidence_interval":{"confidence_level":0.95,"lower_bound":175160281.0,"upper_bound":183605629.0},"point_estimate":179085506.5,"standard_error":2027213.064675743},"median_abs_dev":{"confidence_interval":{"confidence_level":0.95,"lower_bound":11865223.867750168,"upper_bound":18444612.627142668},"point_estimate":15867134.811902046,"standard_error":1716609.4934851471},"slope":null,"std_dev":{"confidence_interval":{"confidence_level":0.95,"lower_bound":11402733.534054825,"upper_bound":14069969.327018505},"point_estimate":12815044.445216004,"standard_error":682198.7544134414}}