{"mean":{"confidence_interval":{"confidence_level":0.95,"lower_bound":92852542.01075001,"upper_bound":94640102.89975},"point_estimate":93758631.62,"standard_error":454995.9719906852},"median":{"confidence_interval":{"confidence_level":0.95,"lower_bound":92801811.0,"upper_bound":95247269.0},"point_estimate":94046235.0,"standard_error":657054.8788727504},"median_abs_dev":{"confidence_interval":{"confidence_level":0.95,"lower_bound":3547734.233415127,"upper_bound":5681647.788530588},"point_estimate":4642664.707276225,"standard_error":541660.2594240677},"slope":null,"std_dev":{"confidence_interval":{"confidence_level":0.95,"lower_bound":3824468.4269933635,"upper_bound":5260282.8955849605},"point_estimate":4543059.133849297,"standard_error":368220.8034171087}}