{"mean":{"confidence_interval":{"confidence_level":0.95,"lower_bound":5120560.417525,"upper_bound":5173948.762000001},"point_estimate":5146869.463000002,"standard_error":13630.42126059958},"median":{"confidence_interval":{"confidence_level":0.95,"lower_bound":5100864.1,"upper_bound":5134589.4},"point_estimate":5111968.45,"standard_error":8849.501065090437},"median_abs_dev":{"confidence_interval":{"confidence_level":0.95,"lower_bound":59925.578986108994,"upper_bound":132154.19880129423},"point_estimate":85559.73253101179,"standard_error":17703.355456351448},"slope":null,"std_dev":{"confidence_interval":{"confidence_level":0.95,"lower_bound":115769.8826002753,"upper_bound":155554.090671486},"point_estimate":137154.4300824143,"standard_error":10158.223797877305}}