{"mean":{"confidence_interval":{"confidence_level":0.95,"lower_bound":51849643.26775,"upper_bound":54352626.4485},"point_estimate":53095840.64,"standard_error":636773.187604143},"median":{"confidence_interval":{"confidence_level":0.95,"lower_bound":50322020.0,"upper_bound":54726972.0},"point_estimate":52106717.5,"standard_error":1273055.621529233},"median_abs_dev":{"confidence_interval":{"confidence_level":0.95,"lower_bound":4839728.189277649,"upper_bound":8140143.990683556},"point_estimate":6375386.70951426,"standard_error":801698.904796923},"slope":null,"std_dev":{"confidence_interval":{"confidence_level":0.95,"lower_bound":5454568.815206942,"upper_bound":7270723.790466673},"point_estimate":6402830.936245834,"standard_error":465719.83795547835}}