{"mean":{"confidence_interval":{"confidence_level":0.95,"lower_bound":56207803.829,"upper_bound":56927202.64875},"point_estimate":56563341.73,"standard_error":183931.52603435918},"median":{"confidence_interval":{"confidence_level":0.95,"lower_bound":55930865.0,"upper_bound":56680281.0},"point_estimate":56294001.0,"standard_error":236840.21767881326},"median_abs_dev":{"confidence_interval":{"confidence_level":0.95,"lower_bound":1351271.2680101395,"upper_bound":2367044.246676564},"point_estimate":1870494.0873920918,"standard_error":246822.42616807774},"slope":null,"std_dev":{"confidence_interval":{"confidence_level":0.95,"lower_bound":1593380.1256662826,"upper_bound":2066945.7615329525},"point_estimate":1843487.9886226098,"standard_error":121322.077583479}}