{"mean":{"confidence_interval":{"confidence_level":0.95,"lower_bound":60667817.2545,"upper_bound":62780799.16},"point_estimate":61708195.68,"standard_error":540460.3766012936},"median":{"confidence_interval":{"confidence_level":0.95,"lower_bound":58085150.0,"upper_bound":62124498.0},"point_estimate":59259067.0,"standard_error":1002689.6864868759},"median_abs_dev":{"confidence_interval":{"confidence_level":0.95,"lower_bound":2394800.000783801,"upper_bound":6932047.402131557},"point_estimate":4396871.129339933,"standard_error":1189798.2495959015},"slope":null,"std_dev":{"confidence_interval":{"confidence_level":0.95,"lower_bound":4750860.53923378,"upper_bound":5971322.414500418},"point_estimate":5411389.131569212,"standard_error":311620.84119774174}}