{"mean":{"confidence_interval":{"confidence_level":0.95,"lower_bound":14956010.144875001,"upper_bound":15220850.6476875},"point_estimate":15085633.9125,"standard_error":67449.81973689719},"median":{"confidence_interval":{"confidence_level":0.95,"lower_bound":14827363.125,"upper_bound":15065263.25},"point_estimate":14971035.125,"standard_error":71994.28902158314},"median_abs_dev":{"confidence_interval":{"confidence_level":0.95,"lower_bound":440526.7834290862,"upper_bound":767888.3926916306},"point_estimate":621481.8167164922,"standard_error":84885.51267826444},"slope":null,"std_dev":{"confidence_interval":{"confidence_level":0.95,"lower_bound":555050.0226282055,"upper_bound":795753.1736895475},"point_estimate":677566.2746935443,"standard_error":61911.54512481341}}