{"mean":{"confidence_interval":{"confidence_level":0.95,"lower_bound":11667907.52925,"upper_bound":11832731.328000003},"point_estimate":11747517.794000002,"standard_error":42013.85890803537},"median":{"confidence_interval":{"confidence_level":0.95,"lower_bound":11607753.8,"upper_bound":11739077.100000001},"point_estimate":11663450.4,"standard_error":35358.188683186156},"median_abs_dev":{"confidence_interval":{"confidence_level":0.95,"lower_bound":287725.50821185275,"upper_bound":459744.9114578951},"point_estimate":370153.6189484599,"standard_error":45038.462812205464},"slope":null,"std_dev":{"confidence_interval":{"confidence_level":0.95,"lower_bound":331259.8606188392,"upper_bound":515240.62734375906},"point_estimate":421409.97961818706,"standard_error":47912.30959774902}}