{"mean":{"confidence_interval":{"confidence_level":0.95,"lower_bound":2999918826.08175,"upper_bound":3022397673.0245},"point_estimate":3011422847.32,"standard_error":5740482.935855891},"median":{"confidence_interval":{"confidence_level":0.95,"lower_bound":3019058923.0,"upper_bound":3039202301.0},"point_estimate":3031410566.5,"standard_error":4759932.14239722},"median_abs_dev":{"confidence_interval":{"confidence_level":0.95,"lower_bound":27368490.320902176,"upper_bound":50428043.55472326},"point_estimate":36016162.90128529,"standard_error":6072026.040239086},"slope":null,"std_dev":{"confidence_interval":{"confidence_level":0.95,"lower_bound":48896848.1427455,"upper_bound":64880251.239793144},"point_estimate":57723960.462555535,"standard_error":4087228.912444879}}