{"mean":{"confidence_interval":{"confidence_level":0.95,"lower_bound":3622856141.80625,"upper_bound":3664998275.37025},"point_estimate":3644057993.92,"standard_error":10753826.027087258},"median":{"confidence_interval":{"confidence_level":0.95,"lower_bound":3632106621.5,"upper_bound":3681069941.0},"point_estimate":3658444785.0,"standard_error":13067369.505337887},"median_abs_dev":{"confidence_interval":{"confidence_level":0.95,"lower_bound":71369800.05883276,"upper_bound":129271567.07037091},"point_estimate":92514355.48294187,"standard_error":14699262.833057124},"slope":null,"std_dev":{"confidence_interval":{"confidence_level":0.95,"lower_bound":93147207.38802606,"upper_bound":120844647.83057086},"point_estimate":107973615.91127178,"standard_error":7053845.41114134}}