{"mean":{"confidence_interval":{"confidence_level":0.95,"lower_bound":304074370.682,"upper_bound":310429284.43925},"point_estimate":307183040.52,"standard_error":1621280.9242972683},"median":{"confidence_interval":{"confidence_level":0.95,"lower_bound":301222654.0,"upper_bound":309213480.0},"point_estimate":305677208.5,"standard_error":1907787.3761032585},"median_abs_dev":{"confidence_interval":{"confidence_level":0.95,"lower_bound":12731085.973978043,"upper_bound":19817303.01697254},"point_estimate":15547621.915474534,"standard_error":1835166.5042309482},"slope":null,"std_dev":{"confidence_interval":{"confidence_level":0.95,"lower_bound":14048243.402153205,"upper_bound":18243532.492275942},"point_estimate":16297218.711792191,"standard_error":1074916.8868158506}}