{"mean":{"confidence_interval":{"confidence_level":0.95,"lower_bound":23434551.41891666,"upper_bound":23971859.340249997},"point_estimate":23702309.67666667,"standard_error":136990.83271134712},"median":{"confidence_interval":{"confidence_level":0.95,"lower_bound":23385917.333333332,"upper_bound":23927887.666666668},"point_estimate":23510180.666666664,"standard_error":121364.33628379347},"median_abs_dev":{"confidence_interval":{"confidence_level":0.95,"lower_bound":1309927.4851441383,"upper_bound":2020720.0123250484},"point_estimate":1543061.8832051726,"standard_error":186908.42700002278},"slope":null,"std_dev":{"confidence_interval":{"confidence_level":0.95,"lower_bound":1173153.0713236579,"upper_bound":1577604.233524455},"point_estimate":1378875.7957804003,"standard_error":103724.09381895466}}