{"mean":{"confidence_interval":{"confidence_level":0.95,"lower_bound":1715430034.28,"upper_bound":1826377520.3644998},"point_estimate":1770871102.21,"standard_error":28252542.15431788},"median":{"confidence_interval":{"confidence_level":0.95,"lower_bound":1722164994.5,"upper_bound":1841220028.0},"point_estimate":1778022139.0,"standard_error":26499134.923841994},"median_abs_dev":{"confidence_interval":{"confidence_level":0.95,"lower_bound":159163721.79417908,"upper_bound":280222659.0785533},"point_estimate":209910863.11733723,"standard_error":32170532.599707156},"slope":null,"std_dev":{"confidence_interval":{"confidence_level":0.95,"lower_bound":223981525.931879,"upper_bound":343545244.1687326},"point_estimate":284199461.23591304,"standard_error":30818343.94460586}}