{"mean":{"confidence_interval":{"confidence_level":0.95,"lower_bound":79944503.83500001,"upper_bound":81822351.11},"point_estimate":80850090.25,"standard_error":479286.4227284766},"median":{"confidence_interval":{"confidence_level":0.95,"lower_bound":78409621.0,"upper_bound":81037624.0},"point_estimate":79338924.0,"standard_error":760380.9936625225},"median_abs_dev":{"confidence_interval":{"confidence_level":0.95,"lower_bound":2767462.753395218,"upper_bound":5410902.794337273},"point_estimate":3889288.9436513186,"standard_error":654540.2691548055},"slope":null,"std_dev":{"confidence_interval":{"confidence_level":0.95,"lower_bound":3894400.150533619,"upper_bound":5659249.566883615},"point_estimate":4822825.480508738,"standard_error":452501.9957936368}}