{"mean":{"confidence_interval":{"confidence_level":0.95,"lower_bound":969050863.17475,"upper_bound":1047555000.16425},"point_estimate":1008416215.82,"standard_error":20039835.689555805},"median":{"confidence_interval":{"confidence_level":0.95,"lower_bound":969215993.0,"upper_bound":1032606306.0},"point_estimate":1002797204.5,"standard_error":17127531.290152173},"median_abs_dev":{"confidence_interval":{"confidence_level":0.95,"lower_bound":120283535.27424037,"upper_bound":224041576.87713158},"point_estimate":175036134.66198742,"standard_error":26875498.836541478},"slope":null,"std_dev":{"confidence_interval":{"confidence_level":0.95,"lower_bound":164946901.71939865,"upper_bound":236827036.59188434},"point_estimate":201257668.95582265,"standard_error":18480769.25949413}}