{"mean":{"confidence_interval":{"confidence_level":0.95,"lower_bound":161051887.958,"upper_bound":165326259.22625},"point_estimate":163171610.17,"standard_error":1092907.3116144203},"median":{"confidence_interval":{"confidence_level":0.95,"lower_bound":160076121.0,"upper_bound":165209371.0},"point_estimate":162364634.0,"standard_error":1449155.9923891516},"median_abs_dev":{"confidence_interval":{"confidence_level":0.95,"lower_bound":7524782.105735916,"upper_bound":12362249.200326204},"point_estimate":9467593.583616614,"standard_error":1232147.767817323},"slope":null,"std_dev":{"confidence_interval":{"confidence_level":0.95,"lower_bound":9215435.114946036,"upper_bound":12542621.052502245},"point_estimate":10954973.668463489,"standard_error":850262.3839854158}}