{"mean":{"confidence_interval":{"confidence_level":0.95,"lower_bound":214634565.41,"upper_bound":221790921.23049998},"point_estimate":218287209.73,"standard_error":1822641.4209053323},"median":{"confidence_interval":{"confidence_level":0.95,"lower_bound":216230701.5,"upper_bound":224183195.5},"point_estimate":220305884.5,"standard_error":2166643.5369062074},"median_abs_dev":{"confidence_interval":{"confidence_level":0.95,"lower_bound":11935957.971194386,"upper_bound":20634785.662159324},"point_estimate":15838096.608817577,"standard_error":2288474.3263975265},"slope":null,"std_dev":{"confidence_interval":{"confidence_level":0.95,"lower_bound":15332485.154430231,"upper_bound":20935664.833245944},"point_estimate":18225394.390168175,"standard_error":1436556.4296201514}}