{"mean":{"confidence_interval":{"confidence_level":0.95,"lower_bound":5768923973.427,"upper_bound":5861454306.615},"point_estimate":5815935658.29,"standard_error":23598483.42565868},"median":{"confidence_interval":{"confidence_level":0.95,"lower_bound":5833308965.0,"upper_bound":5942469812.0},"point_estimate":5877084643.5,"standard_error":25904530.177913863},"median_abs_dev":{"confidence_interval":{"confidence_level":0.95,"lower_bound":150022412.14106977,"upper_bound":300044824.28213954},"point_estimate":219376999.30517972,"standard_error":37712710.476048246},"slope":null,"std_dev":{"confidence_interval":{"confidence_level":0.95,"lower_bound":205623569.71895272,"upper_bound":265078368.7955404},"point_estimate":237812526.31662473,"standard_error":15162442.525381701}}