{"mean":{"confidence_interval":{"confidence_level":0.95,"lower_bound":49252784.73125,"upper_bound":51190238.304749995},"point_estimate":50223045.69,"standard_error":493827.14623662096},"median":{"confidence_interval":{"confidence_level":0.95,"lower_bound":49021621.5,"upper_bound":51330146.0},"point_estimate":49788845.0,"standard_error":567287.0148215268},"median_abs_dev":{"confidence_interval":{"confidence_level":0.95,"lower_bound":4153064.976668358,"upper_bound":6631824.613961577},"point_estimate":5580372.125628591,"standard_error":605452.9890575565},"slope":null,"std_dev":{"confidence_interval":{"confidence_level":0.95,"lower_bound":4350752.091541315,"upper_bound":5508597.572124648},"point_estimate":4960543.06929159,"standard_error":295657.0045388971}}