{"mean":{"confidence_interval":{"confidence_level":0.95,"lower_bound":2436949038.87125,"upper_bound":2470865670.5534997},"point_estimate":2454118811.89,"standard_error":8656080.792122109},"median":{"confidence_interval":{"confidence_level":0.95,"lower_bound":2460238928.5,"upper_bound":2493379693.0},"point_estimate":2475113795.5,"standard_error":8472526.775102977},"median_abs_dev":{"confidence_interval":{"confidence_level":0.95,"lower_bound":55003333.730095625,"upper_bound":118720488.68469},"point_estimate":79409153.9381057,"standard_error":15513627.506719213},"slope":null,"std_dev":{"confidence_interval":{"confidence_level":0.95,"lower_bound":77376167.12873031,"upper_bound":94894567.82604578},"point_estimate":86946961.10314822,"standard_error":4457568.737353554}}