{"mean":{"confidence_interval":{"confidence_level":0.95,"lower_bound":114099321.59124999,"upper_bound":117777883.26075001},"point_estimate":115922189.48,"standard_error":933827.6783854666},"median":{"confidence_interval":{"confidence_level":0.95,"lower_bound":114408775.0,"upper_bound":116872155.0},"point_estimate":115639824.5,"standard_error":570390.4044719028},"median_abs_dev":{"confidence_interval":{"confidence_level":0.95,"lower_bound":5586324.023222923,"upper_bound":11008957.14855194},"point_estimate":8031299.654915929,"standard_error":1385251.2355609941},"slope":null,"std_dev":{"confidence_interval":{"confidence_level":0.95,"lower_bound":7908818.972565256,"upper_bound":10708319.025995465},"point_estimate":9388817.104928818,"standard_error":714301.065633278}}