{"mean":{"confidence_interval":{"confidence_level":0.95,"lower_bound":150371208.254,"upper_bound":153548425.01799998},"point_estimate":151951559.24,"standard_error":810350.5205821501},"median":{"confidence_interval":{"confidence_level":0.95,"lower_bound":149846906.0,"upper_bound":153406259.0},"point_estimate":151414032.0,"standard_error":1065237.5856526385},"median_abs_dev":{"confidence_interval":{"confidence_level":0.95,"lower_bound":5479768.080514669,"upper_bound":10039846.78015709},"point_estimate":7627043.567892909,"standard_error":1208375.7319437887},"slope":null,"std_dev":{"confidence_interval":{"confidence_level":0.95,"lower_bound":6884014.33501413,"upper_bound":9315579.467891298},"point_estimate":8158541.291679564,"standard_error":620404.6725429818}}