{"mean":{"confidence_interval":{"confidence_level":0.95,"lower_bound":70702760.845,"upper_bound":72627482.56975},"point_estimate":71654325.97,"standard_error":490961.76384050463},"median":{"confidence_interval":{"confidence_level":0.95,"lower_bound":69939208.0,"upper_bound":72216338.0},"point_estimate":71258301.5,"standard_error":600497.156136453},"median_abs_dev":{"confidence_interval":{"confidence_level":0.95,"lower_bound":3214880.161124468,"upper_bound":5837253.327468038},"point_estimate":4823983.718857169,"standard_error":722902.1525128519},"slope":null,"std_dev":{"confidence_interval":{"confidence_level":0.95,"lower_bound":4167975.691853981,"upper_bound":5691763.167270672},"point_estimate":4946850.586508055,"standard_error":390389.9957697353}}