{"mean":{"confidence_interval":{"confidence_level":0.95,"lower_bound":184386450.42,"upper_bound":190346330.0885},"point_estimate":187341720.89,"standard_error":1517632.1061076345},"median":{"confidence_interval":{"confidence_level":0.95,"lower_bound":178048562.0,"upper_bound":193253036.0},"point_estimate":182891389.0,"standard_error":3953880.0501824673},"median_abs_dev":{"confidence_interval":{"confidence_level":0.95,"lower_bound":12382612.71096468,"upper_bound":22049330.59054613},"point_estimate":18002939.423283935,"standard_error":2445724.6476243655},"slope":null,"std_dev":{"confidence_interval":{"confidence_level":0.95,"lower_bound":13688612.713833014,"upper_bound":16449221.192826815},"point_estimate":15174334.127114076,"standard_error":702104.9171052672}}