{"mean":{"confidence_interval":{"confidence_level":0.95,"lower_bound":74110182.801,"upper_bound":76305040.4355},"point_estimate":75211589.36,"standard_error":560059.4318041296},"median":{"confidence_interval":{"confidence_level":0.95,"lower_bound":74467681.5,"upper_bound":76697182.0},"point_estimate":75771606.5,"standard_error":629139.1105105056},"median_abs_dev":{"confidence_interval":{"confidence_level":0.95,"lower_bound":4650919.8239296675,"upper_bound":7688524.7649014},"point_estimate":5980213.771229982,"standard_error":799158.0916623082},"slope":null,"std_dev":{"confidence_interval":{"confidence_level":0.95,"lower_bound":4941840.706529045,"upper_bound":6225908.566530618},"point_estimate":5626586.693236953,"standard_error":327075.5506009092}}