{"mean":{"confidence_interval":{"confidence_level":0.95,"lower_bound":39688899.212749995,"upper_bound":40116046.125},"point_estimate":39885545.09,"standard_error":108894.15051473808},"median":{"confidence_interval":{"confidence_level":0.95,"lower_bound":39644781.5,"upper_bound":39977716.0},"point_estimate":39822552.5,"standard_error":82275.35576388305},"median_abs_dev":{"confidence_interval":{"confidence_level":0.95,"lower_bound":488434.9722697959,"upper_bound":884651.0956943035},"point_estimate":627876.6410529613,"standard_error":97791.23247212134},"slope":null,"std_dev":{"confidence_interval":{"confidence_level":0.95,"lower_bound":668256.5930901841,"upper_bound":1542162.5073887797},"point_estimate":1096445.4738104586,"standard_error":234542.4594201807}}