{"mean":{"confidence_interval":{"confidence_level":0.95,"lower_bound":2311768923.6195,"upper_bound":2345216627.39925},"point_estimate":2328785304.08,"standard_error":8549176.414648425},"median":{"confidence_interval":{"confidence_level":0.95,"lower_bound":2331410744.0,"upper_bound":2366204699.0},"point_estimate":2352096726.5,"standard_error":8313314.871939267},"median_abs_dev":{"confidence_interval":{"confidence_level":0.95,"lower_bound":46864565.59218764,"upper_bound":81077563.71868551},"point_estimate":63690875.87006092,"standard_error":8618930.58652769},"slope":null,"std_dev":{"confidence_interval":{"confidence_level":0.95,"lower_bound":73379690.50937943,"upper_bound":96369535.01945001},"point_estimate":86055620.8371592,"standard_error":5874724.995739149}}