{"mean":{"confidence_interval":{"confidence_level":0.95,"lower_bound":91564441.16724999,"upper_bound":96589813.40724999},"point_estimate":94115582.42,"standard_error":1281833.137641184},"median":{"confidence_interval":{"confidence_level":0.95,"lower_bound":93807883.0,"upper_bound":98283636.5},"point_estimate":95207964.5,"standard_error":1123253.9674553263},"median_abs_dev":{"confidence_interval":{"confidence_level":0.95,"lower_bound":6821916.169586778,"upper_bound":12296822.804787755},"point_estimate":9896580.920800567,"standard_error":1482971.451851135},"slope":null,"std_dev":{"confidence_interval":{"confidence_level":0.95,"lower_bound":10507551.880363742,"upper_bound":15017512.353436511},"point_estimate":12902074.549539177,"standard_error":1151405.7428067978}}