{"mean":{"confidence_interval":{"confidence_level":0.95,"lower_bound":437448512.72775,"upper_bound":439213536.15},"point_estimate":438313131.11,"standard_error":449161.99255817564},"median":{"confidence_interval":{"confidence_level":0.95,"lower_bound":437265192.5,"upper_bound":438971213.0},"point_estimate":437781140.5,"standard_error":526231.6090174442},"median_abs_dev":{"confidence_interval":{"confidence_level":0.95,"lower_bound":3144398.8409757614,"upper_bound":4971810.055732727},"point_estimate":3987266.562911868,"standard_error":440852.4483006775},"slope":null,"std_dev":{"confidence_interval":{"confidence_level":0.95,"lower_bound":3579090.3248732835,"upper_bound":5519377.767264959},"point_estimate":4495074.334465891,"standard_error":509491.35401165165}}