{"mean":{"confidence_interval":{"confidence_level":0.95,"lower_bound":187000185.31,"upper_bound":192321510.73825002},"point_estimate":189603340.13,"standard_error":1360400.4931549546},"median":{"confidence_interval":{"confidence_level":0.95,"lower_bound":185699374.0,"upper_bound":192253922.5},"point_estimate":188527663.5,"standard_error":1774446.611602293},"median_abs_dev":{"confidence_interval":{"confidence_level":0.95,"lower_bound":10297371.041202622,"upper_bound":17967443.75601411},"point_estimate":14701354.591798782,"standard_error":1963739.1853703698},"slope":null,"std_dev":{"confidence_interval":{"confidence_level":0.95,"lower_bound":11374597.238983104,"upper_bound":16089900.411296647},"point_estimate":13646649.616627712,"standard_error":1222307.4290680415}}