{"mean":{"confidence_interval":{"confidence_level":0.95,"lower_bound":48999700.941375,"upper_bound":49313250.133375004},"point_estimate":49154854.815,"standard_error":79936.42461261828},"median":{"confidence_interval":{"confidence_level":0.95,"lower_bound":48909159.5,"upper_bound":49343494.0},"point_estimate":49138880.25,"standard_error":129307.18106776895},"median_abs_dev":{"confidence_interval":{"confidence_level":0.95,"lower_bound":635002.3871764541,"upper_bound":1055433.6399123073},"point_estimate":804730.0615131855,"standard_error":110955.27404720656},"slope":null,"std_dev":{"confidence_interval":{"confidence_level":0.95,"lower_bound":693836.1757588885,"upper_bound":903747.0420463905},"point_estimate":803227.4457714505,"standard_error":53440.45266863126}}