{"mean":{"confidence_interval":{"confidence_level":0.95,"lower_bound":41698569.740625,"upper_bound":42351031.004375},"point_estimate":41984733.95,"standard_error":168627.54749775637},"median":{"confidence_interval":{"confidence_level":0.95,"lower_bound":41613020.5,"upper_bound":41957436.0},"point_estimate":41773553.75,"standard_error":83491.06649651346},"median_abs_dev":{"confidence_interval":{"confidence_level":0.95,"lower_bound":409179.06023561954,"upper_bound":684625.3789454699},"point_estimate":514857.3037594557,"standard_error":72684.15219881218},"slope":null,"std_dev":{"confidence_interval":{"confidence_level":0.95,"lower_bound":594868.2612823594,"upper_bound":2542563.6216582423},"point_estimate":1698216.3205774876,"standard_error":492460.71915825043}}