{"mean":{"confidence_interval":{"confidence_level":0.95,"lower_bound":42353722.009500004,"upper_bound":42802528.865},"point_estimate":42575714.06,"standard_error":114336.79237247449},"median":{"confidence_interval":{"confidence_level":0.95,"lower_bound":42261050.5,"upper_bound":42680099.0},"point_estimate":42517573.75,"standard_error":102843.31470071293},"median_abs_dev":{"confidence_interval":{"confidence_level":0.95,"lower_bound":706498.9176571369,"upper_bound":1360372.1338185659},"point_estimate":951304.7133609653,"standard_error":163533.51291563717},"slope":null,"std_dev":{"confidence_interval":{"confidence_level":0.95,"lower_bound":975561.181466741,"upper_bound":1288819.3041635652},"point_estimate":1143732.3299268675,"standard_error":79662.63977868328}}