{"mean":{"confidence_interval":{"confidence_level":0.95,"lower_bound":96077601.4625,"upper_bound":99281317.991},"point_estimate":97705558.22,"standard_error":817087.1872365671},"median":{"confidence_interval":{"confidence_level":0.95,"lower_bound":95913107.0,"upper_bound":100394072.0},"point_estimate":99217946.5,"standard_error":1245040.765434125},"median_abs_dev":{"confidence_interval":{"confidence_level":0.95,"lower_bound":5820071.476373076,"upper_bound":9420796.798047423},"point_estimate":7794097.743827105,"standard_error":961547.582321582},"slope":null,"std_dev":{"confidence_interval":{"confidence_level":0.95,"lower_bound":6843565.443019038,"upper_bound":9516365.506255085},"point_estimate":8221872.605422065,"standard_error":684422.039764193}}