{"mean":{"confidence_interval":{"confidence_level":0.95,"lower_bound":5386347030.148,"upper_bound":5411262548.22375},"point_estimate":5398895065.53,"standard_error":6360526.475438693},"median":{"confidence_interval":{"confidence_level":0.95,"lower_bound":5389912731.0,"upper_bound":5419504452.0},"point_estimate":5403536927.0,"standard_error":6773036.110203127},"median_abs_dev":{"confidence_interval":{"confidence_level":0.95,"lower_bound":39466060.36243737,"upper_bound":73751983.87514055},"point_estimate":51613958.965069056,"standard_error":9026981.11838526},"slope":null,"std_dev":{"confidence_interval":{"confidence_level":0.95,"lower_bound":54020067.40779915,"upper_bound":72831203.80545712},"point_estimate":63958280.864587516,"standard_error":4819066.936739144}}