{"mean":{"confidence_interval":{"confidence_level":0.95,"lower_bound":32490209.960875,"upper_bound":32952392.513125},"point_estimate":32719505.49,"standard_error":118040.64851901884},"median":{"confidence_interval":{"confidence_level":0.95,"lower_bound":32160351.25,"upper_bound":32835532.25},"point_estimate":32511972.75,"standard_error":187362.8790464599},"median_abs_dev":{"confidence_interval":{"confidence_level":0.95,"lower_bound":868679.4168278575,"upper_bound":1492188.976262099},"point_estimate":1178790.7761722803,"standard_error":157320.9718075095},"slope":null,"std_dev":{"confidence_interval":{"confidence_level":0.95,"lower_bound":1026903.1242543113,"upper_bound":1324283.0174648834},"point_estimate":1185834.8155726634,"standard_error":75718.32022875591}}