{"mean":{"confidence_interval":{"confidence_level":0.95,"lower_bound":94964542.69150001,"upper_bound":100052956.111},"point_estimate":97539321.2,"standard_error":1296105.980464188},"median":{"confidence_interval":{"confidence_level":0.95,"lower_bound":97125049.0,"upper_bound":102699435.0},"point_estimate":99559821.0,"standard_error":1498304.522009585},"median_abs_dev":{"confidence_interval":{"confidence_level":0.95,"lower_bound":9123998.81581664,"upper_bound":16243423.133021593},"point_estimate":12900687.256667018,"standard_error":1811940.0023847155},"slope":null,"std_dev":{"confidence_interval":{"confidence_level":0.95,"lower_bound":11034499.037011882,"upper_bound":14855296.273203582},"point_estimate":13019919.359780677,"standard_error":975302.3434073741}}