{"mean":{"confidence_interval":{"confidence_level":0.95,"lower_bound":16729294.525499992,"upper_bound":17057649.179833338},"point_estimate":16893240.89,"standard_error":83445.91919437176},"median":{"confidence_interval":{"confidence_level":0.95,"lower_bound":16617635.333333334,"upper_bound":17132773.0},"point_estimate":16973071.833333336,"standard_error":146994.17560131787},"median_abs_dev":{"confidence_interval":{"confidence_level":0.95,"lower_bound":709944.9741959581,"upper_bound":1119851.4968186673},"point_estimate":830063.0001634369,"standard_error":101657.10234340632},"slope":null,"std_dev":{"confidence_interval":{"confidence_level":0.95,"lower_bound":739679.2854608247,"upper_bound":931577.3785951245},"point_estimate":841464.814520338,"standard_error":49211.13722020727}}