{"mean":{"confidence_interval":{"confidence_level":0.95,"lower_bound":4616571930.309999,"upper_bound":4788423339.78},"point_estimate":4702283852.64,"standard_error":43761673.095474154},"median":{"confidence_interval":{"confidence_level":0.95,"lower_bound":4650700648.0,"upper_bound":4824941093.0},"point_estimate":4704422483.5,"standard_error":44258525.46495326},"median_abs_dev":{"confidence_interval":{"confidence_level":0.95,"lower_bound":243618102.6561141,"upper_bound":563851493.7450349},"point_estimate":333157365.5433744,"standard_error":81688557.04940157},"slope":null,"std_dev":{"confidence_interval":{"confidence_level":0.95,"lower_bound":383421508.2371251,"upper_bound":489829107.3229272},"point_estimate":440902671.746177,"standard_error":27135264.28800351}}