{"mean":{"confidence_interval":{"confidence_level":0.95,"lower_bound":117358607.73750001,"upper_bound":120128166.081},"point_estimate":118742864.05,"standard_error":705940.7510919448},"median":{"confidence_interval":{"confidence_level":0.95,"lower_bound":117592803.5,"upper_bound":120973081.0},"point_estimate":119824500.5,"standard_error":870362.022832873},"median_abs_dev":{"confidence_interval":{"confidence_level":0.95,"lower_bound":4607002.988809347,"upper_bound":9267947.412461042},"point_estimate":6507881.480062008,"standard_error":1206250.5478171872},"slope":null,"std_dev":{"confidence_interval":{"confidence_level":0.95,"lower_bound":6050676.694710626,"upper_bound":8002208.090902454},"point_estimate":7074134.116716446,"standard_error":498586.49684241234}}