{"mean":{"confidence_interval":{"confidence_level":0.95,"lower_bound":75686980.3645,"upper_bound":77966592.43824999},"point_estimate":76839271.71,"standard_error":582181.7033957853},"median":{"confidence_interval":{"confidence_level":0.95,"lower_bound":76349715.5,"upper_bound":78538200.0},"point_estimate":77041903.5,"standard_error":547542.267455091},"median_abs_dev":{"confidence_interval":{"confidence_level":0.95,"lower_bound":4235209.910809994,"upper_bound":6875298.701304043},"point_estimate":5407288.956901431,"standard_error":690037.4156690425},"slope":null,"std_dev":{"confidence_interval":{"confidence_level":0.95,"lower_bound":5027004.093858691,"upper_bound":6564407.221771783},"point_estimate":5860453.698349105,"standard_error":391614.8457984769}}