{"mean":{"confidence_interval":{"confidence_level":0.95,"lower_bound":269750108.13,"upper_bound":276126174.45900005},"point_estimate":272946325.91,"standard_error":1626661.384946516},"median":{"confidence_interval":{"confidence_level":0.95,"lower_bound":270707726.0,"upper_bound":276453356.0},"point_estimate":273481418.5,"standard_error":1407238.5620847042},"median_abs_dev":{"confidence_interval":{"confidence_level":0.95,"lower_bound":11840559.408718055,"upper_bound":19859305.815526843},"point_estimate":14755974.316129088,"standard_error":2002752.0938626097},"slope":null,"std_dev":{"confidence_interval":{"confidence_level":0.95,"lower_bound":14131598.12490489,"upper_bound":18266681.29109087},"point_estimate":16323306.218788026,"standard_error":1050089.7670866991}}