{"mean":{"confidence_interval":{"confidence_level":0.95,"lower_bound":36097408.47,"upper_bound":36426213.615},"point_estimate":36260198.68,"standard_error":83930.44060670931},"median":{"confidence_interval":{"confidence_level":0.95,"lower_bound":36044314.25,"upper_bound":36404437.5},"point_estimate":36182315.5,"standard_error":87880.99202569631},"median_abs_dev":{"confidence_interval":{"confidence_level":0.95,"lower_bound":563703.7837922573,"upper_bound":924318.799290061},"point_estimate":758616.0132318735,"standard_error":94632.70956130704},"slope":null,"std_dev":{"confidence_interval":{"confidence_level":0.95,"lower_bound":712733.910854442,"upper_bound":959949.0594529074},"point_estimate":842405.8827894215,"standard_error":63143.74511675509}}