{"mean":{"confidence_interval":{"confidence_level":0.95,"lower_bound":9621831.757999996,"upper_bound":9752561.000833334},"point_estimate":9682334.240000004,"standard_error":33398.079685048964},"median":{"confidence_interval":{"confidence_level":0.95,"lower_bound":9603547.5,"upper_bound":9730215.25},"point_estimate":9630201.666666668,"standard_error":40633.79556853643},"median_abs_dev":{"confidence_interval":{"confidence_level":0.95,"lower_bound":158939.04142826702,"upper_bound":280770.2116653342},"point_estimate":221265.81462174654,"standard_error":31032.398689375575},"slope":null,"std_dev":{"confidence_interval":{"confidence_level":0.95,"lower_bound":211849.87697600605,"upper_bound":473188.18500833085},"point_estimate":336341.6293533487,"standard_error":73573.73215876149}}