{"mean":{"confidence_interval":{"confidence_level":0.95,"lower_bound":30373022.860375,"upper_bound":31074459.713125},"point_estimate":30727250.11,"standard_error":178764.41465524127},"median":{"confidence_interval":{"confidence_level":0.95,"lower_bound":29866872.0,"upper_bound":31572030.5},"point_estimate":31111556.75,"standard_error":415534.9217623021},"median_abs_dev":{"confidence_interval":{"confidence_level":0.95,"lower_bound":1725814.93961066,"upper_bound":2617959.836871922},"point_estimate":2295820.514591038,"standard_error":220230.73744571224},"slope":null,"std_dev":{"confidence_interval":{"confidence_level":0.95,"lower_bound":1614875.8945334228,"upper_bound":1964072.4831827108},"point_estimate":1798357.4945768863,"standard_error":88989.76497473453}}