{"mean":{"confidence_interval":{"confidence_level":0.95,"lower_bound":162753772.6905,"upper_bound":163764748.48},"point_estimate":163276552.96,"standard_error":259643.16991234486},"median":{"confidence_interval":{"confidence_level":0.95,"lower_bound":163298272.0,"upper_bound":163724030.0},"point_estimate":163616178.0,"standard_error":110377.26786456163},"median_abs_dev":{"confidence_interval":{"confidence_level":0.95,"lower_bound":874980.8373659849,"upper_bound":1821349.6047645807},"point_estimate":1321442.8391397,"standard_error":227782.64080497675},"slope":null,"std_dev":{"confidence_interval":{"confidence_level":0.95,"lower_bound":1976218.4738655193,"upper_bound":3132617.6729268115},"point_estimate":2593904.8412866304,"standard_error":295379.08622840495}}