{"mean":{"confidence_interval":{"confidence_level":0.95,"lower_bound":11119728.677250005,"upper_bound":11258634.252599994},"point_estimate":11188321.77,"standard_error":35460.94126765236},"median":{"confidence_interval":{"confidence_level":0.95,"lower_bound":11063834.899999999,"upper_bound":11143889.0},"point_estimate":11081445.0,"standard_error":20099.454328084823},"median_abs_dev":{"confidence_interval":{"confidence_level":0.95,"lower_bound":146572.05729782858,"upper_bound":429483.41513514466},"point_estimate":212226.03193223476,"standard_error":63120.021948847905},"slope":null,"std_dev":{"confidence_interval":{"confidence_level":0.95,"lower_bound":301777.879602205,"upper_bound":405903.4279935437},"point_estimate":356694.95164469094,"standard_error":26587.52075636897}}