{"mean":{"confidence_interval":{"confidence_level":0.95,"lower_bound":265920229.8015,"upper_bound":279464401.47},"point_estimate":272568016.53,"standard_error":3457265.3539878493},"median":{"confidence_interval":{"confidence_level":0.95,"lower_bound":260194832.0,"upper_bound":273794672.0},"point_estimate":266253334.5,"standard_error":3718412.1619466953},"median_abs_dev":{"confidence_interval":{"confidence_level":0.95,"lower_bound":19474714.19325471,"upper_bound":36844851.77837312},"point_estimate":29085634.422826767,"standard_error":4459376.734029293},"slope":null,"std_dev":{"confidence_interval":{"confidence_level":0.95,"lower_bound":28625318.48379078,"upper_bound":40083379.670570664},"point_estimate":34739334.60116796,"standard_error":2927485.17677589}}