{"mean":{"confidence_interval":{"confidence_level":0.95,"lower_bound":182996574.3445,"upper_bound":188926292.41625},"point_estimate":185959213.72,"standard_error":1515101.783824026},"median":{"confidence_interval":{"confidence_level":0.95,"lower_bound":178042849.0,"upper_bound":191554595.0},"point_estimate":182422743.0,"standard_error":3051211.263670417},"median_abs_dev":{"confidence_interval":{"confidence_level":0.95,"lower_bound":12801826.749122143,"upper_bound":21887419.424193125},"point_estimate":16805387.08574474,"standard_error":2350573.0630301298},"slope":null,"std_dev":{"confidence_interval":{"confidence_level":0.95,"lower_bound":13826736.065494502,"upper_bound":16549993.536631625},"point_estimate":15302685.43306155,"standard_error":695511.0962008893}}