{"mean":{"confidence_interval":{"confidence_level":0.95,"lower_bound":4466502527.98775,"upper_bound":4651719662.618},"point_estimate":4559523940.16,"standard_error":47228469.98213074},"median":{"confidence_interval":{"confidence_level":0.95,"lower_bound":4496060805.0,"upper_bound":4697599050.0},"point_estimate":4613319510.5,"standard_error":55754979.76617528},"median_abs_dev":{"confidence_interval":{"confidence_level":0.95,"lower_bound":346790477.2021383,"upper_bound":634222713.795796},"point_estimate":477589390.5959934,"standard_error":74056791.28871803},"slope":null,"std_dev":{"confidence_interval":{"confidence_level":0.95,"lower_bound":417436117.9182163,"upper_bound":526756723.5333486},"point_estimate":475675714.1768809,"standard_error":27873857.22220202}}