{"mean":{"confidence_interval":{"confidence_level":0.95,"lower_bound":3010036985.0775003,"upper_bound":3143162499.55125},"point_estimate":3070659291.87,"standard_error":34033990.91922081},"median":{"confidence_interval":{"confidence_level":0.95,"lower_bound":3026295014.0,"upper_bound":3063002395.0},"point_estimate":3047774163.5,"standard_error":8254984.622387641},"median_abs_dev":{"confidence_interval":{"confidence_level":0.95,"lower_bound":47418486.44005358,"upper_bound":125280336.03512943},"point_estimate":68259730.07894754,"standard_error":21657972.800193857},"slope":null,"std_dev":{"confidence_interval":{"confidence_level":0.95,"lower_bound":180716245.90434316,"upper_bound":465440186.78401893},"point_estimate":342162724.136059,"standard_error":70877816.0676668}}