{"mean":{"confidence_interval":{"confidence_level":0.95,"lower_bound":224499084.69125,"upper_bound":228081795.86325002},"point_estimate":226299826.42,"standard_error":913093.6009750847},"median":{"confidence_interval":{"confidence_level":0.95,"lower_bound":223860145.0,"upper_bound":229007010.0},"point_estimate":226719874.5,"standard_error":1326277.7995703886},"median_abs_dev":{"confidence_interval":{"confidence_level":0.95,"lower_bound":6819881.338187903,"upper_bound":11037186.593350768},"point_estimate":8611223.823720217,"standard_error":1065120.3418389154},"slope":null,"std_dev":{"confidence_interval":{"confidence_level":0.95,"lower_bound":7944787.670164976,"upper_bound":10386554.74409818},"point_estimate":9219708.351044882,"standard_error":625255.8806099608}}