{"mean":{"confidence_interval":{"confidence_level":0.95,"lower_bound":15833128.705,"upper_bound":16131565.63},"point_estimate":15982058.735,"standard_error":75808.44859059264},"median":{"confidence_interval":{"confidence_level":0.95,"lower_bound":15830433.375,"upper_bound":16151883.75},"point_estimate":15994904.25,"standard_error":66123.5443072003},"median_abs_dev":{"confidence_interval":{"confidence_level":0.95,"lower_bound":412280.28873056173,"upper_bound":838485.1564139128},"point_estimate":608339.6798998117,"standard_error":105484.76237487227},"slope":null,"std_dev":{"confidence_interval":{"confidence_level":0.95,"lower_bound":636314.907816757,"upper_bound":863943.8596055822},"point_estimate":756531.0293334724,"standard_error":57947.57478629277}}