{"mean":{"confidence_interval":{"confidence_level":0.95,"lower_bound":31148083.883375,"upper_bound":32355154.450625},"point_estimate":31743315.18,"standard_error":307872.18318167474},"median":{"confidence_interval":{"confidence_level":0.95,"lower_bound":30737281.5,"upper_bound":31788198.0},"point_estimate":31287270.75,"standard_error":266343.8833630802},"median_abs_dev":{"confidence_interval":{"confidence_level":0.95,"lower_bound":2279440.750081837,"upper_bound":3560610.521524024},"point_estimate":3138643.7585279346,"standard_error":331499.5032559161},"slope":null,"std_dev":{"confidence_interval":{"confidence_level":0.95,"lower_bound":2596793.849601123,"upper_bound":3542220.8596042134},"point_estimate":3100359.2507066573,"standard_error":241475.47407530082}}