{"mean":{"confidence_interval":{"confidence_level":0.95,"lower_bound":788093270.19,"upper_bound":820423993.86675},"point_estimate":804159472.89,"standard_error":8221402.488712766},"median":{"confidence_interval":{"confidence_level":0.95,"lower_bound":790451399.0,"upper_bound":828040394.0},"point_estimate":809340917.0,"standard_error":8524056.931149114},"median_abs_dev":{"confidence_interval":{"confidence_level":0.95,"lower_bound":74387211.24686301,"upper_bound":119072765.55793583},"point_estimate":103294406.6085577,"standard_error":12175627.566191675},"slope":null,"std_dev":{"confidence_interval":{"confidence_level":0.95,"lower_bound":73500144.37327184,"upper_bound":90543707.52241147},"point_estimate":82629703.35769045,"standard_error":4360532.485051554}}