{"mean":{"confidence_interval":{"confidence_level":0.95,"lower_bound":43913258.390875,"upper_bound":44494557.914625004},"point_estimate":44181770.71,"standard_error":149267.1210462265},"median":{"confidence_interval":{"confidence_level":0.95,"lower_bound":43753897.75,"upper_bound":44110028.5},"point_estimate":44013807.75,"standard_error":89739.28560897341},"median_abs_dev":{"confidence_interval":{"confidence_level":0.95,"lower_bound":570974.4540631771,"upper_bound":968512.5099554658},"point_estimate":806608.8863298297,"standard_error":102465.3181366011},"slope":null,"std_dev":{"confidence_interval":{"confidence_level":0.95,"lower_bound":857963.6141820488,"upper_bound":2022937.0751397603},"point_estimate":1501308.5163531094,"standard_error":294666.0019595422}}