{"mean":{"confidence_interval":{"confidence_level":0.95,"lower_bound":19776062474.373253,"upper_bound":19962629345.211},"point_estimate":19869073156.1,"standard_error":47615862.68613131},"median":{"confidence_interval":{"confidence_level":0.95,"lower_bound":19636489117.0,"upper_bound":20007908846.0},"point_estimate":19828390082.0,"standard_error":90483986.68750344},"median_abs_dev":{"confidence_interval":{"confidence_level":0.95,"lower_bound":408645954.35008407,"upper_bound":658322142.8584456},"point_estimate":523598788.0755633,"standard_error":62159758.655528806},"slope":null,"std_dev":{"confidence_interval":{"confidence_level":0.95,"lower_bound":424314498.62268686,"upper_bound":522867023.83087635},"point_estimate":476580724.1793735,"standard_error":25148767.90144289}}