{"mean":{"confidence_interval":{"confidence_level":0.95,"lower_bound":1216871893.9220002,"upper_bound":1285329098.066},"point_estimate":1250832480.37,"standard_error":17461566.366983183},"median":{"confidence_interval":{"confidence_level":0.95,"lower_bound":1200469923.0,"upper_bound":1299906843.0},"point_estimate":1238874767.0,"standard_error":26379409.73442036},"median_abs_dev":{"confidence_interval":{"confidence_level":0.95,"lower_bound":121559267.3322916,"upper_bound":208810023.74128103},"point_estimate":156916438.26687634,"standard_error":21811390.835426584},"slope":null,"std_dev":{"confidence_interval":{"confidence_level":0.95,"lower_bound":147740320.4063278,"upper_bound":200727137.203042},"point_estimate":175277866.73686594,"standard_error":13552161.509332886}}