{"mean":{"confidence_interval":{"confidence_level":0.95,"lower_bound":113707751.38,"upper_bound":115087394.41724999},"point_estimate":114391373.96,"standard_error":354057.1540335842},"median":{"confidence_interval":{"confidence_level":0.95,"lower_bound":113100810.0,"upper_bound":114601995.0},"point_estimate":113570210.0,"standard_error":386826.1273836013},"median_abs_dev":{"confidence_interval":{"confidence_level":0.95,"lower_bound":2963032.3861956596,"upper_bound":4740778.725734353},"point_estimate":3842744.200077653,"standard_error":465494.71228654607},"slope":null,"std_dev":{"confidence_interval":{"confidence_level":0.95,"lower_bound":3158904.8719848422,"upper_bound":3906391.1608174383},"point_estimate":3562718.8096880484,"standard_error":190194.95857644556}}