{"mean":{"confidence_interval":{"confidence_level":0.95,"lower_bound":69586756.8545,"upper_bound":71437106.55},"point_estimate":70509048.52,"standard_error":472840.1444537748},"median":{"confidence_interval":{"confidence_level":0.95,"lower_bound":69186563.0,"upper_bound":71423348.0},"point_estimate":70665491.0,"standard_error":529476.9648953774},"median_abs_dev":{"confidence_interval":{"confidence_level":0.95,"lower_bound":3802664.6858067075,"upper_bound":5933468.87665987},"point_estimate":4889264.819598198,"standard_error":546343.7224343896},"slope":null,"std_dev":{"confidence_interval":{"confidence_level":0.95,"lower_bound":4117833.2068482386,"upper_bound":5297164.269192105},"point_estimate":4740630.406194384,"standard_error":301668.8875992958}}