{"mean":{"confidence_interval":{"confidence_level":0.95,"lower_bound":12046972.023100005,"upper_bound":12298475.240050003},"point_estimate":12169734.614,"standard_error":64203.82582542219},"median":{"confidence_interval":{"confidence_level":0.95,"lower_bound":11919512.4,"upper_bound":12167235.4},"point_estimate":11993099.6,"standard_error":75812.00412108394},"median_abs_dev":{"confidence_interval":{"confidence_level":0.95,"lower_bound":325607.12361932074,"upper_bound":683368.5789477823},"point_estimate":490758.53074729524,"standard_error":98375.98549497666},"slope":null,"std_dev":{"confidence_interval":{"confidence_level":0.95,"lower_bound":527623.8037964682,"upper_bound":762611.2859190209},"point_estimate":645597.3319304752,"standard_error":60180.89999111942}}