{"mean":{"confidence_interval":{"confidence_level":0.95,"lower_bound":55769955.007999994,"upper_bound":57360635.205},"point_estimate":56571377.9,"standard_error":406244.7067160113},"median":{"confidence_interval":{"confidence_level":0.95,"lower_bound":56058639.83750003,"upper_bound":57101535.5},"point_estimate":56607749.5,"standard_error":265473.8817103521},"median_abs_dev":{"confidence_interval":{"confidence_level":0.95,"lower_bound":2697890.1373028755,"upper_bound":4685719.280784353},"point_estimate":3465366.909277439,"standard_error":497693.10802005354},"slope":null,"std_dev":{"confidence_interval":{"confidence_level":0.95,"lower_bound":3446225.8913372657,"upper_bound":4628121.826318572},"point_estimate":4073252.9376180004,"standard_error":301433.0709011727}}