{"mean":{"confidence_interval":{"confidence_level":0.95,"lower_bound":75671397.49725,"upper_bound":78003663.8775},"point_estimate":76814285.41,"standard_error":595863.5949692142},"median":{"confidence_interval":{"confidence_level":0.95,"lower_bound":74381307.5,"upper_bound":77549979.0},"point_estimate":75992554.0,"standard_error":794211.3744768335},"median_abs_dev":{"confidence_interval":{"confidence_level":0.95,"lower_bound":4855079.770705104,"upper_bound":8112692.91087091},"point_estimate":6826243.137609959,"standard_error":842330.6444398456},"slope":null,"std_dev":{"confidence_interval":{"confidence_level":0.95,"lower_bound":5193389.920120935,"upper_bound":6702824.174473018},"point_estimate":5987071.542747437,"standard_error":386275.6198118539}}