{"mean":{"confidence_interval":{"confidence_level":0.95,"lower_bound":9873435.187708333,"upper_bound":10039550.632083334},"point_estimate":9955453.385,"standard_error":42382.256875270316},"median":{"confidence_interval":{"confidence_level":0.95,"lower_bound":9849963.333333334,"upper_bound":10012407.166666666},"point_estimate":9934408.333333332,"standard_error":45225.95807948401},"median_abs_dev":{"confidence_interval":{"confidence_level":0.95,"lower_bound":257406.65998011734,"upper_bound":512534.13446445187},"point_estimate":366079.87900078023,"standard_error":66785.4285485436},"slope":null,"std_dev":{"confidence_interval":{"confidence_level":0.95,"lower_bound":359642.70925554953,"upper_bound":486679.21237824706},"point_estimate":425306.5956526995,"standard_error":32424.195382303675}}