{"mean":{"confidence_interval":{"confidence_level":0.95,"lower_bound":66572140.985,"upper_bound":69441356.41575},"point_estimate":68002554.81,"standard_error":733241.0639818426},"median":{"confidence_interval":{"confidence_level":0.95,"lower_bound":65686085.5,"upper_bound":69487414.0},"point_estimate":67414467.0,"standard_error":1096692.5418950957},"median_abs_dev":{"confidence_interval":{"confidence_level":0.95,"lower_bound":6183289.93742466,"upper_bound":9652883.739227057},"point_estimate":8283699.698334932,"standard_error":892376.045674409},"slope":null,"std_dev":{"confidence_interval":{"confidence_level":0.95,"lower_bound":6435451.97394201,"upper_bound":8180744.711268545},"point_estimate":7354439.436579036,"standard_error":444745.478211394}}