{"mean":{"confidence_interval":{"confidence_level":0.95,"lower_bound":51223207.380499996,"upper_bound":52065210.1115},"point_estimate":51645207.2,"standard_error":214220.98396959697},"median":{"confidence_interval":{"confidence_level":0.95,"lower_bound":51681020.0,"upper_bound":52559808.0},"point_estimate":52107294.0,"standard_error":234790.28514789027},"median_abs_dev":{"confidence_interval":{"confidence_level":0.95,"lower_bound":1343933.8807404041,"upper_bound":2576445.9256589413},"point_estimate":1969267.1215385199,"standard_error":310859.15810496965},"slope":null,"std_dev":{"confidence_interval":{"confidence_level":0.95,"lower_bound":1810945.2791765493,"upper_bound":2511222.679093731},"point_estimate":2150980.8035518844,"standard_error":180126.5097127181}}