{"mean":{"confidence_interval":{"confidence_level":0.95,"lower_bound":85613625.77,"upper_bound":88038487.41775},"point_estimate":86826774.82,"standard_error":619367.6038798542},"median":{"confidence_interval":{"confidence_level":0.95,"lower_bound":85661898.0,"upper_bound":88029788.0},"point_estimate":87101032.0,"standard_error":670424.9423598796},"median_abs_dev":{"confidence_interval":{"confidence_level":0.95,"lower_bound":4507023.118284345,"upper_bound":8150918.785992265},"point_estimate":6379449.03344214,"standard_error":967663.5634107895},"slope":null,"std_dev":{"confidence_interval":{"confidence_level":0.95,"lower_bound":5351061.323870664,"upper_bound":6986435.824963459},"point_estimate":6212170.4915237175,"standard_error":416936.9735044873}}