{"mean":{"confidence_interval":{"confidence_level":0.95,"lower_bound":43195177.624,"upper_bound":43649630.822},"point_estimate":43419198.725,"standard_error":115698.87804051035},"median":{"confidence_interval":{"confidence_level":0.95,"lower_bound":43186721.25,"upper_bound":43567503.0},"point_estimate":43385764.75,"standard_error":91807.52256994079},"median_abs_dev":{"confidence_interval":{"confidence_level":0.95,"lower_bound":627456.6946104169,"upper_bound":1301176.068149507},"point_estimate":974565.9656479955,"standard_error":192643.54523574465},"slope":null,"std_dev":{"confidence_interval":{"confidence_level":0.95,"lower_bound":973057.5142900248,"upper_bound":1319492.4149857825},"point_estimate":1156579.3456532038,"standard_error":88256.7961268395}}