{"mean":{"confidence_interval":{"confidence_level":0.95,"lower_bound":833601339.96225,"upper_bound":863807810.49025},"point_estimate":848941913.35,"standard_error":7699381.806610206},"median":{"confidence_interval":{"confidence_level":0.95,"lower_bound":835969011.0,"upper_bound":866349373.0},"point_estimate":849491276.5,"standard_error":8098645.980447465},"median_abs_dev":{"confidence_interval":{"confidence_level":0.95,"lower_bound":46488470.009064674,"upper_bound":86295768.54664385},"point_estimate":66270398.190665245,"standard_error":10106405.690863065},"slope":null,"std_dev":{"confidence_interval":{"confidence_level":0.95,"lower_bound":62725001.06228067,"upper_bound":92788904.51010256},"point_estimate":77216759.85604493,"standard_error":7789374.523689668}}