{"mean":{"confidence_interval":{"confidence_level":0.95,"lower_bound":137459316.37125,"upper_bound":140281279.13825},"point_estimate":138885490.84,"standard_error":721696.0923063712},"median":{"confidence_interval":{"confidence_level":0.95,"lower_bound":136693250.0,"upper_bound":141467240.5},"point_estimate":138868961.5,"standard_error":1192127.4378570498},"median_abs_dev":{"confidence_interval":{"confidence_level":0.95,"lower_bound":5903393.594893813,"upper_bound":9616168.63347888},"point_estimate":7905375.026151538,"standard_error":909808.9802476162},"slope":null,"std_dev":{"confidence_interval":{"confidence_level":0.95,"lower_bound":6240058.0404165,"upper_bound":8154627.412109068},"point_estimate":7236923.484426983,"standard_error":491309.85298951506}}