{"mean":{"confidence_interval":{"confidence_level":0.95,"lower_bound":1939721841.20275,"upper_bound":1974698752.92825},"point_estimate":1957429485.24,"standard_error":8931904.172644388},"median":{"confidence_interval":{"confidence_level":0.95,"lower_bound":1967372119.100001,"upper_bound":2012314583.0},"point_estimate":1991654687.5,"standard_error":12265023.818208603},"median_abs_dev":{"confidence_interval":{"confidence_level":0.95,"lower_bound":43897856.35805726,"upper_bound":114571436.3648504},"point_estimate":68885106.3151449,"standard_error":18730652.01461712},"slope":null,"std_dev":{"confidence_interval":{"confidence_level":0.95,"lower_bound":80708095.58987175,"upper_bound":97730399.5106331},"point_estimate":90094844.78634912,"standard_error":4335610.32184313}}