{"mean":{"confidence_interval":{"confidence_level":0.95,"lower_bound":180481177.44250003,"upper_bound":183771713.9765},"point_estimate":182117909.18,"standard_error":839820.363583249},"median":{"confidence_interval":{"confidence_level":0.95,"lower_bound":180057019.0,"upper_bound":183285825.0},"point_estimate":181331289.0,"standard_error":865555.594780931},"median_abs_dev":{"confidence_interval":{"confidence_level":0.95,"lower_bound":5897152.590304613,"upper_bound":9229192.249149084},"point_estimate":7712777.135270834,"standard_error":865482.9183876887},"slope":null,"std_dev":{"confidence_interval":{"confidence_level":0.95,"lower_bound":6998407.797761361,"upper_bound":9727480.154001435},"point_estimate":8424639.705713648,"standard_error":697700.9325942809}}