{"mean":{"confidence_interval":{"confidence_level":0.95,"lower_bound":275581539.582,"upper_bound":311642124.1935},"point_estimate":292038498.83,"standard_error":9229354.896134615},"median":{"confidence_interval":{"confidence_level":0.95,"lower_bound":262513337.5,"upper_bound":276005817.0},"point_estimate":269802377.5,"standard_error":3891902.1030684765},"median_abs_dev":{"confidence_interval":{"confidence_level":0.95,"lower_bound":15512253.751802444,"upper_bound":30738943.66321965},"point_estimate":24084669.03861165,"standard_error":4018685.532040239},"slope":null,"std_dev":{"confidence_interval":{"confidence_level":0.95,"lower_bound":53989003.84996896,"upper_bound":123658234.95116296},"point_estimate":92893391.68104348,"standard_error":17644778.069751617}}