{"mean":{"confidence_interval":{"confidence_level":0.95,"lower_bound":187677397.3325,"upper_bound":192320256.93},"point_estimate":189985905.22,"standard_error":1185261.9833439216},"median":{"confidence_interval":{"confidence_level":0.95,"lower_bound":183967025.0,"upper_bound":193940521.0},"point_estimate":188811642.0,"standard_error":2479005.0742658796},"median_abs_dev":{"confidence_interval":{"confidence_level":0.95,"lower_bound":10047135.241627693,"upper_bound":17030578.899226777},"point_estimate":13556724.40162003,"standard_error":1792490.8595482528},"slope":null,"std_dev":{"confidence_interval":{"confidence_level":0.95,"lower_bound":10597359.433193976,"upper_bound":13065377.886012435},"point_estimate":11881395.13550973,"standard_error":629396.2389294229}}