{"mean":{"confidence_interval":{"confidence_level":0.95,"lower_bound":2737990581.77325,"upper_bound":2796474581.87},"point_estimate":2767597365.13,"standard_error":14950324.786599595},"median":{"confidence_interval":{"confidence_level":0.95,"lower_bound":2785667802.5,"upper_bound":2835972439.5},"point_estimate":2822915104.0,"standard_error":13848810.751327854},"median_abs_dev":{"confidence_interval":{"confidence_level":0.95,"lower_bound":70450072.1303612,"upper_bound":150976499.32393134},"point_estimate":101897291.12546146,"standard_error":19985131.977456808},"slope":null,"std_dev":{"confidence_interval":{"confidence_level":0.95,"lower_bound":128865140.20449655,"upper_bound":171469608.49904257},"point_estimate":150511800.3755807,"standard_error":10844431.667639164}}