{"mean":{"confidence_interval":{"confidence_level":0.95,"lower_bound":12000404.309999995,"upper_bound":12152750.614750002},"point_estimate":12075787.663999997,"standard_error":38961.59834433122},"median":{"confidence_interval":{"confidence_level":0.95,"lower_bound":11959772.100000001,"upper_bound":12189663.4},"point_estimate":12070672.1,"standard_error":51565.08937493459},"median_abs_dev":{"confidence_interval":{"confidence_level":0.95,"lower_bound":297295.5427819485,"upper_bound":473564.9671125401},"point_estimate":367844.1729694619,"standard_error":45045.07590474491},"slope":null,"std_dev":{"confidence_interval":{"confidence_level":0.95,"lower_bound":324021.87004124967,"upper_bound":461790.38017546904},"point_estimate":391476.28583787155,"standard_error":35577.575189788586}}