{"mean":{"confidence_interval":{"confidence_level":0.95,"lower_bound":60299547.956,"upper_bound":62124651.212},"point_estimate":61205192.58,"standard_error":466172.26403203345},"median":{"confidence_interval":{"confidence_level":0.95,"lower_bound":59535486.0,"upper_bound":61841921.5},"point_estimate":60733182.0,"standard_error":586814.3319615272},"median_abs_dev":{"confidence_interval":{"confidence_level":0.95,"lower_bound":3420865.9297674894,"upper_bound":6225576.65387392},"point_estimate":4410064.786505699,"standard_error":771957.8832879614},"slope":null,"std_dev":{"confidence_interval":{"confidence_level":0.95,"lower_bound":4102854.074252264,"upper_bound":5244568.7780645825},"point_estimate":4710775.56004197,"standard_error":290751.86834799446}}