{"mean":{"confidence_interval":{"confidence_level":0.95,"lower_bound":89767812.9135,"upper_bound":91135964.74525},"point_estimate":90446744.84,"standard_error":348736.55992997705},"median":{"confidence_interval":{"confidence_level":0.95,"lower_bound":89417629.0,"upper_bound":91568904.0},"point_estimate":90289264.0,"standard_error":548908.5047663496},"median_abs_dev":{"confidence_interval":{"confidence_level":0.95,"lower_bound":2715292.154493928,"upper_bound":3980824.6660262346},"point_estimate":3291443.106365204,"standard_error":316873.39548490377},"slope":null,"std_dev":{"confidence_interval":{"confidence_level":0.95,"lower_bound":2947628.751661929,"upper_bound":4014027.875706541},"point_estimate":3501295.826846799,"standard_error":272078.3034433103}}