{"mean":{"confidence_interval":{"confidence_level":0.95,"lower_bound":10285019364.10475,"upper_bound":10404105592.41},"point_estimate":10344922868.36,"standard_error":30386584.33479338},"median":{"confidence_interval":{"confidence_level":0.95,"lower_bound":10269981380.0,"upper_bound":10429273923.0},"point_estimate":10373543742.5,"standard_error":42018822.226799674},"median_abs_dev":{"confidence_interval":{"confidence_level":0.95,"lower_bound":221932225.51871538,"upper_bound":374739456.34004474},"point_estimate":266953055.72913587,"standard_error":38885500.965997525},"slope":null,"std_dev":{"confidence_interval":{"confidence_level":0.95,"lower_bound":262957409.11078486,"upper_bound":344382555.1881297},"point_estimate":306165317.6954299,"standard_error":20748605.50737585}}