{"mean":{"confidence_interval":{"confidence_level":0.95,"lower_bound":36973939.83275,"upper_bound":38076844.99775},"point_estimate":37519481.08,"standard_error":281597.74908182095},"median":{"confidence_interval":{"confidence_level":0.95,"lower_bound":36754869.5,"upper_bound":38055439.0},"point_estimate":37536675.75,"standard_error":328819.0465901381},"median_abs_dev":{"confidence_interval":{"confidence_level":0.95,"lower_bound":2170504.8637658358,"upper_bound":3414353.6186493556},"point_estimate":2729406.8768933415,"standard_error":302076.18693656405},"slope":null,"std_dev":{"confidence_interval":{"confidence_level":0.95,"lower_bound":2426562.5369578833,"upper_bound":3184914.810731451},"point_estimate":2825456.5071889847,"standard_error":194051.40212787257}}