{"mean":{"confidence_interval":{"confidence_level":0.95,"lower_bound":15209279.540000001,"upper_bound":15436244.758875001},"point_estimate":15321602.2975,"standard_error":57843.128448865195},"median":{"confidence_interval":{"confidence_level":0.95,"lower_bound":15188980.5,"upper_bound":15515460.25},"point_estimate":15363135.75,"standard_error":66627.81116450934},"median_abs_dev":{"confidence_interval":{"confidence_level":0.95,"lower_bound":443558.3297252655,"upper_bound":681127.1843075752},"point_estimate":588817.9153963923,"standard_error":62758.356019767736},"slope":null,"std_dev":{"confidence_interval":{"confidence_level":0.95,"lower_bound":496892.19514746853,"upper_bound":665877.8046753744},"point_estimate":584722.1701400395,"standard_error":43256.83668354198}}