{"mean":{"confidence_interval":{"confidence_level":0.95,"lower_bound":160688604.86,"upper_bound":161575450.61725},"point_estimate":161131275.11,"standard_error":226087.88851268857},"median":{"confidence_interval":{"confidence_level":0.95,"lower_bound":160850237.0,"upper_bound":161308972.0},"point_estimate":161024399.0,"standard_error":112184.09835282907},"median_abs_dev":{"confidence_interval":{"confidence_level":0.95,"lower_bound":770914.9213135242,"upper_bound":1485846.867620945},"point_estimate":1115301.397499442,"standard_error":183759.8109919852},"slope":null,"std_dev":{"confidence_interval":{"confidence_level":0.95,"lower_bound":1631777.8927087975,"upper_bound":2852136.98085074},"point_estimate":2273576.409777336,"standard_error":311104.54636160296}}