{"mean":{"confidence_interval":{"confidence_level":0.95,"lower_bound":587604369.7802501,"upper_bound":610484323.06575},"point_estimate":599002386.43,"standard_error":5847341.013984352},"median":{"confidence_interval":{"confidence_level":0.95,"lower_bound":580361289.5,"upper_bound":605666065.0},"point_estimate":593909780.5,"standard_error":6671525.737923062},"median_abs_dev":{"confidence_interval":{"confidence_level":0.95,"lower_bound":36210453.198568456,"upper_bound":68599189.41210842},"point_estimate":54240825.891932845,"standard_error":8379112.547103274},"slope":null,"std_dev":{"confidence_interval":{"confidence_level":0.95,"lower_bound":47959953.45145591,"upper_bound":68626684.38291346},"point_estimate":58644443.435506016,"standard_error":5272228.339574834}}