{"mean":{"confidence_interval":{"confidence_level":0.95,"lower_bound":102720858.74925,"upper_bound":105362542.29175},"point_estimate":104050422.59,"standard_error":673816.5595930066},"median":{"confidence_interval":{"confidence_level":0.95,"lower_bound":102557367.5,"upper_bound":106013768.0},"point_estimate":103997394.5,"standard_error":848010.049794782},"median_abs_dev":{"confidence_interval":{"confidence_level":0.95,"lower_bound":5060244.920262694,"upper_bound":8731358.899587393},"point_estimate":6759655.124992132,"standard_error":964651.3303754547},"slope":null,"std_dev":{"confidence_interval":{"confidence_level":0.95,"lower_bound":5840184.56906647,"upper_bound":7624484.064970981},"point_estimate":6773346.25434964,"standard_error":455265.8762311835}}