{"mean":{"confidence_interval":{"confidence_level":0.95,"lower_bound":38522420.784125,"upper_bound":38890401.395},"point_estimate":38704834.175,"standard_error":93814.97016703572},"median":{"confidence_interval":{"confidence_level":0.95,"lower_bound":38358221.0,"upper_bound":38880325.0},"point_estimate":38678416.25,"standard_error":139807.76972096608},"median_abs_dev":{"confidence_interval":{"confidence_level":0.95,"lower_bound":693088.4302452207,"upper_bound":1095996.0925921798},"point_estimate":956180.6140244007,"standard_error":103906.11222002628},"slope":null,"std_dev":{"confidence_interval":{"confidence_level":0.95,"lower_bound":778795.424617679,"upper_bound":1108676.4096281573},"point_estimate":943046.132965318,"standard_error":84452.89109815581}}