{"mean":{"confidence_interval":{"confidence_level":0.95,"lower_bound":142124066.2645,"upper_bound":145441400.55025},"point_estimate":143799763.18,"standard_error":848315.4188978311},"median":{"confidence_interval":{"confidence_level":0.95,"lower_bound":141967872.0,"upper_bound":146078340.0},"point_estimate":144107181.0,"standard_error":1099199.8874164901},"median_abs_dev":{"confidence_interval":{"confidence_level":0.95,"lower_bound":5845584.056720138,"upper_bound":9784764.713385701},"point_estimate":7476532.242465019,"standard_error":1028972.9678536037},"slope":null,"std_dev":{"confidence_interval":{"confidence_level":0.95,"lower_bound":7149475.305108409,"upper_bound":9702844.77472445},"point_estimate":8502229.000148175,"standard_error":652428.4052037506}}