{"mean":{"confidence_interval":{"confidence_level":0.95,"lower_bound":4212205032.017,"upper_bound":4355607981.33875},"point_estimate":4283510847.37,"standard_error":36590285.18283614},"median":{"confidence_interval":{"confidence_level":0.95,"lower_bound":4196715566.0,"upper_bound":4380831828.0},"point_estimate":4314050427.5,"standard_error":51644330.50971081},"median_abs_dev":{"confidence_interval":{"confidence_level":0.95,"lower_bound":273780741.4365202,"upper_bound":440773702.3004025},"point_estimate":383911913.93600106,"standard_error":40539592.57388039},"slope":null,"std_dev":{"confidence_interval":{"confidence_level":0.95,"lower_bound":314739129.6535856,"upper_bound":412683000.9997287},"point_estimate":366351498.0135511,"standard_error":25147008.084091794}}