{"mean":{"confidence_interval":{"confidence_level":0.95,"lower_bound":3372975464.3382497,"upper_bound":3401482732.99825},"point_estimate":3387247225.56,"standard_error":7259405.867359556},"median":{"confidence_interval":{"confidence_level":0.95,"lower_bound":3380901508.5,"upper_bound":3410287075.0},"point_estimate":3398887796.5,"standard_error":8122862.588502645},"median_abs_dev":{"confidence_interval":{"confidence_level":0.95,"lower_bound":48391147.635385394,"upper_bound":99311964.42596018},"point_estimate":75958569.29186583,"standard_error":13766145.037081918},"slope":null,"std_dev":{"confidence_interval":{"confidence_level":0.95,"lower_bound":63962877.859176636,"upper_bound":80194598.13342017},"point_estimate":72659126.85242146,"standard_error":4120234.4051196347}}