{"mean":{"confidence_interval":{"confidence_level":0.95,"lower_bound":4944178943.83725,"upper_bound":4979138614.35175},"point_estimate":4961487467.17,"standard_error":8903285.005376754},"median":{"confidence_interval":{"confidence_level":0.95,"lower_bound":4934297581.0,"upper_bound":4981695474.0},"point_estimate":4957476333.5,"standard_error":11792969.419150412},"median_abs_dev":{"confidence_interval":{"confidence_level":0.95,"lower_bound":67536420.70148885,"upper_bound":102717937.63899207},"point_estimate":83731836.50606275,"standard_error":9157536.262669794},"slope":null,"std_dev":{"confidence_interval":{"confidence_level":0.95,"lower_bound":76516224.9875601,"upper_bound":101747266.89759712},"point_estimate":89552224.74262498,"standard_error":6461109.019287598}}