{"mean":{"confidence_interval":{"confidence_level":0.95,"lower_bound":441363436.8555,"upper_bound":443221266.34},"point_estimate":442280625.69,"standard_error":474014.24173118395},"median":{"confidence_interval":{"confidence_level":0.95,"lower_bound":440491620.0,"upper_bound":442368029.0},"point_estimate":441402627.5,"standard_error":447114.3611382836},"median_abs_dev":{"confidence_interval":{"confidence_level":0.95,"lower_bound":2454361.9721263647,"upper_bound":4645133.977532387},"point_estimate":3395821.8510121107,"standard_error":562823.977726609},"slope":null,"std_dev":{"confidence_interval":{"confidence_level":0.95,"lower_bound":3879412.0662648603,"upper_bound":5585926.224592803},"point_estimate":4766697.119375681,"standard_error":436337.8748668815}}