{"mean":{"confidence_interval":{"confidence_level":0.95,"lower_bound":96168078.76175,"upper_bound":98135826.07875},"point_estimate":97153449.75,"standard_error":499163.01142446627},"median":{"confidence_interval":{"confidence_level":0.95,"lower_bound":96130145.5,"upper_bound":97986819.0},"point_estimate":97323795.5,"standard_error":548525.2383144367},"median_abs_dev":{"confidence_interval":{"confidence_level":0.95,"lower_bound":3514409.0925067663,"upper_bound":5833128.734341264},"point_estimate":4884417.458984256,"standard_error":603349.9302150499},"slope":null,"std_dev":{"confidence_interval":{"confidence_level":0.95,"lower_bound":4266245.962613073,"upper_bound":5712019.375301403},"point_estimate":5024855.911311249,"standard_error":369227.6957523923}}