{"mean":{"confidence_interval":{"confidence_level":0.95,"lower_bound":78696432.3345,"upper_bound":80072246.39625},"point_estimate":79390248.62,"standard_error":350448.2922691864},"median":{"confidence_interval":{"confidence_level":0.95,"lower_bound":78467625.5,"upper_bound":80457714.0},"point_estimate":79531822.0,"standard_error":623140.1582264976},"median_abs_dev":{"confidence_interval":{"confidence_level":0.95,"lower_bound":2611748.113632202,"upper_bound":4341559.772121906},"point_estimate":3356238.655614853,"standard_error":438456.42979110935},"slope":null,"std_dev":{"confidence_interval":{"confidence_level":0.95,"lower_bound":2935847.800888361,"upper_bound":4139405.7952878373},"point_estimate":3522990.6715209577,"standard_error":310778.11623959464}}