{"mean":{"confidence_interval":{"confidence_level":0.95,"lower_bound":152191288.39549997,"upper_bound":155369931.12175003},"point_estimate":153787336.02,"standard_error":811883.8281660732},"median":{"confidence_interval":{"confidence_level":0.95,"lower_bound":151428828.0,"upper_bound":155178264.0},"point_estimate":153012935.5,"standard_error":999189.5723322667},"median_abs_dev":{"confidence_interval":{"confidence_level":0.95,"lower_bound":5709150.018042326,"upper_bound":9231620.74790597},"point_estimate":7594820.740064979,"standard_error":900036.7383182092},"slope":null,"std_dev":{"confidence_interval":{"confidence_level":0.95,"lower_bound":6754435.802700257,"upper_bound":9513576.354049193},"point_estimate":8184719.573247362,"standard_error":704601.8481352386}}