{"mean":{"confidence_interval":{"confidence_level":0.95,"lower_bound":136885297.91,"upper_bound":141007310.611},"point_estimate":138929036.04,"standard_error":1052372.3952669192},"median":{"confidence_interval":{"confidence_level":0.95,"lower_bound":135279669.5,"upper_bound":141817370.0},"point_estimate":138569058.0,"standard_error":1478408.004266232},"median_abs_dev":{"confidence_interval":{"confidence_level":0.95,"lower_bound":7958191.167613864,"upper_bound":13847752.104753256},"point_estimate":10366459.847858548,"standard_error":1532617.5986870392},"slope":null,"std_dev":{"confidence_interval":{"confidence_level":0.95,"lower_bound":9244379.684372395,"upper_bound":11735907.123402355},"point_estimate":10580012.123998418,"standard_error":636575.3564758047}}