{"mean":{"confidence_interval":{"confidence_level":0.95,"lower_bound":70881629.90949999,"upper_bound":72543748.8175},"point_estimate":71720120.12,"standard_error":423108.27702992904},"median":{"confidence_interval":{"confidence_level":0.95,"lower_bound":70808863.0,"upper_bound":72804527.0},"point_estimate":71944503.5,"standard_error":468914.43139612884},"median_abs_dev":{"confidence_interval":{"confidence_level":0.95,"lower_bound":3426773.886805103,"upper_bound":5249369.820705056},"point_estimate":4401000.911566615,"standard_error":470018.71393383486},"slope":null,"std_dev":{"confidence_interval":{"confidence_level":0.95,"lower_bound":3640205.769917371,"upper_bound":4803053.070036665},"point_estimate":4247209.263020772,"standard_error":297545.9805574777}}