{"mean":{"confidence_interval":{"confidence_level":0.95,"lower_bound":22962962.680249993,"upper_bound":23373279.211499996},"point_estimate":23167517.57,"standard_error":104358.95681999461},"median":{"confidence_interval":{"confidence_level":0.95,"lower_bound":22946984.0,"upper_bound":23470781.666666664},"point_estimate":23156402.0,"standard_error":135844.21240915},"median_abs_dev":{"confidence_interval":{"confidence_level":0.95,"lower_bound":798826.2742879993,"upper_bound":1243333.233251419},"point_estimate":1024270.2533155689,"standard_error":112674.53439963296},"slope":null,"std_dev":{"confidence_interval":{"confidence_level":0.95,"lower_bound":888697.1369159927,"upper_bound":1199860.5238713159},"point_estimate":1050544.3763419453,"standard_error":79806.67534274366}}