{"mean":{"confidence_interval":{"confidence_level":0.95,"lower_bound":5604844317.75875,"upper_bound":5731049325.002749},"point_estimate":5668228125.31,"standard_error":32314053.23444697},"median":{"confidence_interval":{"confidence_level":0.95,"lower_bound":5633027634.5,"upper_bound":5771281180.0},"point_estimate":5719226041.5,"standard_error":37573617.548227236},"median_abs_dev":{"confidence_interval":{"confidence_level":0.95,"lower_bound":209824428.28017175,"upper_bound":397771963.466236},"point_estimate":278671585.2250904,"standard_error":49835950.25141391},"slope":null,"std_dev":{"confidence_interval":{"confidence_level":0.95,"lower_bound":281218981.85908765,"upper_bound":364201037.0782564},"point_estimate":324822381.80316484,"standard_error":21216012.09120457}}