{"mean":{"confidence_interval":{"confidence_level":0.95,"lower_bound":89810857.127,"upper_bound":92344212.5165},"point_estimate":91089725.66,"standard_error":645820.191907691},"median":{"confidence_interval":{"confidence_level":0.95,"lower_bound":90062545.5,"upper_bound":92182989.0},"point_estimate":91024721.0,"standard_error":545244.6484645813},"median_abs_dev":{"confidence_interval":{"confidence_level":0.95,"lower_bound":5348430.479246378,"upper_bound":8344010.382664204},"point_estimate":6803783.230608702,"standard_error":752901.6641683287},"slope":null,"std_dev":{"confidence_interval":{"confidence_level":0.95,"lower_bound":5704546.883977207,"upper_bound":7235803.779590683},"point_estimate":6520936.903272814,"standard_error":391372.0320722226}}