{"mean":{"confidence_interval":{"confidence_level":0.95,"lower_bound":31332740.36,"upper_bound":31998229.47675},"point_estimate":31657840.01,"standard_error":169581.39501181565},"median":{"confidence_interval":{"confidence_level":0.95,"lower_bound":31023885.0,"upper_bound":31936551.5},"point_estimate":31662439.5,"standard_error":240306.089049731},"median_abs_dev":{"confidence_interval":{"confidence_level":0.95,"lower_bound":1158634.7461338718,"upper_bound":2034692.7757769823},"point_estimate":1601152.7447238564,"standard_error":241777.22067554732},"slope":null,"std_dev":{"confidence_interval":{"confidence_level":0.95,"lower_bound":1346792.3431633976,"upper_bound":2116868.769799018},"point_estimate":1707753.5291083148,"standard_error":202468.27361236277}}