{"mean":{"confidence_interval":{"confidence_level":0.95,"lower_bound":38967167.050875,"upper_bound":39388725.115},"point_estimate":39177825.865,"standard_error":107386.97966783612},"median":{"confidence_interval":{"confidence_level":0.95,"lower_bound":38838461.0,"upper_bound":39446085.75},"point_estimate":39257074.0,"standard_error":123478.25849305204},"median_abs_dev":{"confidence_interval":{"confidence_level":0.95,"lower_bound":949406.6147446632,"upper_bound":1535112.9234462976},"point_estimate":1302657.5561732054,"standard_error":159225.53222633383},"slope":null,"std_dev":{"confidence_interval":{"confidence_level":0.95,"lower_bound":947357.6816107804,"upper_bound":1191483.8391660755},"point_estimate":1076906.8722140593,"standard_error":62126.59788625881}}