{"mean":{"confidence_interval":{"confidence_level":0.95,"lower_bound":76421147.13575001,"upper_bound":79418527.65224999},"point_estimate":77909553.12,"standard_error":765353.083342955},"median":{"confidence_interval":{"confidence_level":0.95,"lower_bound":76049610.0,"upper_bound":79778133.0},"point_estimate":77500035.5,"standard_error":1104617.8429191096},"median_abs_dev":{"confidence_interval":{"confidence_level":0.95,"lower_bound":5334318.796176915,"upper_bound":8922050.908201933},"point_estimate":7327154.364717007,"standard_error":913145.3456034566},"slope":null,"std_dev":{"confidence_interval":{"confidence_level":0.95,"lower_bound":6593707.694088584,"upper_bound":8701714.011159407},"point_estimate":7705131.5923043955,"standard_error":539663.7000270583}}