{"mean":{"confidence_interval":{"confidence_level":0.95,"lower_bound":83207989.06975,"upper_bound":86093427.96475},"point_estimate":84659152.11,"standard_error":736587.6442238016},"median":{"confidence_interval":{"confidence_level":0.95,"lower_bound":83825868.0,"upper_bound":87437033.0},"point_estimate":85673158.5,"standard_error":1002289.8657317787},"median_abs_dev":{"confidence_interval":{"confidence_level":0.95,"lower_bound":6165269.676044583,"upper_bound":10526419.041618705},"point_estimate":8499556.617602706,"standard_error":1119168.2505895502},"slope":null,"std_dev":{"confidence_interval":{"confidence_level":0.95,"lower_bound":6608763.975324842,"upper_bound":8086680.359372897},"point_estimate":7405056.643955134,"standard_error":377665.71924499766}}