{"mean":{"confidence_interval":{"confidence_level":0.95,"lower_bound":47443016.68925,"upper_bound":49608405.804500006},"point_estimate":48532673.31,"standard_error":550900.6303041832},"median":{"confidence_interval":{"confidence_level":0.95,"lower_bound":48517015.5,"upper_bound":50200222.0},"point_estimate":49278909.0,"standard_error":404521.58788799384},"median_abs_dev":{"confidence_interval":{"confidence_level":0.95,"lower_bound":4699040.571275353,"upper_bound":7862674.664309621},"point_estimate":6683850.529637933,"standard_error":815205.7967381049},"slope":null,"std_dev":{"confidence_interval":{"confidence_level":0.95,"lower_bound":4894695.367666109,"upper_bound":6068430.898704797},"point_estimate":5528029.360278465,"standard_error":299143.07153793256}}