{"mean":{"confidence_interval":{"confidence_level":0.95,"lower_bound":1088363507.6209998,"upper_bound":1161613468.70425},"point_estimate":1125497626.88,"standard_error":18706282.18391982},"median":{"confidence_interval":{"confidence_level":0.95,"lower_bound":1112060510.0,"upper_bound":1213868512.0},"point_estimate":1148821904.0,"standard_error":22467516.913239397},"median_abs_dev":{"confidence_interval":{"confidence_level":0.95,"lower_bound":144999009.830153,"upper_bound":240622711.83979028},"point_estimate":206524805.66975176,"standard_error":24233191.085585553},"slope":null,"std_dev":{"confidence_interval":{"confidence_level":0.95,"lower_bound":161859892.8333356,"upper_bound":210244851.25342909},"point_estimate":187802230.47465307,"standard_error":12366114.450510316}}