{"mean":{"confidence_interval":{"confidence_level":0.95,"lower_bound":22167183.15191667,"upper_bound":22839167.63666667},"point_estimate":22490573.723333336,"standard_error":171890.9526812088},"median":{"confidence_interval":{"confidence_level":0.95,"lower_bound":21674421.666666668,"upper_bound":22204280.666666664},"point_estimate":22053240.666666664,"standard_error":181578.55392504102},"median_abs_dev":{"confidence_interval":{"confidence_level":0.95,"lower_bound":653698.3434945317,"upper_bound":2097853.7585556507},"point_estimate":1699354.1130304383,"standard_error":416160.1921470881},"slope":null,"std_dev":{"confidence_interval":{"confidence_level":0.95,"lower_bound":1324112.4276811173,"upper_bound":2102827.308153658},"point_estimate":1722938.2089601639,"standard_error":199221.2333745433}}