{"mean":{"confidence_interval":{"confidence_level":0.95,"lower_bound":30103023.590875,"upper_bound":31808242.461624995},"point_estimate":30948561.27,"standard_error":435040.3708871355},"median":{"confidence_interval":{"confidence_level":0.95,"lower_bound":29369799.5,"upper_bound":31269836.0},"point_estimate":30073592.5,"standard_error":539049.7512577268},"median_abs_dev":{"confidence_interval":{"confidence_level":0.95,"lower_bound":2580724.7091829777,"upper_bound":4638498.239966444},"point_estimate":3217264.92318213,"standard_error":510707.37327474984},"slope":null,"std_dev":{"confidence_interval":{"confidence_level":0.95,"lower_bound":3755444.8347742804,"upper_bound":4888602.419473465},"point_estimate":4364061.201278298,"standard_error":289466.8412542455}}