{"mean":{"confidence_interval":{"confidence_level":0.95,"lower_bound":524465444.91175,"upper_bound":544415994.8447499},"point_estimate":534328439.75,"standard_error":5086115.024934488},"median":{"confidence_interval":{"confidence_level":0.95,"lower_bound":522137368.0,"upper_bound":542558885.0},"point_estimate":531140659.5,"standard_error":6089415.939617169},"median_abs_dev":{"confidence_interval":{"confidence_level":0.95,"lower_bound":33014981.735166907,"upper_bound":59881424.934992194},"point_estimate":43481508.18564892,"standard_error":6763591.788099878},"slope":null,"std_dev":{"confidence_interval":{"confidence_level":0.95,"lower_bound":43478132.087560385,"upper_bound":57629659.0761473},"point_estimate":50969302.04084376,"standard_error":3617358.9175424916}}