{"mean":{"confidence_interval":{"confidence_level":0.95,"lower_bound":72920705.83475,"upper_bound":74891654.081},"point_estimate":73906850.58,"standard_error":503741.279263146},"median":{"confidence_interval":{"confidence_level":0.95,"lower_bound":73125289.0,"upper_bound":75153129.0},"point_estimate":74533962.5,"standard_error":504580.51622993435},"median_abs_dev":{"confidence_interval":{"confidence_level":0.95,"lower_bound":2975764.9547696114,"upper_bound":5178051.572871208},"point_estimate":4214526.899877191,"standard_error":574848.9842500475},"slope":null,"std_dev":{"confidence_interval":{"confidence_level":0.95,"lower_bound":4124557.5195442843,"upper_bound":5947186.109225552},"point_estimate":5064933.426219862,"standard_error":464688.0386108522}}