{"mean":{"confidence_interval":{"confidence_level":0.95,"lower_bound":78852064.18924999,"upper_bound":81463724.16425},"point_estimate":80172238.47,"standard_error":661877.831277052},"median":{"confidence_interval":{"confidence_level":0.95,"lower_bound":81414766.5,"upper_bound":84017332.0},"point_estimate":83116557.5,"standard_error":647870.4110087453},"median_abs_dev":{"confidence_interval":{"confidence_level":0.95,"lower_bound":3296776.7597705126,"upper_bound":8303311.530786753},"point_estimate":5046388.540908694,"standard_error":1287545.8794587357},"slope":null,"std_dev":{"confidence_interval":{"confidence_level":0.95,"lower_bound":5984670.5365305925,"upper_bound":7198870.248941009},"point_estimate":6666124.114849763,"standard_error":311562.5437826102}}