{"mean":{"confidence_interval":{"confidence_level":0.95,"lower_bound":46591423.001625,"upper_bound":47032720.291625},"point_estimate":46811196.065,"standard_error":112642.67106835826},"median":{"confidence_interval":{"confidence_level":0.95,"lower_bound":46581443.75,"upper_bound":47045231.25},"point_estimate":46743420.25,"standard_error":147378.0823319439},"median_abs_dev":{"confidence_interval":{"confidence_level":0.95,"lower_bound":821425.6198167801,"upper_bound":1337689.9109512568},"point_estimate":1088089.3869325519,"standard_error":137694.7342405219},"slope":null,"std_dev":{"confidence_interval":{"confidence_level":0.95,"lower_bound":959737.8733918517,"upper_bound":1285076.4853304678},"point_estimate":1130579.031897231,"standard_error":83094.6180673707}}