{"mean":{"confidence_interval":{"confidence_level":0.95,"lower_bound":43315425.02175,"upper_bound":43858395.867375},"point_estimate":43579401.135,"standard_error":138418.5174919257},"median":{"confidence_interval":{"confidence_level":0.95,"lower_bound":43163343.0,"upper_bound":43714852.25},"point_estimate":43444124.25,"standard_error":147319.01278948056},"median_abs_dev":{"confidence_interval":{"confidence_level":0.95,"lower_bound":821626.5121132135,"upper_bound":1351868.023765795},"point_estimate":1061137.5726610422,"standard_error":138647.6203029987},"slope":null,"std_dev":{"confidence_interval":{"confidence_level":0.95,"lower_bound":1025738.6553550169,"upper_bound":1734405.411686884},"point_estimate":1393366.1812989777,"standard_error":182050.5034067029}}