{"mean":{"confidence_interval":{"confidence_level":0.95,"lower_bound":32881146.2,"upper_bound":33904493.401875},"point_estimate":33390150.91,"standard_error":260989.7898140786},"median":{"confidence_interval":{"confidence_level":0.95,"lower_bound":32519668.0,"upper_bound":33879629.0},"point_estimate":33316495.25,"standard_error":345656.3003462982},"median_abs_dev":{"confidence_interval":{"confidence_level":0.95,"lower_bound":1925465.1879161596,"upper_bound":3608426.316587627},"point_estimate":2652064.0840664506,"standard_error":429223.1196339161},"slope":null,"std_dev":{"confidence_interval":{"confidence_level":0.95,"lower_bound":2274164.8587191883,"upper_bound":2904705.14845056},"point_estimate":2611368.2179410257,"standard_error":161279.33605528213}}