{"mean":{"confidence_interval":{"confidence_level":0.95,"lower_bound":54798613.147999994,"upper_bound":56144762.42},"point_estimate":55473927.8,"standard_error":341843.20778845745},"median":{"confidence_interval":{"confidence_level":0.95,"lower_bound":54851624.0,"upper_bound":56533027.0},"point_estimate":55613823.0,"standard_error":413998.4504809646},"median_abs_dev":{"confidence_interval":{"confidence_level":0.95,"lower_bound":2537662.592947483,"upper_bound":4220760.491466522},"point_estimate":3381814.2464607954,"standard_error":441812.1489617775},"slope":null,"std_dev":{"confidence_interval":{"confidence_level":0.95,"lower_bound":2958959.731294815,"upper_bound":3891899.512311935},"point_estimate":3448275.4360982804,"standard_error":238237.2018935679}}