{"mean":{"confidence_interval":{"confidence_level":0.95,"lower_bound":840313399.40325,"upper_bound":867762710.02625},"point_estimate":854123279.5,"standard_error":6994716.186691437},"median":{"confidence_interval":{"confidence_level":0.95,"lower_bound":843348064.0,"upper_bound":866157993.0},"point_estimate":852535308.5,"standard_error":6124737.52496526},"median_abs_dev":{"confidence_interval":{"confidence_level":0.95,"lower_bound":38712596.38411403,"upper_bound":83677013.66553605},"point_estimate":55264531.52175844,"standard_error":12458884.774042996},"slope":null,"std_dev":{"confidence_interval":{"confidence_level":0.95,"lower_bound":59822941.54761803,"upper_bound":79482582.44311506},"point_estimate":70334789.90661474,"standard_error":5002965.405423868}}