{"mean":{"confidence_interval":{"confidence_level":0.95,"lower_bound":18318122.65891666,"upper_bound":18615825.721916668},"point_estimate":18464386.126666658,"standard_error":76123.09630675327},"median":{"confidence_interval":{"confidence_level":0.95,"lower_bound":18175681.333333332,"upper_bound":18583751.666666668},"point_estimate":18340143.0,"standard_error":106624.07715129107},"median_abs_dev":{"confidence_interval":{"confidence_level":0.95,"lower_bound":557341.9473052025,"upper_bound":944442.8700327873},"point_estimate":724155.6949436674,"standard_error":99391.91373187798},"slope":null,"std_dev":{"confidence_interval":{"confidence_level":0.95,"lower_bound":649497.3952131815,"upper_bound":874647.3219094983},"point_estimate":767351.009368916,"standard_error":57567.37133818148}}