{"mean":{"confidence_interval":{"confidence_level":0.95,"lower_bound":233074550.95,"upper_bound":245373651.51025},"point_estimate":238927168.38,"standard_error":3145731.156094809},"median":{"confidence_interval":{"confidence_level":0.95,"lower_bound":230257659.0,"upper_bound":239200619.0},"point_estimate":235022814.5,"standard_error":2129942.599790647},"median_abs_dev":{"confidence_interval":{"confidence_level":0.95,"lower_bound":16048742.930477858,"upper_bound":25991317.06766188},"point_estimate":22101532.194319367,"standard_error":2487662.9639667403},"slope":null,"std_dev":{"confidence_interval":{"confidence_level":0.95,"lower_bound":22470265.401276343,"upper_bound":39562610.4550225},"point_estimate":31634344.070554912,"standard_error":4360841.372539742}}