{"mean":{"confidence_interval":{"confidence_level":0.95,"lower_bound":100256649.35274999,"upper_bound":102164786.77375},"point_estimate":101219251.48,"standard_error":486110.196194511},"median":{"confidence_interval":{"confidence_level":0.95,"lower_bound":100433515.5,"upper_bound":102623378.0},"point_estimate":102069258.0,"standard_error":549626.7672265366},"median_abs_dev":{"confidence_interval":{"confidence_level":0.95,"lower_bound":3670195.5086410046,"upper_bound":5962358.078446984},"point_estimate":5086435.048797727,"standard_error":572469.6457204209},"slope":null,"std_dev":{"confidence_interval":{"confidence_level":0.95,"lower_bound":4123938.376348629,"upper_bound":5606943.572499513},"point_estimate":4878705.417699413,"standard_error":378374.7477424417}}