{"mean":{"confidence_interval":{"confidence_level":0.95,"lower_bound":16076691.0720625,"upper_bound":16366142.526500002},"point_estimate":16212973.1075,"standard_error":73511.53011373446},"median":{"confidence_interval":{"confidence_level":0.95,"lower_bound":16118156.25,"upper_bound":16349895.75},"point_estimate":16281024.125,"standard_error":65165.85064003484},"median_abs_dev":{"confidence_interval":{"confidence_level":0.95,"lower_bound":329234.3044549227,"upper_bound":592873.5676243901},"point_estimate":439566.6146211326,"standard_error":69709.0295907063},"slope":null,"std_dev":{"confidence_interval":{"confidence_level":0.95,"lower_bound":485444.81715848704,"upper_bound":1039586.2692912767},"point_estimate":741279.8891131559,"standard_error":159068.16303782995}}