{"mean":{"confidence_interval":{"confidence_level":0.95,"lower_bound":28742117.735,"upper_bound":29970582.843125},"point_estimate":29343323.435,"standard_error":314136.4088046987},"median":{"confidence_interval":{"confidence_level":0.95,"lower_bound":28068991.0,"upper_bound":29854670.75},"point_estimate":28658780.0,"standard_error":451301.92508813064},"median_abs_dev":{"confidence_interval":{"confidence_level":0.95,"lower_bound":2167743.5213148594,"upper_bound":3753092.1209692955},"point_estimate":3019460.51184386,"standard_error":393903.01917497895},"slope":null,"std_dev":{"confidence_interval":{"confidence_level":0.95,"lower_bound":2632390.494738735,"upper_bound":3675120.0845856885},"point_estimate":3158215.362057026,"standard_error":267177.8767997406}}