{"mean":{"confidence_interval":{"confidence_level":0.95,"lower_bound":1100280548.75,"upper_bound":1256020836.304},"point_estimate":1177724574.41,"standard_error":39793879.37097518},"median":{"confidence_interval":{"confidence_level":0.95,"lower_bound":1083439148.0,"upper_bound":1301084164.0},"point_estimate":1214733390.5,"standard_error":54435597.573981375},"median_abs_dev":{"confidence_interval":{"confidence_level":0.95,"lower_bound":320137781.18181825,"upper_bound":541480236.0107967},"point_estimate":450181747.9973763,"standard_error":53415232.00657653},"slope":null,"std_dev":{"confidence_interval":{"confidence_level":0.95,"lower_bound":351778634.39751226,"upper_bound":445188819.79973054},"point_estimate":400768699.3993682,"standard_error":23865660.01000479}}