{"mean":{"confidence_interval":{"confidence_level":0.95,"lower_bound":707465361.1995001,"upper_bound":797268501.62825},"point_estimate":751584508.13,"standard_error":22931499.234345388},"median":{"confidence_interval":{"confidence_level":0.95,"lower_bound":673947749.0,"upper_bound":763053908.0},"point_estimate":699964293.0,"standard_error":24491952.244094923},"median_abs_dev":{"confidence_interval":{"confidence_level":0.95,"lower_bound":154122980.47657013,"upper_bound":253679062.0490788},"point_estimate":211609172.4915862,"standard_error":25309084.789776158},"slope":null,"std_dev":{"confidence_interval":{"confidence_level":0.95,"lower_bound":193858643.76373804,"upper_bound":263879261.8813415},"point_estimate":231470368.08046305,"standard_error":18005517.773999352}}