{"mean":{"confidence_interval":{"confidence_level":0.95,"lower_bound":30906314.65525,"upper_bound":31469675.264},"point_estimate":31185270.355,"standard_error":143372.61381524676},"median":{"confidence_interval":{"confidence_level":0.95,"lower_bound":30635649.5,"upper_bound":31483832.5},"point_estimate":31022893.0,"standard_error":231664.22776391136},"median_abs_dev":{"confidence_interval":{"confidence_level":0.95,"lower_bound":1092600.9386524558,"upper_bound":1799076.5053600073},"point_estimate":1301769.478788972,"standard_error":184279.6207095843},"slope":null,"std_dev":{"confidence_interval":{"confidence_level":0.95,"lower_bound":1236493.1491261309,"upper_bound":1622820.7602979285},"point_estimate":1440144.221030976,"standard_error":98917.61553950331}}