{"mean":{"confidence_interval":{"confidence_level":0.95,"lower_bound":40056134.301374994,"upper_bound":40769389.518},"point_estimate":40412675.68,"standard_error":181949.59831045312},"median":{"confidence_interval":{"confidence_level":0.95,"lower_bound":39886099.5,"upper_bound":40408259.5},"point_estimate":40269684.5,"standard_error":129935.82272415754},"median_abs_dev":{"confidence_interval":{"confidence_level":0.95,"lower_bound":835358.723719418,"upper_bound":2409727.558618784},"point_estimate":1366414.5441412926,"standard_error":381764.97972249746},"slope":null,"std_dev":{"confidence_interval":{"confidence_level":0.95,"lower_bound":1570304.8443151594,"upper_bound":2065128.4153200777},"point_estimate":1829036.6026518166,"standard_error":126283.57260333029}}