{"mean":{"confidence_interval":{"confidence_level":0.95,"lower_bound":126141527.95125,"upper_bound":132120028.72575},"point_estimate":129131080.16,"standard_error":1525044.5871665857},"median":{"confidence_interval":{"confidence_level":0.95,"lower_bound":124860537.0,"upper_bound":132184691.5},"point_estimate":128403090.5,"standard_error":1977785.3530102952},"median_abs_dev":{"confidence_interval":{"confidence_level":0.95,"lower_bound":11243405.130189657,"upper_bound":20097855.502654232},"point_estimate":15358908.436524868,"standard_error":2192801.6313488903},"slope":null,"std_dev":{"confidence_interval":{"confidence_level":0.95,"lower_bound":13381639.95796546,"upper_bound":17185476.93956218},"point_estimate":15388337.195182698,"standard_error":969136.9671483324}}