{"mean":{"confidence_interval":{"confidence_level":0.95,"lower_bound":149210312.33675,"upper_bound":152325157.06975},"point_estimate":150768937.57,"standard_error":795894.5162769275},"median":{"confidence_interval":{"confidence_level":0.95,"lower_bound":148944074.0,"upper_bound":152590759.0},"point_estimate":151150532.5,"standard_error":864827.4185460771},"median_abs_dev":{"confidence_interval":{"confidence_level":0.95,"lower_bound":5628976.200565696,"upper_bound":9955497.96115458},"point_estimate":7034018.40442121,"standard_error":1064459.1844840206},"slope":null,"std_dev":{"confidence_interval":{"confidence_level":0.95,"lower_bound":6869585.260040188,"upper_bound":9070095.758164318},"point_estimate":8020818.5568100065,"standard_error":559315.9519406548}}