{"mean":{"confidence_interval":{"confidence_level":0.95,"lower_bound":36727440.399875,"upper_bound":37292829.228625},"point_estimate":36996951.67,"standard_error":144028.38374161982},"median":{"confidence_interval":{"confidence_level":0.95,"lower_bound":36511929.5,"upper_bound":37049219.5},"point_estimate":36761334.75,"standard_error":140671.86127659693},"median_abs_dev":{"confidence_interval":{"confidence_level":0.95,"lower_bound":914585.5304628611,"upper_bound":1389772.165426612},"point_estimate":1171468.5855522752,"standard_error":119547.4947779837},"slope":null,"std_dev":{"confidence_interval":{"confidence_level":0.95,"lower_bound":1051765.170564376,"upper_bound":1820267.954247758},"point_estimate":1448223.27211798,"standard_error":196831.1306296994}}