{"mean":{"confidence_interval":{"confidence_level":0.95,"lower_bound":62825239.993250005,"upper_bound":64573015.878249995},"point_estimate":63697193.09,"standard_error":446135.1597958996},"median":{"confidence_interval":{"confidence_level":0.95,"lower_bound":62983582.0,"upper_bound":64659191.0},"point_estimate":63743197.5,"standard_error":551680.3252534942},"median_abs_dev":{"confidence_interval":{"confidence_level":0.95,"lower_bound":3158102.5125324726,"upper_bound":5496687.5114142895},"point_estimate":4265235.5254769325,"standard_error":615752.833338544},"slope":null,"std_dev":{"confidence_interval":{"confidence_level":0.95,"lower_bound":3834362.428078637,"upper_bound":5080650.295865922},"point_estimate":4486998.413258367,"standard_error":317975.4680861597}}