{"mean":{"confidence_interval":{"confidence_level":0.95,"lower_bound":24118165.78208333,"upper_bound":24750855.82683333},"point_estimate":24431340.58333333,"standard_error":161141.16499644142},"median":{"confidence_interval":{"confidence_level":0.95,"lower_bound":23884908.333333332,"upper_bound":24980246.333333332},"point_estimate":24728385.5,"standard_error":249447.17093828198},"median_abs_dev":{"confidence_interval":{"confidence_level":0.95,"lower_bound":1009233.2301825285,"upper_bound":2168649.896453767},"point_estimate":1688968.006014822,"standard_error":275845.61056980514},"slope":null,"std_dev":{"confidence_interval":{"confidence_level":0.95,"lower_bound":1406053.2305215688,"upper_bound":1819618.9639043154},"point_estimate":1621046.3797870954,"standard_error":105247.11166652177}}