{"mean":{"confidence_interval":{"confidence_level":0.95,"lower_bound":177805424.3945,"upper_bound":181284752.98825002},"point_estimate":179547907.72,"standard_error":888349.4428635875},"median":{"confidence_interval":{"confidence_level":0.95,"lower_bound":178132964.0,"upper_bound":181855102.0},"point_estimate":179893296.5,"standard_error":858967.5124745797},"median_abs_dev":{"confidence_interval":{"confidence_level":0.95,"lower_bound":6944197.3089158535,"upper_bound":11499164.00384903},"point_estimate":9473713.015007973,"standard_error":1177425.5653280353},"slope":null,"std_dev":{"confidence_interval":{"confidence_level":0.95,"lower_bound":7781471.826917063,"upper_bound":9873671.878752258},"point_estimate":8896762.40528947,"standard_error":533275.9187005224}}