{"mean":{"confidence_interval":{"confidence_level":0.95,"lower_bound":36276942.567,"upper_bound":36691150.84025},"point_estimate":36480344.965,"standard_error":105665.11173524869},"median":{"confidence_interval":{"confidence_level":0.95,"lower_bound":35962493.0,"upper_bound":36560004.0},"point_estimate":36214007.75,"standard_error":167460.05800170667},"median_abs_dev":{"confidence_interval":{"confidence_level":0.95,"lower_bound":648872.1099302173,"upper_bound":1177577.2680938244},"point_estimate":786430.3300380707,"standard_error":132445.02762200707},"slope":null,"std_dev":{"confidence_interval":{"confidence_level":0.95,"lower_bound":889693.0158393113,"upper_bound":1211486.2293333285},"point_estimate":1063503.2225402924,"standard_error":82194.04073868849}}