{"mean":{"confidence_interval":{"confidence_level":0.95,"lower_bound":86364717.59,"upper_bound":88140041.50625},"point_estimate":87261329.75,"standard_error":451550.08255088853},"median":{"confidence_interval":{"confidence_level":0.95,"lower_bound":86128132.0,"upper_bound":88494922.0},"point_estimate":87477247.5,"standard_error":489555.2557484589},"median_abs_dev":{"confidence_interval":{"confidence_level":0.95,"lower_bound":3415288.1292115184,"upper_bound":5380834.925571084},"point_estimate":4432005.783516169,"standard_error":458132.2894230011},"slope":null,"std_dev":{"confidence_interval":{"confidence_level":0.95,"lower_bound":3899412.5918563716,"upper_bound":5149754.577665013},"point_estimate":4549101.030256037,"standard_error":319481.37505342707}}