{"mean":{"confidence_interval":{"confidence_level":0.95,"lower_bound":40841441.1,"upper_bound":41261930.24125},"point_estimate":41051010.66,"standard_error":107103.31719781464},"median":{"confidence_interval":{"confidence_level":0.95,"lower_bound":40774421.5,"upper_bound":41199736.75},"point_estimate":41003255.25,"standard_error":111759.30990195609},"median_abs_dev":{"confidence_interval":{"confidence_level":0.95,"lower_bound":764666.1330744624,"upper_bound":1241006.0547589876},"point_estimate":1040680.2875742316,"standard_error":120913.67543604007},"slope":null,"std_dev":{"confidence_interval":{"confidence_level":0.95,"lower_bound":914441.7050003114,"upper_bound":1221069.5205210855},"point_estimate":1075874.8383916465,"standard_error":78079.16867290618}}