{"mean":{"confidence_interval":{"confidence_level":0.95,"lower_bound":151179890.07700002,"upper_bound":154959447.51749998},"point_estimate":153070431.5,"standard_error":966962.8914319677},"median":{"confidence_interval":{"confidence_level":0.95,"lower_bound":149809524.5,"upper_bound":154010533.0},"point_estimate":152786195.0,"standard_error":1026824.1603651035},"median_abs_dev":{"confidence_interval":{"confidence_level":0.95,"lower_bound":7050728.251282052,"upper_bound":13186827.568987012},"point_estimate":10594738.731005788,"standard_error":1680440.2276751937},"slope":null,"std_dev":{"confidence_interval":{"confidence_level":0.95,"lower_bound":8433981.58548382,"upper_bound":10972626.411483565},"point_estimate":9753137.147010619,"standard_error":646885.2570435787}}