{"mean":{"confidence_interval":{"confidence_level":0.95,"lower_bound":63331217.033750005,"upper_bound":64922627.52},"point_estimate":64121464.74,"standard_error":406287.13021168165},"median":{"confidence_interval":{"confidence_level":0.95,"lower_bound":63272366.0,"upper_bound":65160733.5},"point_estimate":64014287.5,"standard_error":530486.1627636182},"median_abs_dev":{"confidence_interval":{"confidence_level":0.95,"lower_bound":3273806.0970783234,"upper_bound":5489639.231139421},"point_estimate":4401340.4269605875,"standard_error":580603.4120671675},"slope":null,"std_dev":{"confidence_interval":{"confidence_level":0.95,"lower_bound":3563287.696803741,"upper_bound":4536896.374820365},"point_estimate":4079464.1306984136,"standard_error":247710.5946141379}}