{"mean":{"confidence_interval":{"confidence_level":0.95,"lower_bound":86160379.74675,"upper_bound":88194625.94025},"point_estimate":87159723.55,"standard_error":519099.1354651943},"median":{"confidence_interval":{"confidence_level":0.95,"lower_bound":85966613.5,"upper_bound":87398871.0},"point_estimate":86531308.0,"standard_error":383914.0587346761},"median_abs_dev":{"confidence_interval":{"confidence_level":0.95,"lower_bound":2902290.265274048,"upper_bound":5464605.5305838585},"point_estimate":4020898.60201478,"standard_error":658200.415899325},"slope":null,"std_dev":{"confidence_interval":{"confidence_level":0.95,"lower_bound":4314238.189357771,"upper_bound":6026130.236798215},"point_estimate":5221481.391403605,"standard_error":437021.1443742981}}