{"mean":{"confidence_interval":{"confidence_level":0.95,"lower_bound":36234930.280625,"upper_bound":38141017.535},"point_estimate":37184628.805,"standard_error":487316.59102148394},"median":{"confidence_interval":{"confidence_level":0.95,"lower_bound":35602196.0,"upper_bound":38493373.0},"point_estimate":36788482.75,"standard_error":745640.5886849521},"median_abs_dev":{"confidence_interval":{"confidence_level":0.95,"lower_bound":3619669.242838025,"upper_bound":6035834.621192515},"point_estimate":4616979.033382237,"standard_error":617634.4018042372},"slope":null,"std_dev":{"confidence_interval":{"confidence_level":0.95,"lower_bound":4248109.841674886,"upper_bound":5454733.241914059},"point_estimate":4890147.3375854725,"standard_error":308665.1809625363}}