{"mean":{"confidence_interval":{"confidence_level":0.95,"lower_bound":101218608.34,"upper_bound":102344573.94},"point_estimate":101784713.75,"standard_error":286863.61753755977},"median":{"confidence_interval":{"confidence_level":0.95,"lower_bound":100771088.0,"upper_bound":102386318.0},"point_estimate":101558940.0,"standard_error":376416.7483206983},"median_abs_dev":{"confidence_interval":{"confidence_level":0.95,"lower_bound":2421755.8922052383,"upper_bound":3783105.874836445},"point_estimate":3216029.1761040688,"standard_error":354683.8201635209},"slope":null,"std_dev":{"confidence_interval":{"confidence_level":0.95,"lower_bound":2541358.6404563673,"upper_bound":3225279.8792979713},"point_estimate":2898994.3545262753,"standard_error":174795.3354776273}}