{"mean":{"confidence_interval":{"confidence_level":0.95,"lower_bound":968196898.52225,"upper_bound":1079600399.19925},"point_estimate":1023663009.66,"standard_error":28375278.596015487},"median":{"confidence_interval":{"confidence_level":0.95,"lower_bound":911262667.0,"upper_bound":1056461224.0},"point_estimate":940754382.5,"standard_error":36449335.9737341},"median_abs_dev":{"confidence_interval":{"confidence_level":0.95,"lower_bound":223474059.06784236,"upper_bound":352846759.4715178},"point_estimate":275564502.6841521,"standard_error":32132133.95056745},"slope":null,"std_dev":{"confidence_interval":{"confidence_level":0.95,"lower_bound":247895486.08089262,"upper_bound":317936251.60824054},"point_estimate":285831586.96008945,"standard_error":17858562.195143595}}