{"mean":{"confidence_interval":{"confidence_level":0.95,"lower_bound":1372940225.5985,"upper_bound":1525604882.9875},"point_estimate":1449784995.34,"standard_error":39046527.729182765},"median":{"confidence_interval":{"confidence_level":0.95,"lower_bound":1444160601.0,"upper_bound":1587759389.5},"point_estimate":1507717672.5,"standard_error":42954520.120651},"median_abs_dev":{"confidence_interval":{"confidence_level":0.95,"lower_bound":248027756.81802472,"upper_bound":500965108.49659145},"point_estimate":381525281.57847226,"standard_error":67317161.2523032},"slope":null,"std_dev":{"confidence_interval":{"confidence_level":0.95,"lower_bound":343874250.24626946,"upper_bound":438339070.5123209},"point_estimate":394261713.2190985,"standard_error":24103366.39973146}}