{"mean":{"confidence_interval":{"confidence_level":0.95,"lower_bound":233888194.7925,"upper_bound":237439376.25125},"point_estimate":235648364.24,"standard_error":907357.54132349},"median":{"confidence_interval":{"confidence_level":0.95,"lower_bound":232857544.9875001,"upper_bound":237915747.0},"point_estimate":235569757.5,"standard_error":1389971.2113256329},"median_abs_dev":{"confidence_interval":{"confidence_level":0.95,"lower_bound":7148150.432994962,"upper_bound":11031676.510548592},"point_estimate":8897599.869436026,"standard_error":966979.4648984403},"slope":null,"std_dev":{"confidence_interval":{"confidence_level":0.95,"lower_bound":7635467.225389884,"upper_bound":10617552.835596025},"point_estimate":9119672.01194814,"standard_error":767764.9710018124}}