{"mean":{"confidence_interval":{"confidence_level":0.95,"lower_bound":176158616.37875,"upper_bound":180671324.4},"point_estimate":178420175.77,"standard_error":1154133.5079254038},"median":{"confidence_interval":{"confidence_level":0.95,"lower_bound":173229290.0,"upper_bound":182536094.0},"point_estimate":178491112.5,"standard_error":2197064.804001294},"median_abs_dev":{"confidence_interval":{"confidence_level":0.95,"lower_bound":10504995.268141555,"upper_bound":15832554.650115967},"point_estimate":14099956.444975734,"standard_error":1331412.758512644},"slope":null,"std_dev":{"confidence_interval":{"confidence_level":0.95,"lower_bound":10209834.435669446,"upper_bound":12898325.562494265},"point_estimate":11611308.635179622,"standard_error":685902.6618473363}}