{"mean":{"confidence_interval":{"confidence_level":0.95,"lower_bound":6040093449.74775,"upper_bound":6070522127.174251},"point_estimate":6055191019.54,"standard_error":7769801.739393915},"median":{"confidence_interval":{"confidence_level":0.95,"lower_bound":6026690407.0,"upper_bound":6067473974.0},"point_estimate":6041553592.5,"standard_error":9775851.359976755},"median_abs_dev":{"confidence_interval":{"confidence_level":0.95,"lower_bound":53308837.602978945,"upper_bound":88632797.5568533},"point_estimate":71736859.93641615,"standard_error":9140536.972100642},"slope":null,"std_dev":{"confidence_interval":{"confidence_level":0.95,"lower_bound":66770158.887374334,"upper_bound":87862379.32684505},"point_estimate":78026631.80531186,"standard_error":5367576.796124689}}