{"mean":{"confidence_interval":{"confidence_level":0.95,"lower_bound":325580166.6965,"upper_bound":326680837.68899995},"point_estimate":326128549.19,"standard_error":280223.64765363006},"median":{"confidence_interval":{"confidence_level":0.95,"lower_bound":325465595.0,"upper_bound":326278469.0},"point_estimate":325839075.0,"standard_error":184796.280880047},"median_abs_dev":{"confidence_interval":{"confidence_level":0.95,"lower_bound":1114388.857215643,"upper_bound":2372390.502181649},"point_estimate":1574672.3972439766,"standard_error":318431.54531840066},"slope":null,"std_dev":{"confidence_interval":{"confidence_level":0.95,"lower_bound":2280422.383525473,"upper_bound":3265216.0889640017},"point_estimate":2800218.7130571543,"standard_error":250972.28958859754}}