{"mean":{"confidence_interval":{"confidence_level":0.95,"lower_bound":487700675.5095,"upper_bound":488824011.3265},"point_estimate":488262900.53,"standard_error":287030.98950541107},"median":{"confidence_interval":{"confidence_level":0.95,"lower_bound":487634434.0,"upper_bound":488213501.0},"point_estimate":488051521.5,"standard_error":162641.6543539318},"median_abs_dev":{"confidence_interval":{"confidence_level":0.95,"lower_bound":1064457.095469609,"upper_bound":2221630.0999581814},"point_estimate":1625807.2703361511,"standard_error":318626.2551963031},"slope":null,"std_dev":{"confidence_interval":{"confidence_level":0.95,"lower_bound":2366530.6089886636,"upper_bound":3346080.793413096},"point_estimate":2883997.201507239,"standard_error":249934.523006513}}