{"mean":{"confidence_interval":{"confidence_level":0.95,"lower_bound":1137598855.01725,"upper_bound":1206820950.4950001},"point_estimate":1171606398.88,"standard_error":17650408.158585526},"median":{"confidence_interval":{"confidence_level":0.95,"lower_bound":1093478633.0,"upper_bound":1185528872.0},"point_estimate":1124338961.5,"standard_error":24654391.08265871},"median_abs_dev":{"confidence_interval":{"confidence_level":0.95,"lower_bound":118202585.37928462,"upper_bound":204865006.82981908},"point_estimate":157083747.450006,"standard_error":22191134.627184283},"slope":null,"std_dev":{"confidence_interval":{"confidence_level":0.95,"lower_bound":152345699.00825542,"upper_bound":199711452.1855213},"point_estimate":178012173.32360178,"standard_error":12116911.323952569}}