{"mean":{"confidence_interval":{"confidence_level":0.95,"lower_bound":83043559.62175,"upper_bound":84700785.58725},"point_estimate":83875695.21,"standard_error":424630.9842568574},"median":{"confidence_interval":{"confidence_level":0.95,"lower_bound":82966520.5,"upper_bound":85150597.5},"point_estimate":83924181.5,"standard_error":556756.413450198},"median_abs_dev":{"confidence_interval":{"confidence_level":0.95,"lower_bound":3134581.063950062,"upper_bound":5166403.526178002},"point_estimate":3922742.329457402,"standard_error":523482.7361372544},"slope":null,"std_dev":{"confidence_interval":{"confidence_level":0.95,"lower_bound":3645088.434112865,"upper_bound":4837094.176473693},"point_estimate":4272858.692272128,"standard_error":305333.1628000839}}