{"mean":{"confidence_interval":{"confidence_level":0.95,"lower_bound":94760835.4285,"upper_bound":96366120.84875},"point_estimate":95554671.08,"standard_error":409202.25447078416},"median":{"confidence_interval":{"confidence_level":0.95,"lower_bound":94419152.0,"upper_bound":96208574.0},"point_estimate":95416633.5,"standard_error":542660.7277552654},"median_abs_dev":{"confidence_interval":{"confidence_level":0.95,"lower_bound":3015556.455463171,"upper_bound":4983066.696032882},"point_estimate":3860946.821254492,"standard_error":489289.45450832864},"slope":null,"std_dev":{"confidence_interval":{"confidence_level":0.95,"lower_bound":3535220.2831216916,"upper_bound":4652302.095895635},"point_estimate":4112399.722652096,"standard_error":286007.595252301}}