{"mean":{"confidence_interval":{"confidence_level":0.95,"lower_bound":50964466.7525,"upper_bound":52086153.28175},"point_estimate":51503059.85,"standard_error":286725.61020352173},"median":{"confidence_interval":{"confidence_level":0.95,"lower_bound":50333431.0,"upper_bound":51533422.0},"point_estimate":50855967.0,"standard_error":287559.26071646024},"median_abs_dev":{"confidence_interval":{"confidence_level":0.95,"lower_bound":1857193.6644957215,"upper_bound":3039590.142336488},"point_estimate":2496785.8290731907,"standard_error":298944.32450794766},"slope":null,"std_dev":{"confidence_interval":{"confidence_level":0.95,"lower_bound":2175027.885482895,"upper_bound":3561562.262592429},"point_estimate":2881040.2201997787,"standard_error":356122.12922718906}}