{"mean":{"confidence_interval":{"confidence_level":0.95,"lower_bound":55611897.99025,"upper_bound":56549598.29525},"point_estimate":56092757.89,"standard_error":239127.45923455455},"median":{"confidence_interval":{"confidence_level":0.95,"lower_bound":56641638.0,"upper_bound":56736075.0},"point_estimate":56692824.5,"standard_error":26126.13081028252},"median_abs_dev":{"confidence_interval":{"confidence_level":0.95,"lower_bound":199778.12255322933,"upper_bound":1297425.4608660936},"point_estimate":279222.5008428097,"standard_error":228980.7971931556},"slope":null,"std_dev":{"confidence_interval":{"confidence_level":0.95,"lower_bound":1927042.7330167354,"upper_bound":2790131.983203789},"point_estimate":2404180.68310322,"standard_error":220120.52225391867}}