{"mean":{"confidence_interval":{"confidence_level":0.95,"lower_bound":171463442.5835,"upper_bound":184958920.745},"point_estimate":177951720.57,"standard_error":3439655.2831383697},"median":{"confidence_interval":{"confidence_level":0.95,"lower_bound":166885470.0,"upper_bound":176708280.0},"point_estimate":171473571.0,"standard_error":2352102.3284338526},"median_abs_dev":{"confidence_interval":{"confidence_level":0.95,"lower_bound":17447241.67934954,"upper_bound":30378033.86978209},"point_estimate":22335551.70456469,"standard_error":3175163.0583901247},"slope":null,"std_dev":{"confidence_interval":{"confidence_level":0.95,"lower_bound":26222931.61766205,"upper_bound":42273357.39339107},"point_estimate":34554089.25493782,"standard_error":4112946.0587889585}}