{"mean":{"confidence_interval":{"confidence_level":0.95,"lower_bound":499076274.53924996,"upper_bound":522132267.95},"point_estimate":510399612.76,"standard_error":5867798.036938632},"median":{"confidence_interval":{"confidence_level":0.95,"lower_bound":491276458.5,"upper_bound":509410184.0},"point_estimate":496695407.5,"standard_error":5507813.917197653},"median_abs_dev":{"confidence_interval":{"confidence_level":0.95,"lower_bound":40332979.562446475,"upper_bound":66403864.80549574},"point_estimate":52955433.21245313,"standard_error":6751644.234364182},"slope":null,"std_dev":{"confidence_interval":{"confidence_level":0.95,"lower_bound":48451690.46998347,"upper_bound":68989834.61065644},"point_estimate":59055771.7676311,"standard_error":5262187.364533086}}