{"mean":{"confidence_interval":{"confidence_level":0.95,"lower_bound":182164169.46025,"upper_bound":194462820.835},"point_estimate":188312123.16,"standard_error":3148289.8845536974},"median":{"confidence_interval":{"confidence_level":0.95,"lower_bound":181002515.0,"upper_bound":194504426.5},"point_estimate":187097893.5,"standard_error":3629268.5543141686},"median_abs_dev":{"confidence_interval":{"confidence_level":0.95,"lower_bound":24726897.24740982,"upper_bound":41899485.00213783},"point_estimate":33423231.946519017,"standard_error":4464123.40109282},"slope":null,"std_dev":{"confidence_interval":{"confidence_level":0.95,"lower_bound":27659679.52873334,"upper_bound":35101619.68407342},"point_estimate":31631708.803966835,"standard_error":1905089.2079028129}}