{"mean":{"confidence_interval":{"confidence_level":0.95,"lower_bound":76446597.96925001,"upper_bound":78085334.49875},"point_estimate":77274283.91,"standard_error":418258.09897580335},"median":{"confidence_interval":{"confidence_level":0.95,"lower_bound":76588826.0,"upper_bound":78289697.0},"point_estimate":77203163.5,"standard_error":446652.38931803533},"median_abs_dev":{"confidence_interval":{"confidence_level":0.95,"lower_bound":2756165.211868286,"upper_bound":5083206.6873550415},"point_estimate":3573401.0041594505,"standard_error":603078.3422577844},"slope":null,"std_dev":{"confidence_interval":{"confidence_level":0.95,"lower_bound":3573776.819427921,"upper_bound":4767907.034327048},"point_estimate":4201881.533587955,"standard_error":304265.4873260274}}