{"mean":{"confidence_interval":{"confidence_level":0.95,"lower_bound":180856929.94799998,"upper_bound":187539267.10224998},"point_estimate":184122390.9,"standard_error":1702687.4020298484},"median":{"confidence_interval":{"confidence_level":0.95,"lower_bound":179100573.5,"upper_bound":190365000.0},"point_estimate":185435134.0,"standard_error":2846281.2129303575},"median_abs_dev":{"confidence_interval":{"confidence_level":0.95,"lower_bound":12477960.93917191,"upper_bound":19730067.57582128},"point_estimate":16346715.131887794,"standard_error":1854343.1459313226},"slope":null,"std_dev":{"confidence_interval":{"confidence_level":0.95,"lower_bound":13665955.06177802,"upper_bound":20479739.03822823},"point_estimate":17153520.24151081,"standard_error":1750513.9139620261}}