{"mean":{"confidence_interval":{"confidence_level":0.95,"lower_bound":1098374063.30275,"upper_bound":1154443151.76925},"point_estimate":1125830253.36,"standard_error":14256475.01428633},"median":{"confidence_interval":{"confidence_level":0.95,"lower_bound":1101582316.0,"upper_bound":1159164689.5},"point_estimate":1131823027.0,"standard_error":14191334.017838018},"median_abs_dev":{"confidence_interval":{"confidence_level":0.95,"lower_bound":92826205.56140542,"upper_bound":156029385.35922468},"point_estimate":115289113.34500909,"standard_error":16455013.685576955},"slope":null,"std_dev":{"confidence_interval":{"confidence_level":0.95,"lower_bound":113591860.82861662,"upper_bound":174320389.02212515},"point_estimate":142669184.52830246,"standard_error":15823798.680967879}}