{"mean":{"confidence_interval":{"confidence_level":0.95,"lower_bound":392744995.0475,"upper_bound":397112283.35349995},"point_estimate":394930662.95,"standard_error":1113998.4658841384},"median":{"confidence_interval":{"confidence_level":0.95,"lower_bound":391680061.0,"upper_bound":397889667.0},"point_estimate":396206098.5,"standard_error":1575644.3165520316},"median_abs_dev":{"confidence_interval":{"confidence_level":0.95,"lower_bound":9009811.931043863,"upper_bound":14955468.520787358},"point_estimate":12606532.750189304,"standard_error":1511623.2821889562},"slope":null,"std_dev":{"confidence_interval":{"confidence_level":0.95,"lower_bound":9894213.68126808,"upper_bound":12338877.161731556},"point_estimate":11204960.562966947,"standard_error":620738.8922138677}}