{"mean":{"confidence_interval":{"confidence_level":0.95,"lower_bound":86201576.47275001,"upper_bound":87313011.14225},"point_estimate":86747476.52,"standard_error":283574.018850486},"median":{"confidence_interval":{"confidence_level":0.95,"lower_bound":86020253.5,"upper_bound":87439129.0},"point_estimate":86680126.0,"standard_error":338376.3967274042},"median_abs_dev":{"confidence_interval":{"confidence_level":0.95,"lower_bound":2282781.029290036,"upper_bound":3889265.9633517265},"point_estimate":3288137.6497238874,"standard_error":436830.4264851182},"slope":null,"std_dev":{"confidence_interval":{"confidence_level":0.95,"lower_bound":2451492.0203599664,"upper_bound":3234603.055862136},"point_estimate":2854170.2871458866,"standard_error":200112.47621855035}}