{"mean":{"confidence_interval":{"confidence_level":0.95,"lower_bound":186697629.59,"upper_bound":192125431.55925},"point_estimate":189437082.16,"standard_error":1386870.752639792},"median":{"confidence_interval":{"confidence_level":0.95,"lower_bound":187302383.5,"upper_bound":194985948.5},"point_estimate":191973899.0,"standard_error":1868656.2584355655},"median_abs_dev":{"confidence_interval":{"confidence_level":0.95,"lower_bound":10717016.108237434,"upper_bound":18440410.197517276},"point_estimate":15170305.411273241,"standard_error":2055722.4491483332},"slope":null,"std_dev":{"confidence_interval":{"confidence_level":0.95,"lower_bound":12187621.574141588,"upper_bound":15388533.079035696},"point_estimate":13882107.510189388,"standard_error":814288.5715699868}}