{"mean":{"confidence_interval":{"confidence_level":0.95,"lower_bound":634453588.15,"upper_bound":664804316.5649999},"point_estimate":649307277.11,"standard_error":7748469.437773899},"median":{"confidence_interval":{"confidence_level":0.95,"lower_bound":634297305.0,"upper_bound":658444765.0},"point_estimate":643659535.0,"standard_error":6093143.723796416},"median_abs_dev":{"confidence_interval":{"confidence_level":0.95,"lower_bound":44768103.99500728,"upper_bound":85382354.15896519},"point_estimate":63321962.74251044,"standard_error":10336057.133716948},"slope":null,"std_dev":{"confidence_interval":{"confidence_level":0.95,"lower_bound":64948990.19461454,"upper_bound":88513572.00934419},"point_estimate":77424811.17992994,"standard_error":6006791.689186108}}