{"mean":{"confidence_interval":{"confidence_level":0.95,"lower_bound":2682565002.62775,"upper_bound":2799378549.5822496},"point_estimate":2740543865.79,"standard_error":29841605.733615514},"median":{"confidence_interval":{"confidence_level":0.95,"lower_bound":2662572883.0,"upper_bound":2810544714.0},"point_estimate":2747321049.0,"standard_error":39104747.207699105},"median_abs_dev":{"confidence_interval":{"confidence_level":0.95,"lower_bound":250251555.16484678,"upper_bound":396510522.93063104},"point_estimate":325894664.24731314,"standard_error":35754525.24142281},"slope":null,"std_dev":{"confidence_interval":{"confidence_level":0.95,"lower_bound":262369184.18771103,"upper_bound":332555368.389953},"point_estimate":299670524.73652065,"standard_error":17917076.69464962}}