{"mean":{"confidence_interval":{"confidence_level":0.95,"lower_bound":630115029.8115,"upper_bound":657373691.2885},"point_estimate":643741658.47,"standard_error":6943899.362983792},"median":{"confidence_interval":{"confidence_level":0.95,"lower_bound":625942733.0,"upper_bound":657571583.0},"point_estimate":644356203.5,"standard_error":7356611.319444008},"median_abs_dev":{"confidence_interval":{"confidence_level":0.95,"lower_bound":57194175.41770041,"upper_bound":92458502.23543346},"point_estimate":75647335.97499132,"standard_error":8729729.22573856},"slope":null,"std_dev":{"confidence_interval":{"confidence_level":0.95,"lower_bound":60486142.07209504,"upper_bound":78647206.56007203},"point_estimate":70005812.81639303,"standard_error":4621063.325706787}}