{"mean":{"confidence_interval":{"confidence_level":0.95,"lower_bound":131002832.30375,"upper_bound":133876585.1955},"point_estimate":132425700.46,"standard_error":734594.0946240285},"median":{"confidence_interval":{"confidence_level":0.95,"lower_bound":130187102.0,"upper_bound":133195425.5},"point_estimate":131372815.5,"standard_error":748680.6952335312},"median_abs_dev":{"confidence_interval":{"confidence_level":0.95,"lower_bound":4715193.090273591,"upper_bound":9144825.63894689},"point_estimate":7218006.095954776,"standard_error":1111116.6675526504},"slope":null,"std_dev":{"confidence_interval":{"confidence_level":0.95,"lower_bound":6222135.9464294175,"upper_bound":8487559.402974363},"point_estimate":7390818.692507104,"standard_error":580729.0210656732}}