{"mean":{"confidence_interval":{"confidence_level":0.95,"lower_bound":4210312076.7985,"upper_bound":4369536529.465751},"point_estimate":4290046471.45,"standard_error":40636959.76093615},"median":{"confidence_interval":{"confidence_level":0.95,"lower_bound":4212409668.0,"upper_bound":4411947882.0},"point_estimate":4317062439.5,"standard_error":43379701.336204715},"median_abs_dev":{"confidence_interval":{"confidence_level":0.95,"lower_bound":270321809.75242853,"upper_bound":477842349.5796025},"point_estimate":344671824.0485519,"standard_error":53559113.41385976},"slope":null,"std_dev":{"confidence_interval":{"confidence_level":0.95,"lower_bound":349717872.175642,"upper_bound":462461854.59481543},"point_estimate":408747245.9298883,"standard_error":28796576.462882236}}