{"mean":{"confidence_interval":{"confidence_level":0.95,"lower_bound":14685684.467812499,"upper_bound":14894715.7834375},"point_estimate":14789623.37,"standard_error":53318.101820852215},"median":{"confidence_interval":{"confidence_level":0.95,"lower_bound":14664581.25,"upper_bound":14911792.75},"point_estimate":14782968.5,"standard_error":65089.240545682056},"median_abs_dev":{"confidence_interval":{"confidence_level":0.95,"lower_bound":355907.57525637746,"upper_bound":669404.2663156986},"point_estimate":486367.4773402512,"standard_error":79218.00824180075},"slope":null,"std_dev":{"confidence_interval":{"confidence_level":0.95,"lower_bound":459760.85105049395,"upper_bound":607301.3885230585},"point_estimate":536534.8707919263,"standard_error":37630.92155244092}}