{"mean":{"confidence_interval":{"confidence_level":0.95,"lower_bound":23325948.576833334,"upper_bound":23824162.94766667},"point_estimate":23569570.70333334,"standard_error":126995.65859109465},"median":{"confidence_interval":{"confidence_level":0.95,"lower_bound":23229086.666666668,"upper_bound":23914826.0},"point_estimate":23599720.333333336,"standard_error":181275.4013410574},"median_abs_dev":{"confidence_interval":{"confidence_level":0.95,"lower_bound":947488.6245787125,"upper_bound":1512009.3209564723},"point_estimate":1246026.1907786122,"standard_error":140975.18525010362},"slope":null,"std_dev":{"confidence_interval":{"confidence_level":0.95,"lower_bound":1059083.1177600827,"upper_bound":1510098.018131113},"point_estimate":1279873.524914894,"standard_error":116311.53369878152}}