{"mean":{"confidence_interval":{"confidence_level":0.95,"lower_bound":15191943.535,"upper_bound":15407708.0475},"point_estimate":15298424.155,"standard_error":55148.39025863256},"median":{"confidence_interval":{"confidence_level":0.95,"lower_bound":15142780.0,"upper_bound":15361397.5},"point_estimate":15220440.75,"standard_error":56381.29255315068},"median_abs_dev":{"confidence_interval":{"confidence_level":0.95,"lower_bound":348454.0865093284,"upper_bound":704211.4558558722},"point_estimate":468535.13550683856,"standard_error":89073.26448821122},"slope":null,"std_dev":{"confidence_interval":{"confidence_level":0.95,"lower_bound":454068.88176700124,"upper_bound":656499.2226999275},"point_estimate":553290.9055795217,"standard_error":52531.595378373466}}