{"mean":{"confidence_interval":{"confidence_level":0.95,"lower_bound":86530262.42475,"upper_bound":88199246.44274999},"point_estimate":87352468.89,"standard_error":425044.61404730985},"median":{"confidence_interval":{"confidence_level":0.95,"lower_bound":85995082.0,"upper_bound":87916745.0},"point_estimate":86774933.5,"standard_error":536012.1337786634},"median_abs_dev":{"confidence_interval":{"confidence_level":0.95,"lower_bound":3400983.5228204727,"upper_bound":5551577.068939805},"point_estimate":4641927.11378932,"standard_error":541188.7319167893},"slope":null,"std_dev":{"confidence_interval":{"confidence_level":0.95,"lower_bound":3562908.213819376,"upper_bound":4964371.563809835},"point_estimate":4282784.449751316,"standard_error":359375.00336863246}}