{"mean":{"confidence_interval":{"confidence_level":0.95,"lower_bound":3169504196.6587496,"upper_bound":3221122192.38475},"point_estimate":3195347507.94,"standard_error":13161208.803261308},"median":{"confidence_interval":{"confidence_level":0.95,"lower_bound":3203836034.5,"upper_bound":3239017001.0},"point_estimate":3222648637.0,"standard_error":9300298.411024656},"median_abs_dev":{"confidence_interval":{"confidence_level":0.95,"lower_bound":66233082.63192773,"upper_bound":129722080.2765727},"point_estimate":92448110.69221795,"standard_error":14900609.878864005},"slope":null,"std_dev":{"confidence_interval":{"confidence_level":0.95,"lower_bound":110629015.16750337,"upper_bound":153862321.01796412},"point_estimate":132883137.41120987,"standard_error":11042751.165058237}}