{"mean":{"confidence_interval":{"confidence_level":0.95,"lower_bound":85987791.32,"upper_bound":88133648.97575},"point_estimate":87076156.51,"standard_error":548446.6578469021},"median":{"confidence_interval":{"confidence_level":0.95,"lower_bound":87281652.5,"upper_bound":88583463.0},"point_estimate":87750176.0,"standard_error":299115.4768537275},"median_abs_dev":{"confidence_interval":{"confidence_level":0.95,"lower_bound":3392538.6333703995,"upper_bound":6248466.514867544},"point_estimate":5149541.175377369,"standard_error":755840.4734132129},"slope":null,"std_dev":{"confidence_interval":{"confidence_level":0.95,"lower_bound":4698316.537291704,"upper_bound":6207386.901683996},"point_estimate":5516195.64012298,"standard_error":385719.4239153616}}