{"mean":{"confidence_interval":{"confidence_level":0.95,"lower_bound":55865507.1,"upper_bound":57313259.37},"point_estimate":56593797.11,"standard_error":368093.49405616184},"median":{"confidence_interval":{"confidence_level":0.95,"lower_bound":55898374.5,"upper_bound":57296701.5},"point_estimate":56528626.5,"standard_error":396932.1774847496},"median_abs_dev":{"confidence_interval":{"confidence_level":0.95,"lower_bound":2285980.869215727,"upper_bound":4207785.517796874},"point_estimate":3245798.300975561,"standard_error":512199.9850717561},"slope":null,"std_dev":{"confidence_interval":{"confidence_level":0.95,"lower_bound":3121422.5014817733,"upper_bound":4231027.277477768},"point_estimate":3701585.631238297,"standard_error":283784.8798855222}}