{"mean":{"confidence_interval":{"confidence_level":0.95,"lower_bound":53136355.897,"upper_bound":54315721.3065},"point_estimate":53715662.45,"standard_error":302446.444014161},"median":{"confidence_interval":{"confidence_level":0.95,"lower_bound":52679740.0,"upper_bound":54047615.0},"point_estimate":53098966.0,"standard_error":355013.22630627855},"median_abs_dev":{"confidence_interval":{"confidence_level":0.95,"lower_bound":2079569.5943802595,"upper_bound":3397458.0854080594},"point_estimate":2694251.8369674683,"standard_error":344594.83603548957},"slope":null,"std_dev":{"confidence_interval":{"confidence_level":0.95,"lower_bound":2516369.8572301986,"upper_bound":3530020.776109669},"point_estimate":3035289.438552407,"standard_error":259430.30232654623}}