{"mean":{"confidence_interval":{"confidence_level":0.95,"lower_bound":202087143.29,"upper_bound":210072155.42049998},"point_estimate":205983519.68,"standard_error":2046971.6919799915},"median":{"confidence_interval":{"confidence_level":0.95,"lower_bound":196056304.0,"upper_bound":209617346.0},"point_estimate":204691979.5,"standard_error":3593833.152165135},"median_abs_dev":{"confidence_interval":{"confidence_level":0.95,"lower_bound":13761286.29978084,"upper_bound":22098852.02421693},"point_estimate":17952517.6807791,"standard_error":2024509.9847801775},"slope":null,"std_dev":{"confidence_interval":{"confidence_level":0.95,"lower_bound":17085315.381556656,"upper_bound":23466930.896731496},"point_estimate":20592404.801328156,"standard_error":1630584.1344777157}}