{"mean":{"confidence_interval":{"confidence_level":0.95,"lower_bound":186459862.27675,"upper_bound":192229527.76},"point_estimate":189318611.13,"standard_error":1475353.7203687686},"median":{"confidence_interval":{"confidence_level":0.95,"lower_bound":182188587.0,"upper_bound":193248549.0},"point_estimate":186273658.0,"standard_error":3069085.9207009487},"median_abs_dev":{"confidence_interval":{"confidence_level":0.95,"lower_bound":12788302.472162247,"upper_bound":20808934.07896757},"point_estimate":17171059.991052747,"standard_error":1973659.921576011},"slope":null,"std_dev":{"confidence_interval":{"confidence_level":0.95,"lower_bound":13296389.175789837,"upper_bound":16222816.361452011},"point_estimate":14889060.071622213,"standard_error":746161.5279042128}}