{"mean":{"confidence_interval":{"confidence_level":0.95,"lower_bound":75214651.48275,"upper_bound":76736291.724},"point_estimate":75981561.25,"standard_error":387888.1824567883},"median":{"confidence_interval":{"confidence_level":0.95,"lower_bound":74758683.0,"upper_bound":77016078.0},"point_estimate":75796956.0,"standard_error":564781.5663974991},"median_abs_dev":{"confidence_interval":{"confidence_level":0.95,"lower_bound":3351291.9608026743,"upper_bound":5104189.183482528},"point_estimate":4363010.769841075,"standard_error":448484.4883665837},"slope":null,"std_dev":{"confidence_interval":{"confidence_level":0.95,"lower_bound":3370533.677529689,"upper_bound":4376112.724682528},"point_estimate":3893483.8225701917,"standard_error":255848.83792783399}}