{"mean":{"confidence_interval":{"confidence_level":0.95,"lower_bound":4575527658.76425,"upper_bound":4735733717.387},"point_estimate":4656149960.37,"standard_error":40794177.99984664},"median":{"confidence_interval":{"confidence_level":0.95,"lower_bound":4587982924.0,"upper_bound":4783698182.5},"point_estimate":4696638461.5,"standard_error":44907063.81784705},"median_abs_dev":{"confidence_interval":{"confidence_level":0.95,"lower_bound":304810595.9369302,"upper_bound":552377678.4942359},"point_estimate":456515735.32652557,"standard_error":67257236.79160269},"slope":null,"std_dev":{"confidence_interval":{"confidence_level":0.95,"lower_bound":354839662.6857802,"upper_bound":456375625.30608845},"point_estimate":408598168.83343565,"standard_error":26014594.100439634}}