{"mean":{"confidence_interval":{"confidence_level":0.95,"lower_bound":30061479.73125,"upper_bound":30691290.255},"point_estimate":30371239.78,"standard_error":160516.4750866834},"median":{"confidence_interval":{"confidence_level":0.95,"lower_bound":29817269.75,"upper_bound":30387777.0},"point_estimate":29995381.25,"standard_error":126862.85025119467},"median_abs_dev":{"confidence_interval":{"confidence_level":0.95,"lower_bound":980732.4695885181,"upper_bound":2010888.8918995857},"point_estimate":1331547.4992603064,"standard_error":272368.8830381973},"slope":null,"std_dev":{"confidence_interval":{"confidence_level":0.95,"lower_bound":1393395.2125474159,"upper_bound":1802380.2508661593},"point_estimate":1611721.2907251,"standard_error":104127.19861702224}}