{"mean":{"confidence_interval":{"confidence_level":0.95,"lower_bound":46821443.381,"upper_bound":47261769.887},"point_estimate":47030939.105,"standard_error":112382.06727593706},"median":{"confidence_interval":{"confidence_level":0.95,"lower_bound":46535900.5,"upper_bound":46961839.0},"point_estimate":46602943.75,"standard_error":115023.4354611469},"median_abs_dev":{"confidence_interval":{"confidence_level":0.95,"lower_bound":285758.1721767783,"upper_bound":684220.6291526556},"point_estimate":582991.2974998355,"standard_error":96859.32992779599},"slope":null,"std_dev":{"confidence_interval":{"confidence_level":0.95,"lower_bound":810579.565452644,"upper_bound":1400390.201203137},"point_estimate":1132575.3513058268,"standard_error":150368.69453079795}}