{"mean":{"confidence_interval":{"confidence_level":0.95,"lower_bound":52882673.19125,"upper_bound":53576845.498},"point_estimate":53222273.81,"standard_error":176671.95181623724},"median":{"confidence_interval":{"confidence_level":0.95,"lower_bound":52384295.0,"upper_bound":53357661.0},"point_estimate":53284408.5,"standard_error":200765.9390160882},"median_abs_dev":{"confidence_interval":{"confidence_level":0.95,"lower_bound":1397841.7902908477,"upper_bound":1622118.2094841446},"point_estimate":1523493.7874525785,"standard_error":95819.03056891626},"slope":null,"std_dev":{"confidence_interval":{"confidence_level":0.95,"lower_bound":1428594.5192829838,"upper_bound":2067968.8592349126},"point_estimate":1768684.3685725615,"standard_error":162990.8939732992}}