{"mean":{"confidence_interval":{"confidence_level":0.95,"lower_bound":18147777.488166664,"upper_bound":18417293.594666664},"point_estimate":18281451.05000001,"standard_error":68619.28896200606},"median":{"confidence_interval":{"confidence_level":0.95,"lower_bound":18007250.333333332,"upper_bound":18516041.5},"point_estimate":18283675.5,"standard_error":120886.50297860606},"median_abs_dev":{"confidence_interval":{"confidence_level":0.95,"lower_bound":639295.1318502445,"upper_bound":905570.3342229109},"point_estimate":800325.9982913733,"standard_error":68315.32826737402},"slope":null,"std_dev":{"confidence_interval":{"confidence_level":0.95,"lower_bound":582074.6534876537,"upper_bound":798508.2246637227},"point_estimate":688386.7977240196,"standard_error":55808.92087458923}}