{"mean":{"confidence_interval":{"confidence_level":0.95,"lower_bound":43552911.105,"upper_bound":43864777.29},"point_estimate":43701856.18,"standard_error":79311.9278419543},"median":{"confidence_interval":{"confidence_level":0.95,"lower_bound":43580493.5,"upper_bound":43873308.0},"point_estimate":43699146.0,"standard_error":75062.13709760302},"median_abs_dev":{"confidence_interval":{"confidence_level":0.95,"lower_bound":410790.6464070082,"upper_bound":656168.355050683},"point_estimate":519874.422070384,"standard_error":63166.6727789232},"slope":null,"std_dev":{"confidence_interval":{"confidence_level":0.95,"lower_bound":550960.4415660958,"upper_bound":1074756.8274102802},"point_estimate":796505.155486113,"standard_error":142524.4298876717}}