{"mean":{"confidence_interval":{"confidence_level":0.95,"lower_bound":159283524.88325,"upper_bound":162973938.338},"point_estimate":161127105.16,"standard_error":938662.1580908338},"median":{"confidence_interval":{"confidence_level":0.95,"lower_bound":158912694.0,"upper_bound":163273636.0},"point_estimate":161448015.5,"standard_error":1065387.3301526085},"median_abs_dev":{"confidence_interval":{"confidence_level":0.95,"lower_bound":5955584.820467234,"upper_bound":11146865.373448562},"point_estimate":7961257.184359431,"standard_error":1325891.2626629013},"slope":null,"std_dev":{"confidence_interval":{"confidence_level":0.95,"lower_bound":8076391.765615216,"upper_bound":10629694.429337833},"point_estimate":9430583.213468887,"standard_error":651413.9652513227}}