{"mean":{"confidence_interval":{"confidence_level":0.95,"lower_bound":66062909.923250005,"upper_bound":67599069.553},"point_estimate":66828361.17,"standard_error":392784.5633223001},"median":{"confidence_interval":{"confidence_level":0.95,"lower_bound":66461062.5,"upper_bound":67961307.0},"point_estimate":67109789.5,"standard_error":418743.79496186157},"median_abs_dev":{"confidence_interval":{"confidence_level":0.95,"lower_bound":2718078.701144457,"upper_bound":4680683.018401265},"point_estimate":3802901.5496850014,"standard_error":497142.78438672196},"slope":null,"std_dev":{"confidence_interval":{"confidence_level":0.95,"lower_bound":3298215.77886126,"upper_bound":4578910.123785238},"point_estimate":3939987.781420694,"standard_error":327466.00072681543}}