{"mean":{"confidence_interval":{"confidence_level":0.95,"lower_bound":230415477.59,"upper_bound":246552030.76049998},"point_estimate":238256651.1,"standard_error":4124140.5221299697},"median":{"confidence_interval":{"confidence_level":0.95,"lower_bound":222337289.5,"upper_bound":236316441.0},"point_estimate":229931222.0,"standard_error":3640465.741011856},"median_abs_dev":{"confidence_interval":{"confidence_level":0.95,"lower_bound":21256909.074014425,"upper_bound":36513126.70596242},"point_estimate":28385423.952957988,"standard_error":4149043.8797816364},"slope":null,"std_dev":{"confidence_interval":{"confidence_level":0.95,"lower_bound":33953739.16434461,"upper_bound":47545668.05490275},"point_estimate":41288537.30937602,"standard_error":3479046.212785145}}