{"mean":{"confidence_interval":{"confidence_level":0.95,"lower_bound":125128638.10625,"upper_bound":128499701.51574999},"point_estimate":126821143.8,"standard_error":860902.7792669142},"median":{"confidence_interval":{"confidence_level":0.95,"lower_bound":125084151.0,"upper_bound":128928124.0},"point_estimate":127145907.0,"standard_error":947857.0088128521},"median_abs_dev":{"confidence_interval":{"confidence_level":0.95,"lower_bound":6398008.961212635,"upper_bound":10397493.111597592},"point_estimate":8534749.834477901,"standard_error":1007411.9624417693},"slope":null,"std_dev":{"confidence_interval":{"confidence_level":0.95,"lower_bound":7518949.321112722,"upper_bound":9682754.337247897},"point_estimate":8675752.196021397,"standard_error":550733.6751326408}}