{"mean":{"confidence_interval":{"confidence_level":0.95,"lower_bound":12769787.3436875,"upper_bound":12940002.739062501},"point_estimate":12853955.555,"standard_error":43402.16950051802},"median":{"confidence_interval":{"confidence_level":0.95,"lower_bound":12738099.0,"upper_bound":12869370.375},"point_estimate":12774491.25,"standard_error":33460.34937138654},"median_abs_dev":{"confidence_interval":{"confidence_level":0.95,"lower_bound":280430.0785213709,"upper_bound":623138.4368620813},"point_estimate":482715.64828008413,"standard_error":96022.0051923754},"slope":null,"std_dev":{"confidence_interval":{"confidence_level":0.95,"lower_bound":377203.1039235795,"upper_bound":489356.37455215136},"point_estimate":435796.28306715575,"standard_error":28713.358315610392}}