{"mean":{"confidence_interval":{"confidence_level":0.95,"lower_bound":48397705.959125005,"upper_bound":48733329.224125},"point_estimate":48564635.75,"standard_error":85711.3624549276},"median":{"confidence_interval":{"confidence_level":0.95,"lower_bound":48271659.0,"upper_bound":48642885.0},"point_estimate":48455638.75,"standard_error":85205.79764220292},"median_abs_dev":{"confidence_interval":{"confidence_level":0.95,"lower_bound":562597.7642118931,"upper_bound":951189.4412130117},"point_estimate":745852.680708468,"standard_error":100707.56707483836},"slope":null,"std_dev":{"confidence_interval":{"confidence_level":0.95,"lower_bound":713280.8687330685,"upper_bound":1010341.8026918365},"point_estimate":861916.9108371016,"standard_error":76329.6506757764}}