{"mean":{"confidence_interval":{"confidence_level":0.95,"lower_bound":35496581.240875006,"upper_bound":35792058.875374995},"point_estimate":35641216.845,"standard_error":75277.82989375322},"median":{"confidence_interval":{"confidence_level":0.95,"lower_bound":35501314.5,"upper_bound":35808941.25},"point_estimate":35681865.25,"standard_error":74542.9701984841},"median_abs_dev":{"confidence_interval":{"confidence_level":0.95,"lower_bound":469761.0510938242,"upper_bound":756770.9175646305},"point_estimate":627468.1847602129,"standard_error":75525.68114759265},"slope":null,"std_dev":{"confidence_interval":{"confidence_level":0.95,"lower_bound":591605.4210836525,"upper_bound":909371.4689800182},"point_estimate":754558.128379055,"standard_error":81684.99248231968}}