{"mean":{"confidence_interval":{"confidence_level":0.95,"lower_bound":92717164.5825,"upper_bound":96294079.49374999},"point_estimate":94513837.83,"standard_error":911468.0231528636},"median":{"confidence_interval":{"confidence_level":0.95,"lower_bound":90941096.0,"upper_bound":97597229.0},"point_estimate":95350304.5,"standard_error":1482510.8137855937},"median_abs_dev":{"confidence_interval":{"confidence_level":0.95,"lower_bound":8114163.650044799,"upper_bound":12372124.798750877},"point_estimate":10277515.710237622,"standard_error":1062818.5054477826},"slope":null,"std_dev":{"confidence_interval":{"confidence_level":0.95,"lower_bound":7944514.167731949,"upper_bound":10382502.492603708},"point_estimate":9179984.111084342,"standard_error":621519.4425262486}}