{"mean":{"confidence_interval":{"confidence_level":0.95,"lower_bound":42378906.34,"upper_bound":42908673.189375},"point_estimate":42631612.5,"standard_error":135054.3978153275},"median":{"confidence_interval":{"confidence_level":0.95,"lower_bound":42208291.5,"upper_bound":42660026.5},"point_estimate":42426721.5,"standard_error":106804.88956266339},"median_abs_dev":{"confidence_interval":{"confidence_level":0.95,"lower_bound":632337.6824450123,"upper_bound":1069897.1439555287},"point_estimate":863428.7890210748,"standard_error":110641.40127403192},"slope":null,"std_dev":{"confidence_interval":{"confidence_level":0.95,"lower_bound":932639.7530043314,"upper_bound":1728697.5239446587},"point_estimate":1358519.2054838494,"standard_error":202136.13856071766}}