{"mean":{"confidence_interval":{"confidence_level":0.95,"lower_bound":53887369.949,"upper_bound":55525524.404},"point_estimate":54697317.82,"standard_error":418240.339585558},"median":{"confidence_interval":{"confidence_level":0.95,"lower_bound":53256021.0,"upper_bound":55087546.0},"point_estimate":54334774.5,"standard_error":450117.3688246557},"median_abs_dev":{"confidence_interval":{"confidence_level":0.95,"lower_bound":3256834.0338796377,"upper_bound":5491768.244701624},"point_estimate":4387108.949813247,"standard_error":569256.5635249424},"slope":null,"std_dev":{"confidence_interval":{"confidence_level":0.95,"lower_bound":3700344.636946246,"upper_bound":4671454.264908106},"point_estimate":4215376.521414319,"standard_error":247704.89253641007}}