{"mean":{"confidence_interval":{"confidence_level":0.95,"lower_bound":174666516.006,"upper_bound":179084287.73},"point_estimate":176873385.68,"standard_error":1126242.0080127486},"median":{"confidence_interval":{"confidence_level":0.95,"lower_bound":174684950.0,"upper_bound":180266768.5},"point_estimate":176518209.5,"standard_error":1502020.2616883162},"median_abs_dev":{"confidence_interval":{"confidence_level":0.95,"lower_bound":9812740.63358903,"upper_bound":15602622.667998075},"point_estimate":13259768.522492051,"standard_error":1482244.8353698514},"slope":null,"std_dev":{"confidence_interval":{"confidence_level":0.95,"lower_bound":10003090.9567744,"upper_bound":12522965.050240558},"point_estimate":11353307.746540453,"standard_error":644147.9881169049}}