{"mean":{"confidence_interval":{"confidence_level":0.95,"lower_bound":273215253.102,"upper_bound":280114851.28749996},"point_estimate":276691884.46,"standard_error":1752966.2000862467},"median":{"confidence_interval":{"confidence_level":0.95,"lower_bound":273173599.0,"upper_bound":280305484.0},"point_estimate":277488947.0,"standard_error":2080288.579425319},"median_abs_dev":{"confidence_interval":{"confidence_level":0.95,"lower_bound":14021996.149259806,"upper_bound":22356391.871094704},"point_estimate":18514173.994007707,"standard_error":2108951.21981317},"slope":null,"std_dev":{"confidence_interval":{"confidence_level":0.95,"lower_bound":15409088.73820824,"upper_bound":19687147.923587725},"point_estimate":17679925.278349094,"standard_error":1086228.1719049786}}