{"mean":{"confidence_interval":{"confidence_level":0.95,"lower_bound":8268327926.421249,"upper_bound":8372242096.214749},"point_estimate":8319799854.23,"standard_error":26458120.176066183},"median":{"confidence_interval":{"confidence_level":0.95,"lower_bound":8257646443.0,"upper_bound":8340644109.0},"point_estimate":8296133962.0,"standard_error":23607450.469244573},"median_abs_dev":{"confidence_interval":{"confidence_level":0.95,"lower_bound":209421551.75242424,"upper_bound":327109308.7386489},"point_estimate":263865407.1086526,"standard_error":29763976.74435005},"slope":null,"std_dev":{"confidence_interval":{"confidence_level":0.95,"lower_bound":230261434.8051489,"upper_bound":299761151.32969433},"point_estimate":266987124.59433007,"standard_error":17796064.03022412}}