{"mean":{"confidence_interval":{"confidence_level":0.95,"lower_bound":12207435165.39125,"upper_bound":12336477701.426},"point_estimate":12272696979.31,"standard_error":32877148.434770655},"median":{"confidence_interval":{"confidence_level":0.95,"lower_bound":12209091739.0,"upper_bound":12382691576.0},"point_estimate":12315377910.0,"standard_error":43601398.509315774},"median_abs_dev":{"confidence_interval":{"confidence_level":0.95,"lower_bound":287442527.32007504,"upper_bound":456607225.8296013},"point_estimate":400504283.2814276,"standard_error":43376298.35839997},"slope":null,"std_dev":{"confidence_interval":{"confidence_level":0.95,"lower_bound":289787616.02581316,"upper_bound":362267954.77763796},"point_estimate":328098443.8917033,"standard_error":18410494.04029155}}