{"mean":{"confidence_interval":{"confidence_level":0.95,"lower_bound":38352177.92975,"upper_bound":38788085.13825},"point_estimate":38572828.115,"standard_error":111395.60973430362},"median":{"confidence_interval":{"confidence_level":0.95,"lower_bound":38301721.25,"upper_bound":38910083.0},"point_estimate":38541754.25,"standard_error":174206.16854021183},"median_abs_dev":{"confidence_interval":{"confidence_level":0.95,"lower_bound":997277.9146447778,"upper_bound":1508046.5783268213},"point_estimate":1339948.652011156,"standard_error":129610.243626483},"slope":null,"std_dev":{"confidence_interval":{"confidence_level":0.95,"lower_bound":972446.1804651037,"upper_bound":1247992.8707668965},"point_estimate":1117870.575730301,"standard_error":70621.86208189162}}