{"mean":{"confidence_interval":{"confidence_level":0.95,"lower_bound":173168290.412,"upper_bound":183550397.95},"point_estimate":178264962.56,"standard_error":2647617.7314718883},"median":{"confidence_interval":{"confidence_level":0.95,"lower_bound":169341306.0,"upper_bound":183596970.0},"point_estimate":175827742.5,"standard_error":4170224.1771522774},"median_abs_dev":{"confidence_interval":{"confidence_level":0.95,"lower_bound":20110590.94376564,"upper_bound":31688002.86772549},"point_estimate":25319320.475292206,"standard_error":2974743.1440988122},"slope":null,"std_dev":{"confidence_interval":{"confidence_level":0.95,"lower_bound":22744448.352484282,"upper_bound":29999258.822272055},"point_estimate":26620728.469457187,"standard_error":1854099.4355954952}}