{"mean":{"confidence_interval":{"confidence_level":0.95,"lower_bound":97788547.5205,"upper_bound":100622511.96749999},"point_estimate":99199961.79,"standard_error":723415.5260046246},"median":{"confidence_interval":{"confidence_level":0.95,"lower_bound":97642362.0,"upper_bound":101277172.0},"point_estimate":99347501.0,"standard_error":918357.2403993149},"median_abs_dev":{"confidence_interval":{"confidence_level":0.95,"lower_bound":4871302.379617095,"upper_bound":8749408.812966943},"point_estimate":6644846.289530396,"standard_error":1005696.4365333436},"slope":null,"std_dev":{"confidence_interval":{"confidence_level":0.95,"lower_bound":6176808.317948307,"upper_bound":8233854.13098825},"point_estimate":7250879.294996459,"standard_error":525890.7784852273}}