{"mean":{"confidence_interval":{"confidence_level":0.95,"lower_bound":51551428.433000006,"upper_bound":52793159.218},"point_estimate":52170797.05,"standard_error":316041.5499171293},"median":{"confidence_interval":{"confidence_level":0.95,"lower_bound":51378733.0,"upper_bound":52755620.5},"point_estimate":52072043.0,"standard_error":310730.3555810209},"median_abs_dev":{"confidence_interval":{"confidence_level":0.95,"lower_bound":1969980.2521258593,"upper_bound":4011241.6870862246},"point_estimate":2698649.969789386,"standard_error":504371.84980937006},"slope":null,"std_dev":{"confidence_interval":{"confidence_level":0.95,"lower_bound":2718804.6378709264,"upper_bound":3576996.0117987962},"point_estimate":3168751.524622182,"standard_error":218885.05320458027}}