{"mean":{"confidence_interval":{"confidence_level":0.95,"lower_bound":127839093.91,"upper_bound":130808886.77274999},"point_estimate":129332583.49,"standard_error":756921.5851237618},"median":{"confidence_interval":{"confidence_level":0.95,"lower_bound":128138980.0,"upper_bound":131931412.0},"point_estimate":130217212.0,"standard_error":1047800.2020797598},"median_abs_dev":{"confidence_interval":{"confidence_level":0.95,"lower_bound":5639252.842283249,"upper_bound":10016521.034771204},"point_estimate":7276252.2598207,"standard_error":1127602.7958024214},"slope":null,"std_dev":{"confidence_interval":{"confidence_level":0.95,"lower_bound":6614211.239962238,"upper_bound":8452893.62889972},"point_estimate":7586046.745694229,"standard_error":471177.2608903611}}