{"mean":{"confidence_interval":{"confidence_level":0.95,"lower_bound":62793761.02,"upper_bound":63486843.86775},"point_estimate":63145955.3,"standard_error":176494.42568323508},"median":{"confidence_interval":{"confidence_level":0.95,"lower_bound":62974847.0,"upper_bound":63138834.0},"point_estimate":63051250.0,"standard_error":40263.823086777986},"median_abs_dev":{"confidence_interval":{"confidence_level":0.95,"lower_bound":330083.8342398405,"upper_bound":1415208.3918750286},"point_estimate":1192386.9592308998,"standard_error":397412.06952021807},"slope":null,"std_dev":{"confidence_interval":{"confidence_level":0.95,"lower_bound":1149704.857499285,"upper_bound":2319096.2392747533},"point_estimate":1772261.443677982,"standard_error":297977.04340707854}}