{"mean":{"confidence_interval":{"confidence_level":0.95,"lower_bound":54406796.709,"upper_bound":56648998.02275},"point_estimate":55532197.26,"standard_error":573412.716160497},"median":{"confidence_interval":{"confidence_level":0.95,"lower_bound":54593230.0,"upper_bound":57481088.0},"point_estimate":55802664.0,"standard_error":734816.4007838315},"median_abs_dev":{"confidence_interval":{"confidence_level":0.95,"lower_bound":4129379.7007888556,"upper_bound":7035509.195759742},"point_estimate":5839415.699529648,"standard_error":779441.1908752257},"slope":null,"std_dev":{"confidence_interval":{"confidence_level":0.95,"lower_bound":4925300.441388429,"upper_bound":6569714.7999392245},"point_estimate":5772434.846687704,"standard_error":419348.0704276327}}