{"mean":{"confidence_interval":{"confidence_level":0.95,"lower_bound":61212110.62475,"upper_bound":62882601.37725},"point_estimate":62047798.67,"standard_error":427452.3084137032},"median":{"confidence_interval":{"confidence_level":0.95,"lower_bound":60601982.5,"upper_bound":63436384.0},"point_estimate":62061379.5,"standard_error":636298.330378378},"median_abs_dev":{"confidence_interval":{"confidence_level":0.95,"lower_bound":3807282.6326072216,"upper_bound":6179329.912894964},"point_estimate":5270504.2833298445,"standard_error":602287.4935470143},"slope":null,"std_dev":{"confidence_interval":{"confidence_level":0.95,"lower_bound":3768128.0508736367,"upper_bound":4746693.58421263},"point_estimate":4280056.243238301,"standard_error":249342.09578008}}