{"mean":{"confidence_interval":{"confidence_level":0.95,"lower_bound":9112615.317708332,"upper_bound":9279051.175000004},"point_estimate":9186868.538333334,"standard_error":42873.600208269534},"median":{"confidence_interval":{"confidence_level":0.95,"lower_bound":9077517.166666666,"upper_bound":9142552.666666666},"point_estimate":9111286.5,"standard_error":19119.997609333364},"median_abs_dev":{"confidence_interval":{"confidence_level":0.95,"lower_bound":96753.23878228573,"upper_bound":219124.56960976124},"point_estimate":158743.4617817402,"standard_error":31463.879145250416},"slope":null,"std_dev":{"confidence_interval":{"confidence_level":0.95,"lower_bound":204951.28280211988,"upper_bound":631329.8203506867},"point_estimate":432617.0911964639,"standard_error":114004.14900763454}}