{"mean":{"confidence_interval":{"confidence_level":0.95,"lower_bound":185226311.77625,"upper_bound":197033016.966},"point_estimate":191103578.05,"standard_error":3016465.5224740924},"median":{"confidence_interval":{"confidence_level":0.95,"lower_bound":182455762.5,"upper_bound":197629365.0},"point_estimate":192054222.5,"standard_error":3452376.01464202},"median_abs_dev":{"confidence_interval":{"confidence_level":0.95,"lower_bound":23003359.210708737,"upper_bound":37816372.89139015},"point_estimate":29874072.934529185,"standard_error":3434827.6632062066},"slope":null,"std_dev":{"confidence_interval":{"confidence_level":0.95,"lower_bound":26307076.720922254,"upper_bound":34063290.80951525},"point_estimate":30415914.656358227,"standard_error":1980950.6495124246}}