{"mean":{"confidence_interval":{"confidence_level":0.95,"lower_bound":4510148403.01275,"upper_bound":4669034358.92025},"point_estimate":4589948421.24,"standard_error":40434378.94578748},"median":{"confidence_interval":{"confidence_level":0.95,"lower_bound":4585187609.0,"upper_bound":4722687559.0},"point_estimate":4661006412.5,"standard_error":36100143.846856564},"median_abs_dev":{"confidence_interval":{"confidence_level":0.95,"lower_bound":281399584.0026587,"upper_bound":463022385.9520893},"point_estimate":357643627.91945636,"standard_error":45406072.49135787},"slope":null,"std_dev":{"confidence_interval":{"confidence_level":0.95,"lower_bound":350611397.44772696,"upper_bound":455212367.6514427},"point_estimate":406087544.28744763,"standard_error":26660065.257054556}}