{"mean":{"confidence_interval":{"confidence_level":0.95,"lower_bound":28511269.61,"upper_bound":29136064.15275},"point_estimate":28824083.915,"standard_error":159365.6358764282},"median":{"confidence_interval":{"confidence_level":0.95,"lower_bound":28461780.5,"upper_bound":29224453.5},"point_estimate":28718339.5,"standard_error":186754.6251431937},"median_abs_dev":{"confidence_interval":{"confidence_level":0.95,"lower_bound":1259314.1165927052,"upper_bound":1984521.6112001983},"point_estimate":1694714.4399628043,"standard_error":192922.3780926741},"slope":null,"std_dev":{"confidence_interval":{"confidence_level":0.95,"lower_bound":1366987.6066089515,"upper_bound":1828218.282056071},"point_estimate":1604209.6093427746,"standard_error":118159.32143684718}}