{"mean":{"confidence_interval":{"confidence_level":0.95,"lower_bound":75816019.16,"upper_bound":77909383.9},"point_estimate":76873968.21,"standard_error":534705.7565678011},"median":{"confidence_interval":{"confidence_level":0.95,"lower_bound":76387578.0,"upper_bound":77097590.0},"point_estimate":76603348.5,"standard_error":161274.43965157797},"median_abs_dev":{"confidence_interval":{"confidence_level":0.95,"lower_bound":1762684.6064060926,"upper_bound":5749537.523925304},"point_estimate":3067873.702034354,"standard_error":1122505.35887314},"slope":null,"std_dev":{"confidence_interval":{"confidence_level":0.95,"lower_bound":4619116.4690128965,"upper_bound":6013113.890572994},"point_estimate":5374630.0281380955,"standard_error":355261.51961744187}}