{"mean":{"confidence_interval":{"confidence_level":0.95,"lower_bound":4887504144.9495,"upper_bound":5067152845.33275},"point_estimate":4976827295.56,"standard_error":45681760.48691443},"median":{"confidence_interval":{"confidence_level":0.95,"lower_bound":4826708681.0,"upper_bound":5104922554.0},"point_estimate":4960657855.5,"standard_error":56812880.62139636},"median_abs_dev":{"confidence_interval":{"confidence_level":0.95,"lower_bound":390354411.2746239,"upper_bound":661283731.9335669},"point_estimate":560127872.0050424,"standard_error":66624802.33534775},"slope":null,"std_dev":{"confidence_interval":{"confidence_level":0.95,"lower_bound":405157555.7554332,"upper_bound":506116616.9156128},"point_estimate":458677831.385534,"standard_error":25817122.734607592}}