{"mean":{"confidence_interval":{"confidence_level":0.95,"lower_bound":1369853097.8485,"upper_bound":1437757129.2810001},"point_estimate":1403891991.55,"standard_error":17330373.64936783},"median":{"confidence_interval":{"confidence_level":0.95,"lower_bound":1366974720.0,"upper_bound":1446214061.0},"point_estimate":1415846819.0,"standard_error":23321611.14341617},"median_abs_dev":{"confidence_interval":{"confidence_level":0.95,"lower_bound":117084448.50933552,"upper_bound":219924928.96655202},"point_estimate":168612434.4671309,"standard_error":25848159.742187105},"slope":null,"std_dev":{"confidence_interval":{"confidence_level":0.95,"lower_bound":150266273.20165735,"upper_bound":195885738.88329726},"point_estimate":174361452.93951017,"standard_error":11628613.40371782}}