{"mean":{"confidence_interval":{"confidence_level":0.95,"lower_bound":89238136.84175001,"upper_bound":93564079.156},"point_estimate":91407564.13,"standard_error":1104963.2216004757},"median":{"confidence_interval":{"confidence_level":0.95,"lower_bound":90072697.0,"upper_bound":93585796.0},"point_estimate":91416161.5,"standard_error":911461.7017834431},"median_abs_dev":{"confidence_interval":{"confidence_level":0.95,"lower_bound":7117171.506544956,"upper_bound":13810581.099513173},"point_estimate":10213347.30077684,"standard_error":1635304.2131391522},"slope":null,"std_dev":{"confidence_interval":{"confidence_level":0.95,"lower_bound":9521265.159487352,"upper_bound":12554332.806504916},"point_estimate":11130469.87264425,"standard_error":773479.8782455086}}