{"mean":{"confidence_interval":{"confidence_level":0.95,"lower_bound":38275824.517875,"upper_bound":38741064.225250006},"point_estimate":38507270.135,"standard_error":118872.86265775202},"median":{"confidence_interval":{"confidence_level":0.95,"lower_bound":38175820.5,"upper_bound":38900996.0},"point_estimate":38472564.5,"standard_error":193664.32353305464},"median_abs_dev":{"confidence_interval":{"confidence_level":0.95,"lower_bound":1043918.2859167457,"upper_bound":1572872.5208759308},"point_estimate":1361564.95962739,"standard_error":136516.84324522843},"slope":null,"std_dev":{"confidence_interval":{"confidence_level":0.95,"lower_bound":1030026.7293213584,"upper_bound":1371044.7037897436},"point_estimate":1204628.0381716539,"standard_error":87480.27208235374}}