{"mean":{"confidence_interval":{"confidence_level":0.95,"lower_bound":47365111.163125,"upper_bound":47756498.63187499},"point_estimate":47559029.07,"standard_error":100033.53486698637},"median":{"confidence_interval":{"confidence_level":0.95,"lower_bound":47335877.25,"upper_bound":47713765.75},"point_estimate":47468738.75,"standard_error":83709.64411447664},"median_abs_dev":{"confidence_interval":{"confidence_level":0.95,"lower_bound":590225.6440714002,"upper_bound":1107415.0775894523},"point_estimate":838934.7548559308,"standard_error":137335.38962455821},"slope":null,"std_dev":{"confidence_interval":{"confidence_level":0.95,"lower_bound":839850.7944301857,"upper_bound":1148429.7865848728},"point_estimate":1002543.0717427377,"standard_error":78817.82342321242}}