{"mean":{"confidence_interval":{"confidence_level":0.95,"lower_bound":36009094.611999996,"upper_bound":36415677.333125},"point_estimate":36207861.93,"standard_error":103603.24014448939},"median":{"confidence_interval":{"confidence_level":0.95,"lower_bound":35860394.25,"upper_bound":36352019.5},"point_estimate":36022679.0,"standard_error":142730.9126304228},"median_abs_dev":{"confidence_interval":{"confidence_level":0.95,"lower_bound":709951.5223458409,"upper_bound":1178917.9091200233},"point_estimate":936992.8051650524,"standard_error":115278.43394134959},"slope":null,"std_dev":{"confidence_interval":{"confidence_level":0.95,"lower_bound":827787.4517671361,"upper_bound":1256654.0699082103},"point_estimate":1047194.3416457828,"standard_error":110132.72326154861}}