{"mean":{"confidence_interval":{"confidence_level":0.95,"lower_bound":6063890121.1665,"upper_bound":6199067574.258},"point_estimate":6129931938.07,"standard_error":34340542.42762116},"median":{"confidence_interval":{"confidence_level":0.95,"lower_bound":6087777870.0,"upper_bound":6189880547.0},"point_estimate":6152772404.5,"standard_error":27877355.448104206},"median_abs_dev":{"confidence_interval":{"confidence_level":0.95,"lower_bound":232857427.62955427,"upper_bound":417475339.79473114},"point_estimate":321958490.3033942,"standard_error":46141863.220791325},"slope":null,"std_dev":{"confidence_interval":{"confidence_level":0.95,"lower_bound":277825299.6698657,"upper_bound":423535601.37824225},"point_estimate":345523401.65838784,"standard_error":38140341.80013628}}