{"mean":{"confidence_interval":{"confidence_level":0.95,"lower_bound":66502292.09075,"upper_bound":68231209.16625},"point_estimate":67390734.75,"standard_error":439744.232394759},"median":{"confidence_interval":{"confidence_level":0.95,"lower_bound":67323928.0,"upper_bound":69102342.0},"point_estimate":68167975.0,"standard_error":525833.6015227662},"median_abs_dev":{"confidence_interval":{"confidence_level":0.95,"lower_bound":2800755.5921566524,"upper_bound":5160578.390881419},"point_estimate":4006827.2456645966,"standard_error":634955.6029891517},"slope":null,"std_dev":{"confidence_interval":{"confidence_level":0.95,"lower_bound":3736689.5654244395,"upper_bound":5029500.738076089},"point_estimate":4413981.919688619,"standard_error":329243.4659433939}}