{"mean":{"confidence_interval":{"confidence_level":0.95,"lower_bound":7476984853.333501,"upper_bound":7573073238.75325},"point_estimate":7524766259.98,"standard_error":24568960.993673783},"median":{"confidence_interval":{"confidence_level":0.95,"lower_bound":7466264770.0,"upper_bound":7563718920.0},"point_estimate":7520242725.5,"standard_error":24410734.24108468},"median_abs_dev":{"confidence_interval":{"confidence_level":0.95,"lower_bound":176071655.87230325,"upper_bound":304391754.6800035},"point_estimate":240570696.24671638,"standard_error":32206947.835847642},"slope":null,"std_dev":{"confidence_interval":{"confidence_level":0.95,"lower_bound":210317690.01576206,"upper_bound":279246940.01383233},"point_estimate":246909428.6441202,"standard_error":17624582.536346454}}