{"mean":{"confidence_interval":{"confidence_level":0.95,"lower_bound":25098740.875,"upper_bound":25813359.198},"point_estimate":25448722.18,"standard_error":182812.9178962196},"median":{"confidence_interval":{"confidence_level":0.95,"lower_bound":24606205.0,"upper_bound":25826944.5},"point_estimate":25006059.75,"standard_error":306841.53876562254},"median_abs_dev":{"confidence_interval":{"confidence_level":0.95,"lower_bound":1526442.6788002253,"upper_bound":2458135.1890593767},"point_estimate":1882808.562773466,"standard_error":230332.5179619783},"slope":null,"std_dev":{"confidence_interval":{"confidence_level":0.95,"lower_bound":1581677.6243237911,"upper_bound":2088173.3487379097},"point_estimate":1835830.1611530797,"standard_error":129733.9498165829}}