{"mean":{"confidence_interval":{"confidence_level":0.95,"lower_bound":63157604.3015,"upper_bound":65641312.33125},"point_estimate":64400854.88,"standard_error":633801.0212701486},"median":{"confidence_interval":{"confidence_level":0.95,"lower_bound":62908477.5,"upper_bound":66697102.0},"point_estimate":64568099.0,"standard_error":890884.12086627},"median_abs_dev":{"confidence_interval":{"confidence_level":0.95,"lower_bound":5163015.04393816,"upper_bound":8587072.270148993},"point_estimate":6659910.987862945,"standard_error":891115.7242922612},"slope":null,"std_dev":{"confidence_interval":{"confidence_level":0.95,"lower_bound":5543671.505597904,"upper_bound":7186717.496894358},"point_estimate":6392255.940493404,"standard_error":419565.4685431637}}