{"mean":{"confidence_interval":{"confidence_level":0.95,"lower_bound":45349724.433625005,"upper_bound":46971853.449},"point_estimate":46150536.795,"standard_error":413854.6337260025},"median":{"confidence_interval":{"confidence_level":0.95,"lower_bound":45285079.0,"upper_bound":47048576.0},"point_estimate":46319867.0,"standard_error":458827.03092533187},"median_abs_dev":{"confidence_interval":{"confidence_level":0.95,"lower_bound":2961963.060964644,"upper_bound":4878021.596827804},"point_estimate":4091772.8111565113,"standard_error":490343.5404278133},"slope":null,"std_dev":{"confidence_interval":{"confidence_level":0.95,"lower_bound":3392660.779900599,"upper_bound":4927236.788668996},"point_estimate":4169711.204495031,"standard_error":392234.47213323147}}