{"mean":{"confidence_interval":{"confidence_level":0.95,"lower_bound":2571421138.6895,"upper_bound":2602273554.9242496},"point_estimate":2586929659.26,"standard_error":7872696.011791467},"median":{"confidence_interval":{"confidence_level":0.95,"lower_bound":2579759157.5,"upper_bound":2620012644.0},"point_estimate":2595899928.0,"standard_error":10612764.251261702},"median_abs_dev":{"confidence_interval":{"confidence_level":0.95,"lower_bound":57262263.08019161,"upper_bound":111217708.65908347},"point_estimate":93470859.30376053,"standard_error":14025792.197235433},"slope":null,"std_dev":{"confidence_interval":{"confidence_level":0.95,"lower_bound":70298369.01459268,"upper_bound":86924343.9867394},"point_estimate":79188277.77918878,"standard_error":4239142.485706846}}