{"mean":{"confidence_interval":{"confidence_level":0.95,"lower_bound":44812647485.22,"upper_bound":44868906036.220245},"point_estimate":44840186435.06,"standard_error":14350442.413370648},"median":{"confidence_interval":{"confidence_level":0.95,"lower_bound":44765774960.0,"upper_bound":44864029348.0},"point_estimate":44819591727.0,"standard_error":23703752.583835926},"median_abs_dev":{"confidence_interval":{"confidence_level":0.95,"lower_bound":103563990.72697163,"upper_bound":181967992.30985484},"point_estimate":155855458.5911125,"standard_error":21029044.623875786},"slope":null,"std_dev":{"confidence_interval":{"confidence_level":0.95,"lower_bound":121653392.03434658,"upper_bound":168940206.7459724},"point_estimate":144451790.1799768,"standard_error":12254695.521459926}}