{"mean":{"confidence_interval":{"confidence_level":0.95,"lower_bound":11962512657.61925,"upper_bound":12075608646.96},"point_estimate":12019217838.5,"standard_error":29015129.85406924},"median":{"confidence_interval":{"confidence_level":0.95,"lower_bound":11962727733.0,"upper_bound":12073375733.0},"point_estimate":12030055404.5,"standard_error":32318245.876951486},"median_abs_dev":{"confidence_interval":{"confidence_level":0.95,"lower_bound":185348183.07227954,"upper_bound":389957442.90777147},"point_estimate":254392196.6950357,"standard_error":53283871.03717002},"slope":null,"std_dev":{"confidence_interval":{"confidence_level":0.95,"lower_bound":253528719.7368186,"upper_bound":322865075.1260552},"point_estimate":290547428.5622672,"standard_error":17666676.10556951}}