{"mean":{"confidence_interval":{"confidence_level":0.95,"lower_bound":3891292275.12275,"upper_bound":4041809731.71},"point_estimate":3966537313.19,"standard_error":38522144.18675339},"median":{"confidence_interval":{"confidence_level":0.95,"lower_bound":3941283275.0,"upper_bound":4051414076.5},"point_estimate":4011880289.5,"standard_error":27757657.011691604},"median_abs_dev":{"confidence_interval":{"confidence_level":0.95,"lower_bound":217872202.5859952,"upper_bound":462476688.6414975},"point_estimate":318747580.54499924,"standard_error":65047052.56560545},"slope":null,"std_dev":{"confidence_interval":{"confidence_level":0.95,"lower_bound":332399330.27702534,"upper_bound":436322889.3230721},"point_estimate":387620225.463903,"standard_error":26491142.940337777}}