{"mean":{"confidence_interval":{"confidence_level":0.95,"lower_bound":72792474.03275,"upper_bound":74386064.01574999},"point_estimate":73592043.32,"standard_error":407604.70480306575},"median":{"confidence_interval":{"confidence_level":0.95,"lower_bound":72691004.0,"upper_bound":74934914.0},"point_estimate":73996664.0,"standard_error":551650.3058514831},"median_abs_dev":{"confidence_interval":{"confidence_level":0.95,"lower_bound":3199581.9532960653,"upper_bound":4895369.091404823},"point_estimate":4043214.69681859,"standard_error":436296.5233068967},"slope":null,"std_dev":{"confidence_interval":{"confidence_level":0.95,"lower_bound":3464400.597558438,"upper_bound":4680381.909877964},"point_estimate":4102391.9233781113,"standard_error":309805.8578987345}}