{"mean":{"confidence_interval":{"confidence_level":0.95,"lower_bound":55552584.31375,"upper_bound":57250997.63225},"point_estimate":56379054.12,"standard_error":431961.8324890295},"median":{"confidence_interval":{"confidence_level":0.95,"lower_bound":54372122.0,"upper_bound":55864396.0},"point_estimate":55094712.5,"standard_error":357750.0194082386},"median_abs_dev":{"confidence_interval":{"confidence_level":0.95,"lower_bound":2144168.699133396,"upper_bound":4306418.27945329},"point_estimate":3387733.526855707,"standard_error":515943.37010313274},"slope":null,"std_dev":{"confidence_interval":{"confidence_level":0.95,"lower_bound":3643942.7786532557,"upper_bound":4929217.682697732},"point_estimate":4341792.545892091,"standard_error":327984.15514015785}}