{"mean":{"confidence_interval":{"confidence_level":0.95,"lower_bound":9249069.818666665,"upper_bound":9372709.669999998},"point_estimate":9310083.488333331,"standard_error":31437.054727775652},"median":{"confidence_interval":{"confidence_level":0.95,"lower_bound":9266083.5,"upper_bound":9363610.666666666},"point_estimate":9315030.25,"standard_error":24352.725340373174},"median_abs_dev":{"confidence_interval":{"confidence_level":0.95,"lower_bound":208177.05140411854,"upper_bound":307700.5282372255},"point_estimate":257496.72792851832,"standard_error":25077.552499142115},"slope":null,"std_dev":{"confidence_interval":{"confidence_level":0.95,"lower_bound":238079.77391136496,"upper_bound":397192.6951568537},"point_estimate":315257.8923409166,"standard_error":41360.728747657704}}