{"mean":{"confidence_interval":{"confidence_level":0.95,"lower_bound":4000393552.8605,"upper_bound":4153775319.5839996},"point_estimate":4077593319.31,"standard_error":39052980.344255164},"median":{"confidence_interval":{"confidence_level":0.95,"lower_bound":4046430912.5,"upper_bound":4138207396.0},"point_estimate":4090760828.5,"standard_error":22085103.227738466},"median_abs_dev":{"confidence_interval":{"confidence_level":0.95,"lower_bound":208444875.6763637,"upper_bound":387301379.75119716},"point_estimate":283999994.6742922,"standard_error":45196099.8034018},"slope":null,"std_dev":{"confidence_interval":{"confidence_level":0.95,"lower_bound":333223003.3544039,"upper_bound":443626667.8491284},"point_estimate":392314732.5625831,"standard_error":28072641.01121881}}