{"mean":{"confidence_interval":{"confidence_level":0.95,"lower_bound":6760596337.002251,"upper_bound":6887212772.33575},"point_estimate":6823724710.86,"standard_error":32182535.942659367},"median":{"confidence_interval":{"confidence_level":0.95,"lower_bound":6741591204.5,"upper_bound":6918925339.5},"point_estimate":6835626076.5,"standard_error":48566616.82574763},"median_abs_dev":{"confidence_interval":{"confidence_level":0.95,"lower_bound":256256535.76863706,"upper_bound":410374328.77615887},"point_estimate":328226697.6369113,"standard_error":40728180.87467313},"slope":null,"std_dev":{"confidence_interval":{"confidence_level":0.95,"lower_bound":274887349.15048116,"upper_bound":370132515.0666148},"point_estimate":323924295.05446917,"standard_error":24350549.68451169}}