{"mean":{"confidence_interval":{"confidence_level":0.95,"lower_bound":14633369.8785625,"upper_bound":14952829.665},"point_estimate":14788106.9675,"standard_error":81751.53397884434},"median":{"confidence_interval":{"confidence_level":0.95,"lower_bound":14561834.5,"upper_bound":14807818.25},"point_estimate":14699863.25,"standard_error":73537.87153775129},"median_abs_dev":{"confidence_interval":{"confidence_level":0.95,"lower_bound":477232.2522774339,"upper_bound":806982.1308732033},"point_estimate":618464.1697950661,"standard_error":84439.62005302096},"slope":null,"std_dev":{"confidence_interval":{"confidence_level":0.95,"lower_bound":643918.7931972499,"upper_bound":972433.417191588},"point_estimate":816953.8119745547,"standard_error":84476.17901040339}}