{"mean":{"confidence_interval":{"confidence_level":0.95,"lower_bound":61743471.29675,"upper_bound":64554589.12225},"point_estimate":63125554.63,"standard_error":717337.0848821887},"median":{"confidence_interval":{"confidence_level":0.95,"lower_bound":60575400.0,"upper_bound":63880403.5},"point_estimate":62165727.5,"standard_error":880410.5630758238},"median_abs_dev":{"confidence_interval":{"confidence_level":0.95,"lower_bound":5120161.974298954,"upper_bound":8574353.78627479},"point_estimate":6941215.800368786,"standard_error":882000.790388245},"slope":null,"std_dev":{"confidence_interval":{"confidence_level":0.95,"lower_bound":6167075.439365325,"upper_bound":8142398.846046251},"point_estimate":7217384.4008706,"standard_error":504586.91793984204}}