{"mean":{"confidence_interval":{"confidence_level":0.95,"lower_bound":109400837.98650001,"upper_bound":112840464.3445},"point_estimate":111106133.59,"standard_error":879334.7156063918},"median":{"confidence_interval":{"confidence_level":0.95,"lower_bound":107878018.0,"upper_bound":111293681.0},"point_estimate":109688599.5,"standard_error":876431.7958753618},"median_abs_dev":{"confidence_interval":{"confidence_level":0.95,"lower_bound":4891163.288864493,"upper_bound":9851697.09691241},"point_estimate":7680369.723746181,"standard_error":1293275.1908276128},"slope":null,"std_dev":{"confidence_interval":{"confidence_level":0.95,"lower_bound":7509350.182560037,"upper_bound":9991975.31472753},"point_estimate":8835437.802033924,"standard_error":631473.4645321248}}