{"mean":{"confidence_interval":{"confidence_level":0.95,"lower_bound":13711041.6125,"upper_bound":13997537.455},"point_estimate":13855624.3775,"standard_error":72757.2133872315},"median":{"confidence_interval":{"confidence_level":0.95,"lower_bound":13721526.125,"upper_bound":14085544.75},"point_estimate":13872793.5,"standard_error":100980.32675024576},"median_abs_dev":{"confidence_interval":{"confidence_level":0.95,"lower_bound":550699.1581231356,"upper_bound":924023.3912453055},"point_estimate":741782.9437807202,"standard_error":94767.99088576235},"slope":null,"std_dev":{"confidence_interval":{"confidence_level":0.95,"lower_bound":637532.994336375,"upper_bound":818292.5680262477},"point_estimate":734415.500068552,"standard_error":45894.2264300081}}