{"mean":{"confidence_interval":{"confidence_level":0.95,"lower_bound":181589430.345,"upper_bound":186727836.38625},"point_estimate":184149742.65,"standard_error":1310457.2465431863},"median":{"confidence_interval":{"confidence_level":0.95,"lower_bound":179964363.0,"upper_bound":188008514.02499992},"point_estimate":182775293.5,"standard_error":2625874.3973497823},"median_abs_dev":{"confidence_interval":{"confidence_level":0.95,"lower_bound":12080724.221724272,"upper_bound":18837779.366740063},"point_estimate":15853440.777245164,"standard_error":1749846.1575303806},"slope":null,"std_dev":{"confidence_interval":{"confidence_level":0.95,"lower_bound":11779759.731670232,"upper_bound":14514585.939874152},"point_estimate":13239043.106617497,"standard_error":697279.6760440669}}