{"mean":{"confidence_interval":{"confidence_level":0.95,"lower_bound":2083369992.1155,"upper_bound":2211744771.1075},"point_estimate":2147230066.45,"standard_error":32701298.332493294},"median":{"confidence_interval":{"confidence_level":0.95,"lower_bound":2040238963.5,"upper_bound":2186074944.0},"point_estimate":2113946003.5,"standard_error":42836970.592132665},"median_abs_dev":{"confidence_interval":{"confidence_level":0.95,"lower_bound":187368015.02575278,"upper_bound":411796424.9753936},"point_estimate":280550029.7548413,"standard_error":57266501.70816192},"slope":null,"std_dev":{"confidence_interval":{"confidence_level":0.95,"lower_bound":286601611.42396283,"upper_bound":366125385.4763423},"point_estimate":329157124.85947335,"standard_error":20282736.552993104}}