{"mean":{"confidence_interval":{"confidence_level":0.95,"lower_bound":14855109.2525,"upper_bound":15155162.835},"point_estimate":15007079.5725,"standard_error":76562.40813919553},"median":{"confidence_interval":{"confidence_level":0.95,"lower_bound":14807779.25,"upper_bound":15179208.25},"point_estimate":14979243.375,"standard_error":96747.87548022368},"median_abs_dev":{"confidence_interval":{"confidence_level":0.95,"lower_bound":578620.592777431,"upper_bound":985905.6361797999},"point_estimate":800520.7748629153,"standard_error":104786.36878498433},"slope":null,"std_dev":{"confidence_interval":{"confidence_level":0.95,"lower_bound":648588.6437241627,"upper_bound":894758.3681079032},"point_estimate":774447.7378545733,"standard_error":63411.8509181448}}