{"mean":{"confidence_interval":{"confidence_level":0.95,"lower_bound":409857641.19475,"upper_bound":415422359.25},"point_estimate":412581800.06,"standard_error":1420081.495037174},"median":{"confidence_interval":{"confidence_level":0.95,"lower_bound":409895908.0,"upper_bound":415119473.0},"point_estimate":412491610.0,"standard_error":1231753.567490883},"median_abs_dev":{"confidence_interval":{"confidence_level":0.95,"lower_bound":8101234.636974335,"upper_bound":13101450.566902757},"point_estimate":10150101.068499684,"standard_error":1336667.0984196903},"slope":null,"std_dev":{"confidence_interval":{"confidence_level":0.95,"lower_bound":10810073.178113455,"upper_bound":17540387.18647047},"point_estimate":14283496.683685564,"standard_error":1721201.6536966735}}