{"mean":{"confidence_interval":{"confidence_level":0.95,"lower_bound":922422990.4785,"upper_bound":1013015880.001},"point_estimate":967248065.16,"standard_error":23230680.937631425},"median":{"confidence_interval":{"confidence_level":0.95,"lower_bound":900708168.0,"upper_bound":995555455.0},"point_estimate":956757053.5,"standard_error":23056927.133960135},"median_abs_dev":{"confidence_interval":{"confidence_level":0.95,"lower_bound":150935380.89626133,"upper_bound":259128603.23344767},"point_estimate":206124065.56856632,"standard_error":28649797.008588746},"slope":null,"std_dev":{"confidence_interval":{"confidence_level":0.95,"lower_bound":195766113.33062238,"upper_bound":267880816.74707523},"point_estimate":233590094.89077654,"standard_error":18472289.02537845}}