{"mean":{"confidence_interval":{"confidence_level":0.95,"lower_bound":4577379411.0245,"upper_bound":4728301793.17125},"point_estimate":4651366928.23,"standard_error":38476864.845757596},"median":{"confidence_interval":{"confidence_level":0.95,"lower_bound":4525993222.5,"upper_bound":4724579923.0},"point_estimate":4626769239.5,"standard_error":47238774.88551668},"median_abs_dev":{"confidence_interval":{"confidence_level":0.95,"lower_bound":269423675.8925736,"upper_bound":397168853.65774333},"point_estimate":336234441.0021454,"standard_error":31208364.258516777},"slope":null,"std_dev":{"confidence_interval":{"confidence_level":0.95,"lower_bound":316029332.09998435,"upper_bound":449755788.6513152},"point_estimate":386078715.8818566,"standard_error":34224078.206209555}}