{"mean":{"confidence_interval":{"confidence_level":0.95,"lower_bound":16826148.936666675,"upper_bound":17061099.956666663},"point_estimate":16940365.240000006,"standard_error":59728.09453002831},"median":{"confidence_interval":{"confidence_level":0.95,"lower_bound":16747545.666666666,"upper_bound":17071989.166666664},"point_estimate":16956554.333333336,"standard_error":91414.1864027018},"median_abs_dev":{"confidence_interval":{"confidence_level":0.95,"lower_bound":401977.0096334824,"upper_bound":627090.3688669223},"point_estimate":480842.01256335195,"standard_error":58917.2338146114},"slope":null,"std_dev":{"confidence_interval":{"confidence_level":0.95,"lower_bound":461011.14511404204,"upper_bound":755549.0472053867},"point_estimate":596825.9900047479,"standard_error":78461.93726273096}}