{"mean":{"confidence_interval":{"confidence_level":0.95,"lower_bound":72139119.67825,"upper_bound":74943061.816},"point_estimate":73515369.0,"standard_error":714189.5938647555},"median":{"confidence_interval":{"confidence_level":0.95,"lower_bound":70364899.0,"upper_bound":72967400.0},"point_estimate":71564553.5,"standard_error":631181.3027496011},"median_abs_dev":{"confidence_interval":{"confidence_level":0.95,"lower_bound":4488827.910107374,"upper_bound":8450699.759370089},"point_estimate":6377786.297571659,"standard_error":967711.0039869335},"slope":null,"std_dev":{"confidence_interval":{"confidence_level":0.95,"lower_bound":6199756.457521169,"upper_bound":8008638.079482899},"point_estimate":7182350.708037104,"standard_error":462757.34551879053}}