{"mean":{"confidence_interval":{"confidence_level":0.95,"lower_bound":110619879.28175,"upper_bound":113223696.61500001},"point_estimate":111918487.54,"standard_error":667875.0766026626},"median":{"confidence_interval":{"confidence_level":0.95,"lower_bound":110448396.0,"upper_bound":113384053.0},"point_estimate":112288513.0,"standard_error":854668.6659440142},"median_abs_dev":{"confidence_interval":{"confidence_level":0.95,"lower_bound":4749709.166675806,"upper_bound":7753143.0322591895},"point_estimate":6547249.698463082,"standard_error":781982.8814909786},"slope":null,"std_dev":{"confidence_interval":{"confidence_level":0.95,"lower_bound":5775809.91384198,"upper_bound":7590149.039145066},"point_estimate":6727220.447756551,"standard_error":463029.87086712685}}