{"mean":{"confidence_interval":{"confidence_level":0.95,"lower_bound":856536084.2495,"upper_bound":990357079.2},"point_estimate":923122562.94,"standard_error":34206142.36972462},"median":{"confidence_interval":{"confidence_level":0.95,"lower_bound":846754832.0,"upper_bound":1053342135.0},"point_estimate":1004857937.5,"standard_error":55226072.13748576},"median_abs_dev":{"confidence_interval":{"confidence_level":0.95,"lower_bound":275782943.775174,"upper_bound":456327307.24807084},"point_estimate":348880494.6785331,"standard_error":45433961.7571804},"slope":null,"std_dev":{"confidence_interval":{"confidence_level":0.95,"lower_bound":298320103.3445797,"upper_bound":390164502.60070467},"point_estimate":343802568.21233267,"standard_error":23563188.6463573}}