{"mean":{"confidence_interval":{"confidence_level":0.95,"lower_bound":1629749884.6932502,"upper_bound":1719378214.5682502},"point_estimate":1675368734.8,"standard_error":22839198.203657757},"median":{"confidence_interval":{"confidence_level":0.95,"lower_bound":1641820119.0,"upper_bound":1760256637.5},"point_estimate":1720468408.5,"standard_error":26953012.33577424},"median_abs_dev":{"confidence_interval":{"confidence_level":0.95,"lower_bound":154114230.91282547,"upper_bound":274723204.29428816},"point_estimate":197481678.23469937,"standard_error":30983922.202355493},"slope":null,"std_dev":{"confidence_interval":{"confidence_level":0.95,"lower_bound":195174084.53236297,"upper_bound":260117526.80429494},"point_estimate":229405743.8181305,"standard_error":16543529.756238606}}