{"mean":{"confidence_interval":{"confidence_level":0.95,"lower_bound":97819372.61,"upper_bound":100496648.7805},"point_estimate":99150663.53,"standard_error":680435.4811950049},"median":{"confidence_interval":{"confidence_level":0.95,"lower_bound":97841416.0,"upper_bound":100408813.0},"point_estimate":98911418.5,"standard_error":631255.6652090978},"median_abs_dev":{"confidence_interval":{"confidence_level":0.95,"lower_bound":4919682.581958175,"upper_bound":7796459.525585175},"point_estimate":6019944.485324621,"standard_error":703351.3689681002},"slope":null,"std_dev":{"confidence_interval":{"confidence_level":0.95,"lower_bound":5746624.613309905,"upper_bound":7803962.756714464},"point_estimate":6817372.286278055,"standard_error":526885.3896235607}}