{"mean":{"confidence_interval":{"confidence_level":0.95,"lower_bound":56992839.048999995,"upper_bound":58053787.291},"point_estimate":57474651.68,"standard_error":270884.3962148514},"median":{"confidence_interval":{"confidence_level":0.95,"lower_bound":56921944.0,"upper_bound":57228694.5},"point_estimate":57080566.5,"standard_error":124149.41508868868},"median_abs_dev":{"confidence_interval":{"confidence_level":0.95,"lower_bound":1332822.53523767,"upper_bound":1642391.6336417198},"point_estimate":1530712.5667244196,"standard_error":102469.56104369984},"slope":null,"std_dev":{"confidence_interval":{"confidence_level":0.95,"lower_bound":1472724.6465663724,"upper_bound":3944176.246494122},"point_estimate":2717683.03883863,"standard_error":664723.7932573362}}