{"mean":{"confidence_interval":{"confidence_level":0.95,"lower_bound":2067658258.2745,"upper_bound":2108258407.19075},"point_estimate":2088476139.45,"standard_error":10351559.543710131},"median":{"confidence_interval":{"confidence_level":0.95,"lower_bound":2102077898.5,"upper_bound":2129734475.0},"point_estimate":2117232283.0,"standard_error":7263610.6306509515},"median_abs_dev":{"confidence_interval":{"confidence_level":0.95,"lower_bound":46282470.89702189,"upper_bound":81180580.69525659},"point_estimate":57897308.8334173,"standard_error":8466905.748812996},"slope":null,"std_dev":{"confidence_interval":{"confidence_level":0.95,"lower_bound":88942101.25567822,"upper_bound":117546133.04091585},"point_estimate":104862093.71653894,"standard_error":7331302.388108214}}