{"mean":{"confidence_interval":{"confidence_level":0.95,"lower_bound":239966987.27525,"upper_bound":249226633.09925},"point_estimate":244720357.86,"standard_error":2360178.7817269857},"median":{"confidence_interval":{"confidence_level":0.95,"lower_bound":242610558.0,"upper_bound":251406512.0},"point_estimate":246230761.5,"standard_error":2246032.960909229},"median_abs_dev":{"confidence_interval":{"confidence_level":0.95,"lower_bound":14856114.307451248,"upper_bound":24295961.773860455},"point_estimate":18980308.614832163,"standard_error":2519004.3888759776},"slope":null,"std_dev":{"confidence_interval":{"confidence_level":0.95,"lower_bound":18101663.828677863,"upper_bound":28880029.177368287},"point_estimate":23760437.96777741,"standard_error":2767509.098356838}}