{"mean":{"confidence_interval":{"confidence_level":0.95,"lower_bound":127708539.60474999,"upper_bound":135169396.86375},"point_estimate":131341892.79,"standard_error":1901239.6339939858},"median":{"confidence_interval":{"confidence_level":0.95,"lower_bound":123463366.0,"upper_bound":129886524.5},"point_estimate":125829875.0,"standard_error":1884923.0595981185},"median_abs_dev":{"confidence_interval":{"confidence_level":0.95,"lower_bound":11099637.410742044,"upper_bound":21325600.154694915},"point_estimate":15066442.611417174,"standard_error":2843502.6935648},"slope":null,"std_dev":{"confidence_interval":{"confidence_level":0.95,"lower_bound":15947772.477938902,"upper_bound":21994380.250089537},"point_estimate":19058859.954001322,"standard_error":1541455.89958113}}