{"mean":{"confidence_interval":{"confidence_level":0.95,"lower_bound":53648396.47225,"upper_bound":57936594.93125},"point_estimate":55739992.31,"standard_error":1091600.9212382636},"median":{"confidence_interval":{"confidence_level":0.95,"lower_bound":52077102.5,"upper_bound":56501550.0},"point_estimate":54137170.5,"standard_error":1064285.3116035669},"median_abs_dev":{"confidence_interval":{"confidence_level":0.95,"lower_bound":7627602.118900493,"upper_bound":12765553.458166122},"point_estimate":10320156.026780605,"standard_error":1289275.571564329},"slope":null,"std_dev":{"confidence_interval":{"confidence_level":0.95,"lower_bound":8899959.105708098,"upper_bound":13005890.335819393},"point_estimate":10996878.48926451,"standard_error":1056220.6333017142}}