{"mean":{"confidence_interval":{"confidence_level":0.95,"lower_bound":34016797.769,"upper_bound":34695279.740375},"point_estimate":34348019.77,"standard_error":173501.58147365449},"median":{"confidence_interval":{"confidence_level":0.95,"lower_bound":33682561.0,"upper_bound":34566609.0},"point_estimate":34203189.5,"standard_error":257269.18225295225},"median_abs_dev":{"confidence_interval":{"confidence_level":0.95,"lower_bound":1121763.3094847202,"upper_bound":1955502.2927328944},"point_estimate":1511546.9968646765,"standard_error":215512.3726650573},"slope":null,"std_dev":{"confidence_interval":{"confidence_level":0.95,"lower_bound":1397999.9767215415,"upper_bound":2087660.0156652427},"point_estimate":1739355.4472337065,"standard_error":177163.34751724955}}