{"mean":{"confidence_interval":{"confidence_level":0.95,"lower_bound":1021367562.6042501,"upper_bound":1139443471.46},"point_estimate":1080323979.64,"standard_error":30087088.390881643},"median":{"confidence_interval":{"confidence_level":0.95,"lower_bound":972265481.0,"upper_bound":1195054813.0},"point_estimate":1096169177.0,"standard_error":64077211.51964972},"median_abs_dev":{"confidence_interval":{"confidence_level":0.95,"lower_bound":246413434.45278704,"upper_bound":358148175.22299886},"point_estimate":282337318.1078106,"standard_error":29767402.913274165},"slope":null,"std_dev":{"confidence_interval":{"confidence_level":0.95,"lower_bound":256758338.29276106,"upper_bound":344332409.4972602},"point_estimate":302480237.0191374,"standard_error":22348791.51966176}}