{"mean":{"confidence_interval":{"confidence_level":0.95,"lower_bound":32324813.58,"upper_bound":33429560.61},"point_estimate":32874942.325,"standard_error":281632.98710453865},"median":{"confidence_interval":{"confidence_level":0.95,"lower_bound":32510340.5,"upper_bound":33678662.0},"point_estimate":33170606.5,"standard_error":327040.4845455005},"median_abs_dev":{"confidence_interval":{"confidence_level":0.95,"lower_bound":1772681.7316973605,"upper_bound":3297178.5443633795},"point_estimate":2630540.809598565,"standard_error":378425.15037859045},"slope":null,"std_dev":{"confidence_interval":{"confidence_level":0.95,"lower_bound":2395836.5370921586,"upper_bound":3203165.0581226605},"point_estimate":2817852.2950009177,"standard_error":206299.16392094607}}