{"mean":{"confidence_interval":{"confidence_level":0.95,"lower_bound":241749564.2125,"upper_bound":262310063.91225},"point_estimate":252185384.4,"standard_error":5239569.190044638},"median":{"confidence_interval":{"confidence_level":0.95,"lower_bound":253706078.5,"upper_bound":277011634.0},"point_estimate":261168932.0,"standard_error":7037398.923781652},"median_abs_dev":{"confidence_interval":{"confidence_level":0.95,"lower_bound":30130354.9621218,"upper_bound":63180537.53102124},"point_estimate":46994201.16868615,"standard_error":8460521.272917112},"slope":null,"std_dev":{"confidence_interval":{"confidence_level":0.95,"lower_bound":45090241.73911104,"upper_bound":58841051.68975487},"point_estimate":52452347.81649187,"standard_error":3509516.2138763606}}