{"mean":{"confidence_interval":{"confidence_level":0.95,"lower_bound":2316892248.88825,"upper_bound":2386370091.5734997},"point_estimate":2351691303.46,"standard_error":17719828.21669392},"median":{"confidence_interval":{"confidence_level":0.95,"lower_bound":2379310878.5,"upper_bound":2422509772.0},"point_estimate":2395997414.0,"standard_error":10887392.012832586},"median_abs_dev":{"confidence_interval":{"confidence_level":0.95,"lower_bound":58493825.51982701,"upper_bound":113630934.61619765},"point_estimate":85832574.66286719,"standard_error":14074531.195219157},"slope":null,"std_dev":{"confidence_interval":{"confidence_level":0.95,"lower_bound":143645551.4194273,"upper_bound":212725612.03125724},"point_estimate":178084976.9811591,"standard_error":17796544.557618536}}