{"mean":{"confidence_interval":{"confidence_level":0.95,"lower_bound":125933819.68875,"upper_bound":129247286.87574999},"point_estimate":127570391.09,"standard_error":844048.7929862122},"median":{"confidence_interval":{"confidence_level":0.95,"lower_bound":124961800.0,"upper_bound":129710369.0},"point_estimate":126720644.5,"standard_error":1116795.628952214},"median_abs_dev":{"confidence_interval":{"confidence_level":0.95,"lower_bound":7711000.23920238,"upper_bound":11745482.422176003},"point_estimate":10075573.733022809,"standard_error":1095204.2874985123},"slope":null,"std_dev":{"confidence_interval":{"confidence_level":0.95,"lower_bound":7425778.28597376,"upper_bound":9406725.755833495},"point_estimate":8469540.10072067,"standard_error":503769.98535582464}}