{"mean":{"confidence_interval":{"confidence_level":0.95,"lower_bound":2581434983.556,"upper_bound":2648027914.07425},"point_estimate":2614978018.95,"standard_error":16956610.704648484},"median":{"confidence_interval":{"confidence_level":0.95,"lower_bound":2576708553.5,"upper_bound":2687817701.0},"point_estimate":2624517769.5,"standard_error":30413704.271819282},"median_abs_dev":{"confidence_interval":{"confidence_level":0.95,"lower_bound":141967394.59307492,"upper_bound":222077752.7322141},"point_estimate":186556821.56965435,"standard_error":21209040.26402783},"slope":null,"std_dev":{"confidence_interval":{"confidence_level":0.95,"lower_bound":148398597.0640121,"upper_bound":190306372.4862688},"point_estimate":170663442.35580504,"standard_error":10668071.178222423}}