{"mean":{"confidence_interval":{"confidence_level":0.95,"lower_bound":206239161.96649998,"upper_bound":219775792.41875002},"point_estimate":213030803.03,"standard_error":3440124.564900914},"median":{"confidence_interval":{"confidence_level":0.95,"lower_bound":205970003.5,"upper_bound":225562609.5},"point_estimate":214036064.0,"standard_error":6319081.708905604},"median_abs_dev":{"confidence_interval":{"confidence_level":0.95,"lower_bound":30238066.054067016,"upper_bound":48587420.15030086},"point_estimate":39616913.42715919,"standard_error":4655072.159899152},"slope":null,"std_dev":{"confidence_interval":{"confidence_level":0.95,"lower_bound":30400822.65428301,"upper_bound":38226855.63072888},"point_estimate":34515277.46285117,"standard_error":1994613.96646569}}