{"mean":{"confidence_interval":{"confidence_level":0.95,"lower_bound":140344467.12525,"upper_bound":142658457.49725002},"point_estimate":141495823.56,"standard_error":589720.8499207391},"median":{"confidence_interval":{"confidence_level":0.95,"lower_bound":140908279.5,"upper_bound":142751540.0},"point_estimate":141408753.0,"standard_error":481366.3530220753},"median_abs_dev":{"confidence_interval":{"confidence_level":0.95,"lower_bound":3864356.0598939657,"upper_bound":7085979.660206214},"point_estimate":5292169.51674521,"standard_error":845217.0998992649},"slope":null,"std_dev":{"confidence_interval":{"confidence_level":0.95,"lower_bound":4955044.812592174,"upper_bound":6898872.091117431},"point_estimate":5939981.418011497,"standard_error":500525.24139925156}}