{"mean":{"confidence_interval":{"confidence_level":0.95,"lower_bound":101569113.0115,"upper_bound":103206231.035},"point_estimate":102380802.75,"standard_error":416967.55765848805},"median":{"confidence_interval":{"confidence_level":0.95,"lower_bound":101062064.0,"upper_bound":103234929.0},"point_estimate":102020992.5,"standard_error":545984.3874008622},"median_abs_dev":{"confidence_interval":{"confidence_level":0.95,"lower_bound":3561754.4400662184,"upper_bound":5454573.517861962},"point_estimate":4525279.113060236,"standard_error":481559.1540819145},"slope":null,"std_dev":{"confidence_interval":{"confidence_level":0.95,"lower_bound":3617414.089260503,"upper_bound":4670418.057801884},"point_estimate":4177648.3197577717,"standard_error":268594.63744298596}}