{"mean":{"confidence_interval":{"confidence_level":0.95,"lower_bound":120389814.68800001,"upper_bound":123221486.41274999},"point_estimate":121778354.92,"standard_error":721464.9998665014},"median":{"confidence_interval":{"confidence_level":0.95,"lower_bound":120052574.0,"upper_bound":123487153.0},"point_estimate":121262524.0,"standard_error":831337.3377342497},"median_abs_dev":{"confidence_interval":{"confidence_level":0.95,"lower_bound":5054079.528272152,"upper_bound":8439786.878406331},"point_estimate":7163033.512830734,"standard_error":879346.5893807549},"slope":null,"std_dev":{"confidence_interval":{"confidence_level":0.95,"lower_bound":6000842.121586128,"upper_bound":8401046.117164023},"point_estimate":7223021.12778537,"standard_error":613335.3560294429}}