{"mean":{"confidence_interval":{"confidence_level":0.95,"lower_bound":44354349.282375,"upper_bound":44734313.42925},"point_estimate":44544135.4,"standard_error":96917.25233672782},"median":{"confidence_interval":{"confidence_level":0.95,"lower_bound":44223186.0,"upper_bound":44708403.25},"point_estimate":44441858.25,"standard_error":124522.61512286462},"median_abs_dev":{"confidence_interval":{"confidence_level":0.95,"lower_bound":700470.6661641598,"upper_bound":1246242.773924768},"point_estimate":1017701.0999321938,"standard_error":145839.64614590202},"slope":null,"std_dev":{"confidence_interval":{"confidence_level":0.95,"lower_bound":842510.4788847992,"upper_bound":1090337.3359166414},"point_estimate":972942.70355532,"standard_error":63229.54897377082}}