{"mean":{"confidence_interval":{"confidence_level":0.95,"lower_bound":6020468.505527775,"upper_bound":6382110.801277778},"point_estimate":6152775.3599999985,"standard_error":103187.50475232665},"median":{"confidence_interval":{"confidence_level":0.95,"lower_bound":5957357.888888889,"upper_bound":6110532.388888889},"point_estimate":6048749.333333334,"standard_error":43259.91803341755},"median_abs_dev":{"confidence_interval":{"confidence_level":0.95,"lower_bound":171969.90088025713,"upper_bound":283622.1986313667},"point_estimate":242157.74860084103,"standard_error":29377.529787847794},"slope":null,"std_dev":{"confidence_interval":{"confidence_level":0.95,"lower_bound":188055.6617251995,"upper_bound":1756295.9706750042},"point_estimate":1035698.3367930102,"standard_error":553549.8027537972}}