{"mean":{"confidence_interval":{"confidence_level":0.95,"lower_bound":42746483.091125,"upper_bound":43870282.481875},"point_estimate":43308861.725,"standard_error":285290.5759650519},"median":{"confidence_interval":{"confidence_level":0.95,"lower_bound":42897250.0,"upper_bound":44184229.0},"point_estimate":43514057.0,"standard_error":333939.2155298601},"median_abs_dev":{"confidence_interval":{"confidence_level":0.95,"lower_bound":1949576.340638101,"upper_bound":3435244.554962218},"point_estimate":2685778.0368179083,"standard_error":377228.1378330821},"slope":null,"std_dev":{"confidence_interval":{"confidence_level":0.95,"lower_bound":2392410.9705080534,"upper_bound":3328037.1495636418},"point_estimate":2863640.079349794,"standard_error":239801.18603123995}}