{"mean":{"confidence_interval":{"confidence_level":0.95,"lower_bound":64058769.93799999,"upper_bound":67046241.0065},"point_estimate":65569372.28,"standard_error":762972.4442060896},"median":{"confidence_interval":{"confidence_level":0.95,"lower_bound":65284382.0,"upper_bound":67913863.0},"point_estimate":66856285.0,"standard_error":632458.1829112901},"median_abs_dev":{"confidence_interval":{"confidence_level":0.95,"lower_bound":4937822.933936119,"upper_bound":9873420.485311747},"point_estimate":7262555.25996387,"standard_error":1329453.4150281749},"slope":null,"std_dev":{"confidence_interval":{"confidence_level":0.95,"lower_bound":6673089.835141146,"upper_bound":8532334.986237992},"point_estimate":7676571.651056949,"standard_error":473948.2431622359}}