{"mean":{"confidence_interval":{"confidence_level":0.95,"lower_bound":18912746.890666664,"upper_bound":19157783.666666664},"point_estimate":19034969.296666667,"standard_error":62462.150966188165},"median":{"confidence_interval":{"confidence_level":0.95,"lower_bound":18854185.666666668,"upper_bound":19182279.5},"point_estimate":18964651.333333336,"standard_error":93984.14201539605},"median_abs_dev":{"confidence_interval":{"confidence_level":0.95,"lower_bound":474066.2835836392,"upper_bound":813344.9557602368},"point_estimate":587063.6289775317,"standard_error":87707.42451109865},"slope":null,"std_dev":{"confidence_interval":{"confidence_level":0.95,"lower_bound":544405.2304644175,"upper_bound":698985.3688081139},"point_estimate":625768.3966778144,"standard_error":39520.813796420465}}