{"mean":{"confidence_interval":{"confidence_level":0.95,"lower_bound":1676714125.609,"upper_bound":1756352360.3015},"point_estimate":1716711270.52,"standard_error":20282088.013229284},"median":{"confidence_interval":{"confidence_level":0.95,"lower_bound":1680044905.0,"upper_bound":1776672890.0},"point_estimate":1732860895.5,"standard_error":26417817.657266103},"median_abs_dev":{"confidence_interval":{"confidence_level":0.95,"lower_bound":157517572.51090407,"upper_bound":256076509.58423316},"point_estimate":198171440.08125365,"standard_error":26000919.28165243},"slope":null,"std_dev":{"confidence_interval":{"confidence_level":0.95,"lower_bound":177831686.9392041,"upper_bound":226209273.43232778},"point_estimate":203599119.10688114,"standard_error":12389537.049741423}}