{"mean":{"confidence_interval":{"confidence_level":0.95,"lower_bound":67670641.02749999,"upper_bound":69570771.18},"point_estimate":68612805.86,"standard_error":488525.10879020515},"median":{"confidence_interval":{"confidence_level":0.95,"lower_bound":66712912.0,"upper_bound":69118132.0},"point_estimate":67819316.5,"standard_error":576569.7190510611},"median_abs_dev":{"confidence_interval":{"confidence_level":0.95,"lower_bound":3607169.442459941,"upper_bound":6077268.472006917},"point_estimate":4530887.047460675,"standard_error":627729.9279906664},"slope":null,"std_dev":{"confidence_interval":{"confidence_level":0.95,"lower_bound":4199515.094037743,"upper_bound":5529118.44402363},"point_estimate":4913388.091149368,"standard_error":338333.8727913487}}