{"mean":{"confidence_interval":{"confidence_level":0.95,"lower_bound":45135267.384125,"upper_bound":46184341.655875005},"point_estimate":45662249.235,"standard_error":267555.88627990684},"median":{"confidence_interval":{"confidence_level":0.95,"lower_bound":44864748.5,"upper_bound":46233321.0},"point_estimate":45453610.5,"standard_error":388011.05436180404},"median_abs_dev":{"confidence_interval":{"confidence_level":0.95,"lower_bound":2065166.135635972,"upper_bound":3220440.281675756},"point_estimate":2774817.8021371365,"standard_error":315535.336938181},"slope":null,"std_dev":{"confidence_interval":{"confidence_level":0.95,"lower_bound":2252352.829664373,"upper_bound":3116348.251118697},"point_estimate":2683409.191160327,"standard_error":221254.37847187414}}