{"mean":{"confidence_interval":{"confidence_level":0.95,"lower_bound":2852479231.6535,"upper_bound":3035062743.43225},"point_estimate":2946152732.95,"standard_error":46366678.21628412},"median":{"confidence_interval":{"confidence_level":0.95,"lower_bound":2918057274.0,"upper_bound":2997580533.5},"point_estimate":2963046072.5,"standard_error":21794055.15007499},"median_abs_dev":{"confidence_interval":{"confidence_level":0.95,"lower_bound":142470408.88824463,"upper_bound":235694013.5117948},"point_estimate":189385847.6746291,"standard_error":25513568.226342015},"slope":null,"std_dev":{"confidence_interval":{"confidence_level":0.95,"lower_bound":350239219.266696,"upper_bound":572029744.7844343},"point_estimate":465916589.56091744,"standard_error":56792438.69990552}}