{"mean":{"confidence_interval":{"confidence_level":0.95,"lower_bound":1851109548.74775,"upper_bound":1901640936.882},"point_estimate":1876796813.69,"standard_error":12887302.236852944},"median":{"confidence_interval":{"confidence_level":0.95,"lower_bound":1896034266.0,"upper_bound":1931685127.5},"point_estimate":1918991312.0,"standard_error":8498017.084067011},"median_abs_dev":{"confidence_interval":{"confidence_level":0.95,"lower_bound":59601505.612161756,"upper_bound":124767822.72192836},"point_estimate":95949289.80385959,"standard_error":17689886.881739378},"slope":null,"std_dev":{"confidence_interval":{"confidence_level":0.95,"lower_bound":111726684.90164964,"upper_bound":142728296.2746813},"point_estimate":129226511.64814214,"standard_error":7905546.809085571}}