{"mean":{"confidence_interval":{"confidence_level":0.95,"lower_bound":185967763.78925,"upper_bound":194898310.9995},"point_estimate":190369706.79,"standard_error":2279180.3121958636},"median":{"confidence_interval":{"confidence_level":0.95,"lower_bound":184997760.0,"upper_bound":192907037.0},"point_estimate":189254758.5,"standard_error":1799073.4299381112},"median_abs_dev":{"confidence_interval":{"confidence_level":0.95,"lower_bound":14414684.249988198,"upper_bound":23835169.70204115},"point_estimate":19150909.911203384,"standard_error":2416821.245056417},"slope":null,"std_dev":{"confidence_interval":{"confidence_level":0.95,"lower_bound":18326226.284696355,"upper_bound":27585196.436336923},"point_estimate":23054977.454740483,"standard_error":2383536.2239885894}}