{"mean":{"confidence_interval":{"confidence_level":0.95,"lower_bound":4319511060.340751,"upper_bound":4480116912.96675},"point_estimate":4400499984.68,"standard_error":40975773.174639046},"median":{"confidence_interval":{"confidence_level":0.95,"lower_bound":4376707574.5,"upper_bound":4490294198.0},"point_estimate":4437604583.0,"standard_error":28486978.117648084},"median_abs_dev":{"confidence_interval":{"confidence_level":0.95,"lower_bound":259285623.91406,"upper_bound":536327971.8737751},"point_estimate":424411431.7295909,"standard_error":70878276.90262392},"slope":null,"std_dev":{"confidence_interval":{"confidence_level":0.95,"lower_bound":357278361.80202943,"upper_bound":458051190.9293359},"point_estimate":411278076.07815605,"standard_error":25699434.36291335}}