{"mean":{"confidence_interval":{"confidence_level":0.95,"lower_bound":15378938.3675,"upper_bound":15606435.649625},"point_estimate":15493300.1975,"standard_error":57811.80466242279},"median":{"confidence_interval":{"confidence_level":0.95,"lower_bound":15304852.75,"upper_bound":15748685.0},"point_estimate":15539202.25,"standard_error":113509.8541502132},"median_abs_dev":{"confidence_interval":{"confidence_level":0.95,"lower_bound":499230.51471188664,"upper_bound":760936.8381656706},"point_estimate":614294.1720440984,"standard_error":65817.38860258108},"slope":null,"std_dev":{"confidence_interval":{"confidence_level":0.95,"lower_bound":506707.22023600416,"upper_bound":646664.6050499242},"point_estimate":580581.3353817008,"standard_error":35627.53397911783}}