{"mean":{"confidence_interval":{"confidence_level":0.95,"lower_bound":38327053.059999995,"upper_bound":38742407.170625},"point_estimate":38534762.92,"standard_error":105705.20442942635},"median":{"confidence_interval":{"confidence_level":0.95,"lower_bound":38295650.0,"upper_bound":38835815.75},"point_estimate":38577563.75,"standard_error":120305.71181912454},"median_abs_dev":{"confidence_interval":{"confidence_level":0.95,"lower_bound":860254.1718274355,"upper_bound":1450862.3266920447},"point_estimate":1324218.2662904263,"standard_error":160698.09596833034},"slope":null,"std_dev":{"confidence_interval":{"confidence_level":0.95,"lower_bound":920148.9195496937,"upper_bound":1195557.0711090437},"point_estimate":1063623.8166104492,"standard_error":70402.45915802657}}