{"mean":{"confidence_interval":{"confidence_level":0.95,"lower_bound":51744039.0585,"upper_bound":52397227.16},"point_estimate":52051988.18,"standard_error":167370.77806880453},"median":{"confidence_interval":{"confidence_level":0.95,"lower_bound":51238420.0,"upper_bound":52108232.0},"point_estimate":51309628.0,"standard_error":232794.42464891402},"median_abs_dev":{"confidence_interval":{"confidence_level":0.95,"lower_bound":382453.916967586,"upper_bound":1303017.8279668093},"point_estimate":655552.3347616196,"standard_error":261153.0019016671},"slope":null,"std_dev":{"confidence_interval":{"confidence_level":0.95,"lower_bound":1169635.9685370924,"upper_bound":2100174.5025842213},"point_estimate":1676750.2460748435,"standard_error":237439.63312909543}}