{"mean":{"confidence_interval":{"confidence_level":0.95,"lower_bound":99500808.08250001,"upper_bound":102073374.9075},"point_estimate":100775830.02,"standard_error":657481.2245256014},"median":{"confidence_interval":{"confidence_level":0.95,"lower_bound":98775058.0,"upper_bound":101837396.0},"point_estimate":100608176.0,"standard_error":877463.1464132797},"median_abs_dev":{"confidence_interval":{"confidence_level":0.95,"lower_bound":5030525.46249032,"upper_bound":8322415.572747588},"point_estimate":6351212.175643444,"standard_error":861464.0941662596},"slope":null,"std_dev":{"confidence_interval":{"confidence_level":0.95,"lower_bound":5668121.48116265,"upper_bound":7460483.429734445},"point_estimate":6607520.307946563,"standard_error":458380.6293109211}}