{"mean":{"confidence_interval":{"confidence_level":0.95,"lower_bound":101489820.6375,"upper_bound":104169032.289},"point_estimate":102833398.5,"standard_error":683376.6109087646},"median":{"confidence_interval":{"confidence_level":0.95,"lower_bound":100669491.0,"upper_bound":105139850.0},"point_estimate":102898764.0,"standard_error":1189997.4122823807},"median_abs_dev":{"confidence_interval":{"confidence_level":0.95,"lower_bound":6182077.170646191,"upper_bound":9512851.096828133},"point_estimate":7905171.168655157,"standard_error":811724.8373757616},"slope":null,"std_dev":{"confidence_interval":{"confidence_level":0.95,"lower_bound":6072094.615605132,"upper_bound":7591509.581585638},"point_estimate":6873642.9983617645,"standard_error":386793.21362086775}}