{"mean":{"confidence_interval":{"confidence_level":0.95,"lower_bound":125293556.796,"upper_bound":127681682.022},"point_estimate":126477508.55,"standard_error":611014.415288957},"median":{"confidence_interval":{"confidence_level":0.95,"lower_bound":124944499.0,"upper_bound":128327303.0},"point_estimate":126493548.5,"standard_error":1022640.3468972765},"median_abs_dev":{"confidence_interval":{"confidence_level":0.95,"lower_bound":4785928.342732787,"upper_bound":7422718.3112204075},"point_estimate":6141713.386362791,"standard_error":674193.5428665606},"slope":null,"std_dev":{"confidence_interval":{"confidence_level":0.95,"lower_bound":5285018.07080205,"upper_bound":6923535.366033549},"point_estimate":6148538.733587866,"standard_error":419276.3022774902}}