{"mean":{"confidence_interval":{"confidence_level":0.95,"lower_bound":96131233.56199999,"upper_bound":99227725.25275},"point_estimate":97674276.39,"standard_error":788541.0437733926},"median":{"confidence_interval":{"confidence_level":0.95,"lower_bound":94755099.0,"upper_bound":99232416.0},"point_estimate":97380443.0,"standard_error":1267609.2501860503},"median_abs_dev":{"confidence_interval":{"confidence_level":0.95,"lower_bound":6561193.551215529,"upper_bound":10395960.455342306},"point_estimate":8536690.557843447,"standard_error":1001260.490899044},"slope":null,"std_dev":{"confidence_interval":{"confidence_level":0.95,"lower_bound":6915484.822288826,"upper_bound":8774236.160648365},"point_estimate":7896878.963126462,"standard_error":472933.15996714757}}