{"mean":{"confidence_interval":{"confidence_level":0.95,"lower_bound":4974200713.14,"upper_bound":5132760505.934999},"point_estimate":5054222053.12,"standard_error":40396799.67152272},"median":{"confidence_interval":{"confidence_level":0.95,"lower_bound":5006816654.0,"upper_bound":5141815989.5},"point_estimate":5089783456.0,"standard_error":39686883.11156732},"median_abs_dev":{"confidence_interval":{"confidence_level":0.95,"lower_bound":278040381.6296965,"upper_bound":539848128.2650799},"point_estimate":406217941.8859899,"standard_error":72139163.29309294},"slope":null,"std_dev":{"confidence_interval":{"confidence_level":0.95,"lower_bound":350285514.2033354,"upper_bound":454192955.9676225},"point_estimate":405141037.71276474,"standard_error":26631436.86784064}}