{"mean":{"confidence_interval":{"confidence_level":0.95,"lower_bound":96799073.67675,"upper_bound":99075591.69799998},"point_estimate":97941896.93,"standard_error":581200.2672463877},"median":{"confidence_interval":{"confidence_level":0.95,"lower_bound":96827617.0,"upper_bound":99980408.0},"point_estimate":98401059.5,"standard_error":796832.3041671595},"median_abs_dev":{"confidence_interval":{"confidence_level":0.95,"lower_bound":4531395.579251647,"upper_bound":7332123.891568776},"point_estimate":6053747.023424506,"standard_error":709286.1214599181},"slope":null,"std_dev":{"confidence_interval":{"confidence_level":0.95,"lower_bound":5037014.571671437,"upper_bound":6547805.279706616},"point_estimate":5827696.737748122,"standard_error":385789.80061481067}}