{"mean":{"confidence_interval":{"confidence_level":0.95,"lower_bound":103674312.95975,"upper_bound":107221845.13175},"point_estimate":105436115.0,"standard_error":907895.9096280257},"median":{"confidence_interval":{"confidence_level":0.95,"lower_bound":101693565.0,"upper_bound":106984132.0},"point_estimate":104299147.0,"standard_error":1470427.3540835017},"median_abs_dev":{"confidence_interval":{"confidence_level":0.95,"lower_bound":7458618.728283048,"upper_bound":11629588.323533535},"point_estimate":10002987.862211466,"standard_error":1071080.8980462404},"slope":null,"std_dev":{"confidence_interval":{"confidence_level":0.95,"lower_bound":7861032.973541554,"upper_bound":10290416.77466077},"point_estimate":9129064.389935054,"standard_error":617246.4113033821}}