{"mean":{"confidence_interval":{"confidence_level":0.95,"lower_bound":37961885.97325,"upper_bound":38242082.758125},"point_estimate":38100070.435,"standard_error":71306.85704238668},"median":{"confidence_interval":{"confidence_level":0.95,"lower_bound":37988737.5,"upper_bound":38203430.5},"point_estimate":38088958.25,"standard_error":63948.891318541784},"median_abs_dev":{"confidence_interval":{"confidence_level":0.95,"lower_bound":463172.7567270398,"upper_bound":765145.383515954},"point_estimate":606569.4555312395,"standard_error":77302.33598761106},"slope":null,"std_dev":{"confidence_interval":{"confidence_level":0.95,"lower_bound":599304.8989660016,"upper_bound":832771.9662099939},"point_estimate":717294.8309391286,"standard_error":59851.81066798829}}