{"mean":{"confidence_interval":{"confidence_level":0.95,"lower_bound":1125713839.97675,"upper_bound":1174690586.6634998},"point_estimate":1150260573.95,"standard_error":12503168.81377745},"median":{"confidence_interval":{"confidence_level":0.95,"lower_bound":1116386287.0,"upper_bound":1174406831.0},"point_estimate":1151514983.0,"standard_error":13890423.394641962},"median_abs_dev":{"confidence_interval":{"confidence_level":0.95,"lower_bound":98041908.50190818,"upper_bound":155666527.1699667},"point_estimate":124600649.93799627,"standard_error":15228971.96462232},"slope":null,"std_dev":{"confidence_interval":{"confidence_level":0.95,"lower_bound":108588661.17631142,"upper_bound":140918386.39824316},"point_estimate":125608257.39388864,"standard_error":8259997.816379517}}