{"mean":{"confidence_interval":{"confidence_level":0.95,"lower_bound":65607786.8225,"upper_bound":67579071.71024999},"point_estimate":66597032.21,"standard_error":502515.9290235996},"median":{"confidence_interval":{"confidence_level":0.95,"lower_bound":65383939.5,"upper_bound":67703624.5},"point_estimate":66487915.0,"standard_error":750483.3978779282},"median_abs_dev":{"confidence_interval":{"confidence_level":0.95,"lower_bound":3566321.5892851353,"upper_bound":5691922.206348181},"point_estimate":4707758.2591205835,"standard_error":526371.9101257945},"slope":null,"std_dev":{"confidence_interval":{"confidence_level":0.95,"lower_bound":4272090.747007158,"upper_bound":5758488.557195051},"point_estimate":5055626.226035949,"standard_error":378733.05739964236}}