{"mean":{"confidence_interval":{"confidence_level":0.95,"lower_bound":191785986.41575003,"upper_bound":198936542.279},"point_estimate":195422762.93,"standard_error":1826542.922096134},"median":{"confidence_interval":{"confidence_level":0.95,"lower_bound":191577305.0,"upper_bound":200876426.0},"point_estimate":198322811.5,"standard_error":2251114.799586402},"median_abs_dev":{"confidence_interval":{"confidence_level":0.95,"lower_bound":14915436.097598076,"upper_bound":21369229.36542034},"point_estimate":18056803.76292765,"standard_error":1661609.0285382636},"slope":null,"std_dev":{"confidence_interval":{"confidence_level":0.95,"lower_bound":15549593.745188847,"upper_bound":20885855.441539418},"point_estimate":18353451.175530914,"standard_error":1365092.0148506875}}