{"mean":{"confidence_interval":{"confidence_level":0.95,"lower_bound":56077669.47625,"upper_bound":57119783.103750005},"point_estimate":56587299.36,"standard_error":266165.4751041925},"median":{"confidence_interval":{"confidence_level":0.95,"lower_bound":55627146.0,"upper_bound":56701516.0},"point_estimate":56266921.0,"standard_error":303400.7349945596},"median_abs_dev":{"confidence_interval":{"confidence_level":0.95,"lower_bound":1497565.3378129005,"upper_bound":2403861.6332904245},"point_estimate":1936103.5840272903,"standard_error":227877.11557342505},"slope":null,"std_dev":{"confidence_interval":{"confidence_level":0.95,"lower_bound":2140573.9234286365,"upper_bound":3146521.762833667},"point_estimate":2666228.5548891895,"standard_error":258079.88375232424}}