{"mean":{"confidence_interval":{"confidence_level":0.95,"lower_bound":175361847.38625,"upper_bound":180215592.06575},"point_estimate":177813658.61,"standard_error":1235062.8360680344},"median":{"confidence_interval":{"confidence_level":0.95,"lower_bound":172402972.0,"upper_bound":182827171.0},"point_estimate":178682729.0,"standard_error":2558676.8793140464},"median_abs_dev":{"confidence_interval":{"confidence_level":0.95,"lower_bound":12227844.099712372,"upper_bound":17671016.423776746},"point_estimate":15914184.38076675,"standard_error":1380353.7873159929},"slope":null,"std_dev":{"confidence_interval":{"confidence_level":0.95,"lower_bound":11115797.093169339,"upper_bound":13619429.258487636},"point_estimate":12436735.367438216,"standard_error":640985.5740286671}}