{"mean":{"confidence_interval":{"confidence_level":0.95,"lower_bound":179590833.92625,"upper_bound":185325329.92},"point_estimate":182399915.42,"standard_error":1460659.5599653358},"median":{"confidence_interval":{"confidence_level":0.95,"lower_bound":176111091.0,"upper_bound":184247351.0},"point_estimate":179746870.0,"standard_error":1871555.4018963554},"median_abs_dev":{"confidence_interval":{"confidence_level":0.95,"lower_bound":12402799.792206287,"upper_bound":20328391.366273906},"point_estimate":17884074.194294214,"standard_error":2130962.8142775656},"slope":null,"std_dev":{"confidence_interval":{"confidence_level":0.95,"lower_bound":13102532.563409748,"upper_bound":16140104.152084295},"point_estimate":14735368.329479301,"standard_error":777585.9474548168}}