{"mean":{"confidence_interval":{"confidence_level":0.95,"lower_bound":58419276.486,"upper_bound":60070590.74475},"point_estimate":59240171.71,"standard_error":422201.43807318737},"median":{"confidence_interval":{"confidence_level":0.95,"lower_bound":58612182.0,"upper_bound":60120962.0},"point_estimate":59233252.0,"standard_error":461877.8854539549},"median_abs_dev":{"confidence_interval":{"confidence_level":0.95,"lower_bound":3096948.599468172,"upper_bound":5193645.55939436},"point_estimate":3917721.5046465397,"standard_error":580686.8548979872},"slope":null,"std_dev":{"confidence_interval":{"confidence_level":0.95,"lower_bound":3687155.1794494367,"upper_bound":4724114.469899113},"point_estimate":4237217.654984786,"standard_error":264726.5505474175}}