{"mean":{"confidence_interval":{"confidence_level":0.95,"lower_bound":35037366.872625,"upper_bound":35981410.384625},"point_estimate":35508114.385,"standard_error":241465.73981605782},"median":{"confidence_interval":{"confidence_level":0.95,"lower_bound":34966299.5,"upper_bound":36183337.5},"point_estimate":35405057.75,"standard_error":313534.2883178244},"median_abs_dev":{"confidence_interval":{"confidence_level":0.95,"lower_bound":1629508.9518204331,"upper_bound":2729720.076137781},"point_estimate":1989946.0553213954,"standard_error":274582.2575036482},"slope":null,"std_dev":{"confidence_interval":{"confidence_level":0.95,"lower_bound":2044357.2336891303,"upper_bound":2762507.213827299},"point_estimate":2418807.247154227,"standard_error":183279.01745289893}}