{"mean":{"confidence_interval":{"confidence_level":0.95,"lower_bound":103218390.79875,"upper_bound":105151740.85225},"point_estimate":104185308.57,"standard_error":493050.57660150836},"median":{"confidence_interval":{"confidence_level":0.95,"lower_bound":103157859.5,"upper_bound":104982547.0},"point_estimate":103966942.5,"standard_error":420148.96697036375},"median_abs_dev":{"confidence_interval":{"confidence_level":0.95,"lower_bound":3983372.5140810013,"upper_bound":6798045.568710566},"point_estimate":5383890.564116836,"standard_error":702726.1919895741},"slope":null,"std_dev":{"confidence_interval":{"confidence_level":0.95,"lower_bound":4345855.5725835385,"upper_bound":5485105.516690461},"point_estimate":4952547.544858872,"standard_error":290621.36508822377}}