{"mean":{"confidence_interval":{"confidence_level":0.95,"lower_bound":17790530.127333336,"upper_bound":18088601.70708334},"point_estimate":17943535.14333333,"standard_error":76094.85895321635},"median":{"confidence_interval":{"confidence_level":0.95,"lower_bound":17882610.666666668,"upper_bound":18122984.833333332},"point_estimate":17989693.166666664,"standard_error":64290.65309977173},"median_abs_dev":{"confidence_interval":{"confidence_level":0.95,"lower_bound":418046.73777818587,"upper_bound":750323.708029092},"point_estimate":669242.6629185677,"standard_error":87369.75545633686},"slope":null,"std_dev":{"confidence_interval":{"confidence_level":0.95,"lower_bound":617027.6733806023,"upper_bound":892095.1796168954},"point_estimate":763456.448665326,"standard_error":70252.23644625045}}