{"mean":{"confidence_interval":{"confidence_level":0.95,"lower_bound":128535342.551,"upper_bound":131957761.00074999},"point_estimate":130235822.6,"standard_error":876904.1542810134},"median":{"confidence_interval":{"confidence_level":0.95,"lower_bound":127865226.5,"upper_bound":132380194.0},"point_estimate":130863895.5,"standard_error":1232462.415750458},"median_abs_dev":{"confidence_interval":{"confidence_level":0.95,"lower_bound":7233576.360878348,"upper_bound":11399911.960183598},"point_estimate":8719125.225904584,"standard_error":1081320.5197254783},"slope":null,"std_dev":{"confidence_interval":{"confidence_level":0.95,"lower_bound":7701767.59019601,"upper_bound":9737263.627594123},"point_estimate":8780348.984136168,"standard_error":519818.26629626093}}