{"mean":{"confidence_interval":{"confidence_level":0.95,"lower_bound":40602886.52825,"upper_bound":42204980.2315},"point_estimate":41387508.87,"standard_error":408749.237540902},"median":{"confidence_interval":{"confidence_level":0.95,"lower_bound":40449355.5,"upper_bound":42345566.5},"point_estimate":41457882.0,"standard_error":427902.7103411497},"median_abs_dev":{"confidence_interval":{"confidence_level":0.95,"lower_bound":2696375.457572267,"upper_bound":4200803.954520822},"point_estimate":3338794.013674557,"standard_error":352462.37910240697},"slope":null,"std_dev":{"confidence_interval":{"confidence_level":0.95,"lower_bound":3206299.4169791834,"upper_bound":5033962.942247468},"point_estimate":4108171.5261278353,"standard_error":471841.92641743296}}