{"mean":{"confidence_interval":{"confidence_level":0.95,"lower_bound":1375087321.77125,"upper_bound":1459171085.947},"point_estimate":1416205436.78,"standard_error":21473259.92819817},"median":{"confidence_interval":{"confidence_level":0.95,"lower_bound":1338348663.0,"upper_bound":1430272603.5},"point_estimate":1380048365.0,"standard_error":19870894.466546964},"median_abs_dev":{"confidence_interval":{"confidence_level":0.95,"lower_bound":148040349.44045842,"upper_bound":251287498.9161551},"point_estimate":203031989.16326165,"standard_error":26807531.762062512},"slope":null,"std_dev":{"confidence_interval":{"confidence_level":0.95,"lower_bound":179309996.16297445,"upper_bound":248156540.55795345},"point_estimate":215248818.67537135,"standard_error":17584228.293584857}}