{"mean":{"confidence_interval":{"confidence_level":0.95,"lower_bound":9045038745.0285,"upper_bound":9257712911.98},"point_estimate":9148259777.53,"standard_error":54362418.34917826},"median":{"confidence_interval":{"confidence_level":0.95,"lower_bound":8922459586.0,"upper_bound":9183002319.5},"point_estimate":9051203303.0,"standard_error":68643363.90716515},"median_abs_dev":{"confidence_interval":{"confidence_level":0.95,"lower_bound":343524493.9326263,"upper_bound":552394684.657234},"point_estimate":421073926.46594346,"standard_error":54301395.74999138},"slope":null,"std_dev":{"confidence_interval":{"confidence_level":0.95,"lower_bound":442779957.5103582,"upper_bound":637357807.2135684},"point_estimate":546872128.7836388,"standard_error":49823311.1284619}}