{"mean":{"confidence_interval":{"confidence_level":0.95,"lower_bound":79866964.3845,"upper_bound":81916564.09099999},"point_estimate":80889758.76,"standard_error":523160.04426307936},"median":{"confidence_interval":{"confidence_level":0.95,"lower_bound":79864983.0,"upper_bound":82364761.0},"point_estimate":81194321.0,"standard_error":646084.7582028543},"median_abs_dev":{"confidence_interval":{"confidence_level":0.95,"lower_bound":4277715.310755372,"upper_bound":6456184.701579809},"point_estimate":5590138.011655211,"standard_error":560544.8715932976},"slope":null,"std_dev":{"confidence_interval":{"confidence_level":0.95,"lower_bound":4469221.854753558,"upper_bound":5999180.965557403},"point_estimate":5262873.522390783,"standard_error":389809.5238623791}}