{"mean":{"confidence_interval":{"confidence_level":0.95,"lower_bound":2026697837.2914999,"upper_bound":2135371398.4065},"point_estimate":2081088453.08,"standard_error":27832632.261816815},"median":{"confidence_interval":{"confidence_level":0.95,"lower_bound":2001444593.0,"upper_bound":2159383567.0},"point_estimate":2074907717.5,"standard_error":42100906.84725561},"median_abs_dev":{"confidence_interval":{"confidence_level":0.95,"lower_bound":238270879.0132463,"upper_bound":382208428.9535039},"point_estimate":331693164.6353692,"standard_error":36781236.83500463},"slope":null,"std_dev":{"confidence_interval":{"confidence_level":0.95,"lower_bound":246037528.561766,"upper_bound":310104877.1386347},"point_estimate":279848460.3888115,"standard_error":16341597.456642617}}