{"mean":{"confidence_interval":{"confidence_level":0.95,"lower_bound":3753139168.73375,"upper_bound":3775360951.1835003},"point_estimate":3764336911.43,"standard_error":5676654.59019387},"median":{"confidence_interval":{"confidence_level":0.95,"lower_bound":3744963034.0,"upper_bound":3776608565.0},"point_estimate":3763681454.0,"standard_error":7839896.387400977},"median_abs_dev":{"confidence_interval":{"confidence_level":0.95,"lower_bound":45467709.26756689,"upper_bound":73351585.51324904},"point_estimate":58187446.976566315,"standard_error":7313665.713606587},"slope":null,"std_dev":{"confidence_interval":{"confidence_level":0.95,"lower_bound":49633749.26124191,"upper_bound":64028757.826188624},"point_estimate":57172196.69191827,"standard_error":3679096.4003596753}}