{"mean":{"confidence_interval":{"confidence_level":0.95,"lower_bound":10685097.618300004,"upper_bound":10794455.7888},"point_estimate":10738724.296000002,"standard_error":27848.030092012923},"median":{"confidence_interval":{"confidence_level":0.95,"lower_bound":10686745.6,"upper_bound":10720616.0},"point_estimate":10704678.0,"standard_error":9310.876320502124},"median_abs_dev":{"confidence_interval":{"confidence_level":0.95,"lower_bound":76859.82847246369,"upper_bound":272725.8960181483},"point_estimate":146539.29183840807,"standard_error":51234.15879827325},"slope":null,"std_dev":{"confidence_interval":{"confidence_level":0.95,"lower_bound":210711.77817682122,"upper_bound":346484.78912184824},"point_estimate":279447.41306716093,"standard_error":35003.634270276954}}