{"mean":{"confidence_interval":{"confidence_level":0.95,"lower_bound":80644273.61,"upper_bound":81714456.40525},"point_estimate":81182158.17,"standard_error":274900.704670783},"median":{"confidence_interval":{"confidence_level":0.95,"lower_bound":80442056.0,"upper_bound":82257365.0},"point_estimate":81283684.0,"standard_error":504113.0451285368},"median_abs_dev":{"confidence_interval":{"confidence_level":0.95,"lower_bound":2543920.091461391,"upper_bound":3768972.249287367},"point_estimate":3238118.433111906,"standard_error":315031.1149516307},"slope":null,"std_dev":{"confidence_interval":{"confidence_level":0.95,"lower_bound":2423504.0656691617,"upper_bound":3084887.8769543027},"point_estimate":2771642.3989592367,"standard_error":168388.28690065353}}