{"mean":{"confidence_interval":{"confidence_level":0.95,"lower_bound":146407968.83125,"upper_bound":149346926.61825},"point_estimate":147890708.86,"standard_error":750007.1808035846},"median":{"confidence_interval":{"confidence_level":0.95,"lower_bound":147221881.0,"upper_bound":150569211.0},"point_estimate":148204173.5,"standard_error":735233.7606387344},"median_abs_dev":{"confidence_interval":{"confidence_level":0.95,"lower_bound":5191472.067832947,"upper_bound":8660441.695046425},"point_estimate":6943163.9367341995,"standard_error":871705.6114470656},"slope":null,"std_dev":{"confidence_interval":{"confidence_level":0.95,"lower_bound":6458108.033174067,"upper_bound":8514656.616832066},"point_estimate":7537297.316955702,"standard_error":525846.9953751108}}