{"mean":{"confidence_interval":{"confidence_level":0.95,"lower_bound":110273263.2135,"upper_bound":113618140.1705},"point_estimate":111929166.67,"standard_error":853915.5225008833},"median":{"confidence_interval":{"confidence_level":0.95,"lower_bound":109656556.0,"upper_bound":111663320.0},"point_estimate":110787111.5,"standard_error":574275.5519164355},"median_abs_dev":{"confidence_interval":{"confidence_level":0.95,"lower_bound":4981678.982457519,"upper_bound":8966337.652015686},"point_estimate":7526211.943683028,"standard_error":1017069.0978177048},"slope":null,"std_dev":{"confidence_interval":{"confidence_level":0.95,"lower_bound":7190942.954934818,"upper_bound":9949854.445149835},"point_estimate":8638086.42289853,"standard_error":701965.8725498018}}