{"mean":{"confidence_interval":{"confidence_level":0.95,"lower_bound":32843488.692500003,"upper_bound":33429731.704875},"point_estimate":33134630.83,"standard_error":150276.77691851516},"median":{"confidence_interval":{"confidence_level":0.95,"lower_bound":32742668.0,"upper_bound":33374748.5},"point_estimate":33091845.75,"standard_error":146877.302378967},"median_abs_dev":{"confidence_interval":{"confidence_level":0.95,"lower_bound":1026687.5090226531,"upper_bound":1559495.0213134289},"point_estimate":1307194.6827426553,"standard_error":134052.90325986373},"slope":null,"std_dev":{"confidence_interval":{"confidence_level":0.95,"lower_bound":1263288.5061593924,"upper_bound":1733291.3410885932},"point_estimate":1509501.2734596112,"standard_error":120368.56780309347}}