{"mean":{"confidence_interval":{"confidence_level":0.95,"lower_bound":94172827.63375,"upper_bound":96874176.89675},"point_estimate":95524662.85,"standard_error":688224.221781048},"median":{"confidence_interval":{"confidence_level":0.95,"lower_bound":94377786.0,"upper_bound":97780650.0},"point_estimate":96006191.0,"standard_error":814390.9698612327},"median_abs_dev":{"confidence_interval":{"confidence_level":0.95,"lower_bound":4526781.728133559,"upper_bound":7565233.789665251},"point_estimate":6075044.572046399,"standard_error":774373.8963493966},"slope":null,"std_dev":{"confidence_interval":{"confidence_level":0.95,"lower_bound":5696972.651453676,"upper_bound":8038991.192557759},"point_estimate":6893744.7399100475,"standard_error":596878.999468577}}