{"mean":{"confidence_interval":{"confidence_level":0.95,"lower_bound":2067672377.78025,"upper_bound":2194423304.2860003},"point_estimate":2130471524.81,"standard_error":32358313.306760676},"median":{"confidence_interval":{"confidence_level":0.95,"lower_bound":2019062570.0,"upper_bound":2200695331.0},"point_estimate":2099072987.5,"standard_error":43569134.49789792},"median_abs_dev":{"confidence_interval":{"confidence_level":0.95,"lower_bound":246425081.6655178,"upper_bound":379882462.21473813},"point_estimate":301365384.9742949,"standard_error":34790285.99465724},"slope":null,"std_dev":{"confidence_interval":{"confidence_level":0.95,"lower_bound":273545952.76189405,"upper_bound":373692006.8016568},"point_estimate":325413298.3806205,"standard_error":25560846.896935888}}