{"mean":{"confidence_interval":{"confidence_level":0.95,"lower_bound":58959326.73575,"upper_bound":60513047.83525},"point_estimate":59736878.1,"standard_error":396995.50099164597},"median":{"confidence_interval":{"confidence_level":0.95,"lower_bound":58854641.5,"upper_bound":61194546.0},"point_estimate":60083296.5,"standard_error":535306.4264434563},"median_abs_dev":{"confidence_interval":{"confidence_level":0.95,"lower_bound":3248384.6966296434,"upper_bound":5135110.307066064},"point_estimate":4374536.502036452,"standard_error":497693.56290728046},"slope":null,"std_dev":{"confidence_interval":{"confidence_level":0.95,"lower_bound":3463355.3051530207,"upper_bound":4458935.085760496},"point_estimate":3991201.561988262,"standard_error":255408.7476531625}}