{"mean":{"confidence_interval":{"confidence_level":0.95,"lower_bound":38562940.66325,"upper_bound":38955678.295},"point_estimate":38750083.42,"standard_error":100204.92056047042},"median":{"confidence_interval":{"confidence_level":0.95,"lower_bound":38254427.0,"upper_bound":38763657.0},"point_estimate":38557625.75,"standard_error":138044.36753108446},"median_abs_dev":{"confidence_interval":{"confidence_level":0.95,"lower_bound":574558.6394995451,"upper_bound":1023167.4460351467},"point_estimate":796553.5226583481,"standard_error":103444.46349056021},"slope":null,"std_dev":{"confidence_interval":{"confidence_level":0.95,"lower_bound":733082.7084974513,"upper_bound":1270967.2493466276},"point_estimate":1004062.5404312102,"standard_error":138925.72139379074}}