{"mean":{"confidence_interval":{"confidence_level":0.95,"lower_bound":148138776.91,"upper_bound":151965682.261},"point_estimate":150047922.22,"standard_error":974062.7041289727},"median":{"confidence_interval":{"confidence_level":0.95,"lower_bound":147937412.0,"upper_bound":153887161.0},"point_estimate":150664191.0,"standard_error":1456185.3446602123},"median_abs_dev":{"confidence_interval":{"confidence_level":0.95,"lower_bound":7482022.310167551,"upper_bound":12480196.699932218},"point_estimate":9551668.86292398,"standard_error":1224124.4396212827},"slope":null,"std_dev":{"confidence_interval":{"confidence_level":0.95,"lower_bound":8556291.382880038,"upper_bound":10910031.439133465},"point_estimate":9806967.231859785,"standard_error":600514.6421562128}}