{"mean":{"confidence_interval":{"confidence_level":0.95,"lower_bound":763260632.1355001,"upper_bound":764989044.96075},"point_estimate":764116084.89,"standard_error":441303.4912687925},"median":{"confidence_interval":{"confidence_level":0.95,"lower_bound":762412281.5,"upper_bound":764730163.0},"point_estimate":763376920.0,"standard_error":642374.790384698},"median_abs_dev":{"confidence_interval":{"confidence_level":0.95,"lower_bound":3290261.474186182,"upper_bound":5689044.479799271},"point_estimate":4543833.110430837,"standard_error":610827.5830260653},"slope":null,"std_dev":{"confidence_interval":{"confidence_level":0.95,"lower_bound":3781421.973973577,"upper_bound":5012073.827563714},"point_estimate":4426032.544413965,"standard_error":315016.17680557707}}