{"mean":{"confidence_interval":{"confidence_level":0.95,"lower_bound":241329295.108,"upper_bound":264131814.92725},"point_estimate":249789732.89,"standard_error":6433143.3718794715},"median":{"confidence_interval":{"confidence_level":0.95,"lower_bound":237872730.0,"upper_bound":244963603.5},"point_estimate":240989094.0,"standard_error":2069220.9737599285},"median_abs_dev":{"confidence_interval":{"confidence_level":0.95,"lower_bound":9661551.018673182,"upper_bound":16324324.165785313},"point_estimate":12242653.790849447,"standard_error":1667020.7565922285},"slope":null,"std_dev":{"confidence_interval":{"confidence_level":0.95,"lower_bound":12744098.177069262,"upper_bound":109565022.2413909},"point_estimate":64827646.62409907,"standard_error":33850147.21781152}}