{"mean":{"confidence_interval":{"confidence_level":0.95,"lower_bound":1252444197.04375,"upper_bound":1375061146.90825},"point_estimate":1313652711.75,"standard_error":31223917.630458925},"median":{"confidence_interval":{"confidence_level":0.95,"lower_bound":1249517382.0,"upper_bound":1388432699.0},"point_estimate":1331889523.5,"standard_error":32468644.90204203},"median_abs_dev":{"confidence_interval":{"confidence_level":0.95,"lower_bound":214292338.92855048,"upper_bound":371584939.4955486},"point_estimate":280807211.92447543,"standard_error":40434536.78252614},"slope":null,"std_dev":{"confidence_interval":{"confidence_level":0.95,"lower_bound":264788676.80872044,"upper_bound":359284933.4070616},"point_estimate":313888080.5452297,"standard_error":24109779.643981833}}