{"mean":{"confidence_interval":{"confidence_level":0.95,"lower_bound":3978521097.34525,"upper_bound":4011695151.4995},"point_estimate":3995185397.82,"standard_error":8480468.854681531},"median":{"confidence_interval":{"confidence_level":0.95,"lower_bound":3977460386.0,"upper_bound":4028514655.0},"point_estimate":4010520487.5,"standard_error":14571754.15638503},"median_abs_dev":{"confidence_interval":{"confidence_level":0.95,"lower_bound":68964536.60873473,"upper_bound":117326330.98854125},"point_estimate":88327896.42446637,"standard_error":12492167.732911391},"slope":null,"std_dev":{"confidence_interval":{"confidence_level":0.95,"lower_bound":75896378.18354204,"upper_bound":93337546.6487927},"point_estimate":85322375.44715396,"standard_error":4451256.133638588}}