{"mean":{"confidence_interval":{"confidence_level":0.95,"lower_bound":56723701.163,"upper_bound":57507686.89225},"point_estimate":57108023.41,"standard_error":200322.30274679614},"median":{"confidence_interval":{"confidence_level":0.95,"lower_bound":56437826.0,"upper_bound":57160812.0},"point_estimate":56787692.0,"standard_error":194675.5184023116},"median_abs_dev":{"confidence_interval":{"confidence_level":0.95,"lower_bound":1289315.6390100718,"upper_bound":2533318.575024605},"point_estimate":1922646.0240662098,"standard_error":329159.06003859517},"slope":null,"std_dev":{"confidence_interval":{"confidence_level":0.95,"lower_bound":1728835.970448221,"upper_bound":2256179.215359894},"point_estimate":2008850.962567353,"standard_error":134193.5596262951}}