{"mean":{"confidence_interval":{"confidence_level":0.95,"lower_bound":152414451.63525,"upper_bound":155815020.53225},"point_estimate":154087017.92,"standard_error":865252.5491286226},"median":{"confidence_interval":{"confidence_level":0.95,"lower_bound":148292020.5,"upper_bound":155296020.0},"point_estimate":149174034.0,"standard_error":1787145.5471321363},"median_abs_dev":{"confidence_interval":{"confidence_level":0.95,"lower_bound":2676469.9220656683,"upper_bound":11074891.72376385},"point_estimate":4900419.901800156,"standard_error":2260857.6809467054},"slope":null,"std_dev":{"confidence_interval":{"confidence_level":0.95,"lower_bound":7565762.443502319,"upper_bound":9708591.283204846},"point_estimate":8697088.237251902,"standard_error":546007.0535241205}}