{"mean":{"confidence_interval":{"confidence_level":0.95,"lower_bound":39698526.5395,"upper_bound":40127977.715500005},"point_estimate":39914272.19,"standard_error":109580.40751933365},"median":{"confidence_interval":{"confidence_level":0.95,"lower_bound":39799311.0,"upper_bound":40147158.0},"point_estimate":39962892.5,"standard_error":95052.04333245414},"median_abs_dev":{"confidence_interval":{"confidence_level":0.95,"lower_bound":610078.0283689499,"upper_bound":1009910.4077205062},"point_estimate":800868.2592317462,"standard_error":104346.68403328344},"slope":null,"std_dev":{"confidence_interval":{"confidence_level":0.95,"lower_bound":876643.1407630978,"upper_bound":1312380.1850071962},"point_estimate":1101672.3331254807,"standard_error":111874.47900830422}}