{"mean":{"confidence_interval":{"confidence_level":0.95,"lower_bound":9346849.733541667,"upper_bound":9462082.283541664},"point_estimate":9403377.261666665,"standard_error":29339.341262248592},"median":{"confidence_interval":{"confidence_level":0.95,"lower_bound":9341302.0,"upper_bound":9467397.0},"point_estimate":9408495.666666666,"standard_error":32058.903613964187},"median_abs_dev":{"confidence_interval":{"confidence_level":0.95,"lower_bound":193432.1004658928,"upper_bound":320167.71141588595},"point_estimate":267856.1481446028,"standard_error":33871.75621867593},"slope":null,"std_dev":{"confidence_interval":{"confidence_level":0.95,"lower_bound":238427.9544336022,"upper_bound":355693.4536464066},"point_estimate":295646.3505959801,"standard_error":30327.774896320414}}