{"mean":{"confidence_interval":{"confidence_level":0.95,"lower_bound":64534285.62725,"upper_bound":66014844.812},"point_estimate":65286450.94,"standard_error":376870.660783856},"median":{"confidence_interval":{"confidence_level":0.95,"lower_bound":65242463.5,"upper_bound":65865377.0},"point_estimate":65576109.5,"standard_error":151513.9079207586},"median_abs_dev":{"confidence_interval":{"confidence_level":0.95,"lower_bound":1552070.9019452333,"upper_bound":3510709.2457399503},"point_estimate":2559060.2170675993,"standard_error":604301.442156294},"slope":null,"std_dev":{"confidence_interval":{"confidence_level":0.95,"lower_bound":3058962.711813231,"upper_bound":4453252.189991444},"point_estimate":3786812.609083573,"standard_error":356896.0654201211}}