{"mean":{"confidence_interval":{"confidence_level":0.95,"lower_bound":45500430.19825,"upper_bound":46025669.229375},"point_estimate":45757066.495,"standard_error":134166.9873723623},"median":{"confidence_interval":{"confidence_level":0.95,"lower_bound":45359176.5,"upper_bound":45874009.75},"point_estimate":45589240.0,"standard_error":144114.3629352987},"median_abs_dev":{"confidence_interval":{"confidence_level":0.95,"lower_bound":753691.9280692935,"upper_bound":1442648.352187872},"point_estimate":1010630.2100077271,"standard_error":178945.3257266495},"slope":null,"std_dev":{"confidence_interval":{"confidence_level":0.95,"lower_bound":1054461.1706318501,"upper_bound":1645224.5492780285},"point_estimate":1350093.0282139305,"standard_error":152179.06248794327}}