{"mean":{"confidence_interval":{"confidence_level":0.95,"lower_bound":185934332.39400002,"upper_bound":191667460.19775},"point_estimate":188799756.53,"standard_error":1451770.7690822915},"median":{"confidence_interval":{"confidence_level":0.95,"lower_bound":182742527.0,"upper_bound":195877361.0},"point_estimate":190505671.5,"standard_error":3994208.4580433965},"median_abs_dev":{"confidence_interval":{"confidence_level":0.95,"lower_bound":14469624.957212806,"upper_bound":21021305.405697227},"point_estimate":19276155.50917983,"standard_error":1734886.388514916},"slope":null,"std_dev":{"confidence_interval":{"confidence_level":0.95,"lower_bound":13060725.971785272,"upper_bound":15831603.492548302},"point_estimate":14528960.070655959,"standard_error":706191.6764134206}}