{"mean":{"confidence_interval":{"confidence_level":0.95,"lower_bound":41916292.802125,"upper_bound":42724216.388624996},"point_estimate":42319166.485,"standard_error":206000.77339137575},"median":{"confidence_interval":{"confidence_level":0.95,"lower_bound":41682419.0,"upper_bound":42787667.0},"point_estimate":42162236.25,"standard_error":268993.26467884664},"median_abs_dev":{"confidence_interval":{"confidence_level":0.95,"lower_bound":1558340.9098964187,"upper_bound":2384450.3410175443},"point_estimate":2102957.9796150327,"standard_error":221590.4092655149},"slope":null,"std_dev":{"confidence_interval":{"confidence_level":0.95,"lower_bound":1759342.9487453436,"upper_bound":2351164.1723257084},"point_estimate":2071780.3931495636,"standard_error":150982.2843570794}}