{"mean":{"confidence_interval":{"confidence_level":0.95,"lower_bound":38285724.78975,"upper_bound":38807959.205375},"point_estimate":38536564.635,"standard_error":133018.06989558786},"median":{"confidence_interval":{"confidence_level":0.95,"lower_bound":38080076.25,"upper_bound":38578278.5},"point_estimate":38361889.75,"standard_error":129587.18992496688},"median_abs_dev":{"confidence_interval":{"confidence_level":0.95,"lower_bound":674109.2973321676,"upper_bound":1347234.518931806},"point_estimate":1012372.2649767995,"standard_error":177377.60292783374},"slope":null,"std_dev":{"confidence_interval":{"confidence_level":0.95,"lower_bound":1005462.7005349984,"upper_bound":1644038.6442449575},"point_estimate":1338984.702664402,"standard_error":163880.54051169625}}