{"mean":{"confidence_interval":{"confidence_level":0.95,"lower_bound":842104385.597,"upper_bound":949995419.4330001},"point_estimate":896840280.11,"standard_error":27560301.01027003},"median":{"confidence_interval":{"confidence_level":0.95,"lower_bound":855850930.5,"upper_bound":996410877.0},"point_estimate":915836408.5,"standard_error":32922031.911459714},"median_abs_dev":{"confidence_interval":{"confidence_level":0.95,"lower_bound":241692439.54110146,"upper_bound":393749873.59514236},"point_estimate":319983876.1850506,"standard_error":39905363.26561281},"slope":null,"std_dev":{"confidence_interval":{"confidence_level":0.95,"lower_bound":245118652.6653277,"upper_bound":304159175.146702},"point_estimate":276772290.99046206,"standard_error":15031072.237510834}}