{"mean":{"confidence_interval":{"confidence_level":0.95,"lower_bound":53478993.598749995,"upper_bound":54910299.709750004},"point_estimate":54189727.48,"standard_error":365036.7642101299},"median":{"confidence_interval":{"confidence_level":0.95,"lower_bound":53303303.0,"upper_bound":55475878.5},"point_estimate":54329703.0,"standard_error":539417.3076653576},"median_abs_dev":{"confidence_interval":{"confidence_level":0.95,"lower_bound":2964756.649965048,"upper_bound":4625811.993375421},"point_estimate":3945425.367754698,"standard_error":423511.6360726967},"slope":null,"std_dev":{"confidence_interval":{"confidence_level":0.95,"lower_bound":3165678.8517681067,"upper_bound":4118213.1582981297},"point_estimate":3663236.431908082,"standard_error":242854.40068065687}}