{"mean":{"confidence_interval":{"confidence_level":0.95,"lower_bound":37258638.721374996,"upper_bound":37620555.15725},"point_estimate":37437442.065,"standard_error":92461.57947066551},"median":{"confidence_interval":{"confidence_level":0.95,"lower_bound":37207564.0,"upper_bound":37616260.5},"point_estimate":37502772.75,"standard_error":116197.7072853652},"median_abs_dev":{"confidence_interval":{"confidence_level":0.95,"lower_bound":645912.8403827548,"upper_bound":1034640.6293277064},"point_estimate":858089.2052158713,"standard_error":99460.58848294617},"slope":null,"std_dev":{"confidence_interval":{"confidence_level":0.95,"lower_bound":768882.2814425036,"upper_bound":1088262.3791006366},"point_estimate":931533.4679903834,"standard_error":81738.46748723155}}