{"mean":{"confidence_interval":{"confidence_level":0.95,"lower_bound":191855488.81725,"upper_bound":197099334.49325},"point_estimate":194485717.7,"standard_error":1346242.8136858935},"median":{"confidence_interval":{"confidence_level":0.95,"lower_bound":188396444.5,"upper_bound":201376953.0},"point_estimate":191668686.0,"standard_error":3752033.2296902537},"median_abs_dev":{"confidence_interval":{"confidence_level":0.95,"lower_bound":13931578.307265043,"upper_bound":20700593.08589101},"point_estimate":18420512.964570522,"standard_error":1774938.2170784993},"slope":null,"std_dev":{"confidence_interval":{"confidence_level":0.95,"lower_bound":12271584.781273523,"upper_bound":14602600.654958207},"point_estimate":13533250.481577102,"standard_error":593391.9194422255}}