{"mean":{"confidence_interval":{"confidence_level":0.95,"lower_bound":49288312.08,"upper_bound":50155800.048499994},"point_estimate":49717635.815,"standard_error":221027.93717050314},"median":{"confidence_interval":{"confidence_level":0.95,"lower_bound":49061997.0,"upper_bound":49987515.5},"point_estimate":49623092.0,"standard_error":225116.08977531327},"median_abs_dev":{"confidence_interval":{"confidence_level":0.95,"lower_bound":1664226.9954040647,"upper_bound":2670669.5183898867},"point_estimate":2143389.592847228,"standard_error":264975.62926659605},"slope":null,"std_dev":{"confidence_interval":{"confidence_level":0.95,"lower_bound":1864225.508221572,"upper_bound":2550305.1852276},"point_estimate":2214303.891141101,"standard_error":176513.88736067907}}