{"mean":{"confidence_interval":{"confidence_level":0.95,"lower_bound":102467409.32775,"upper_bound":105136144.6835},"point_estimate":103788474.47,"standard_error":679448.9798860704},"median":{"confidence_interval":{"confidence_level":0.95,"lower_bound":101986264.0,"upper_bound":104632167.5},"point_estimate":103255655.5,"standard_error":798020.2325655317},"median_abs_dev":{"confidence_interval":{"confidence_level":0.95,"lower_bound":4259071.616086364,"upper_bound":8266925.562232733},"point_estimate":5683876.136291027,"standard_error":971175.6591215847},"slope":null,"std_dev":{"confidence_interval":{"confidence_level":0.95,"lower_bound":5806204.069418261,"upper_bound":7774854.580464037},"point_estimate":6841052.747114174,"standard_error":504741.2752645551}}