{"mean":{"confidence_interval":{"confidence_level":0.95,"lower_bound":124792976.52825001,"upper_bound":128882076.39150001},"point_estimate":126824043.21,"standard_error":1041771.582752419},"median":{"confidence_interval":{"confidence_level":0.95,"lower_bound":124503298.0,"upper_bound":127864396.0},"point_estimate":126106124.0,"standard_error":1023811.5842075051},"median_abs_dev":{"confidence_interval":{"confidence_level":0.95,"lower_bound":5276491.022023559,"upper_bound":10672955.516517162},"point_estimate":6840281.876760721,"standard_error":1362005.1075539228},"slope":null,"std_dev":{"confidence_interval":{"confidence_level":0.95,"lower_bound":8994248.670279285,"upper_bound":11806272.470580677},"point_estimate":10482669.01028461,"standard_error":719684.9279299416}}