{"mean":{"confidence_interval":{"confidence_level":0.95,"lower_bound":76532565.12675,"upper_bound":78878496.47175},"point_estimate":77732895.28,"standard_error":598781.5554574799},"median":{"confidence_interval":{"confidence_level":0.95,"lower_bound":76619352.0,"upper_bound":80064073.0},"point_estimate":77947883.5,"standard_error":949129.9660430736},"median_abs_dev":{"confidence_interval":{"confidence_level":0.95,"lower_bound":4110629.2589217424,"upper_bound":6737758.605980873},"point_estimate":5936421.474507451,"standard_error":693841.6255167986},"slope":null,"std_dev":{"confidence_interval":{"confidence_level":0.95,"lower_bound":4848995.659040572,"upper_bound":7138347.292843647},"point_estimate":6002454.643709091,"standard_error":589023.5159205842}}