{"mean":{"confidence_interval":{"confidence_level":0.95,"lower_bound":3976055185.2775,"upper_bound":4205873814.69075},"point_estimate":4091467885.46,"standard_error":58736716.65997822},"median":{"confidence_interval":{"confidence_level":0.95,"lower_bound":4083531132.0,"upper_bound":4228092899.0},"point_estimate":4164016686.5,"standard_error":36836866.57767412},"median_abs_dev":{"confidence_interval":{"confidence_level":0.95,"lower_bound":257131240.84240794,"upper_bound":850165940.3971374},"point_estimate":515297237.8735453,"standard_error":183712879.426986},"slope":null,"std_dev":{"confidence_interval":{"confidence_level":0.95,"lower_bound":516153399.7895078,"upper_bound":652202594.2616115},"point_estimate":589599966.3305671,"standard_error":34812896.50646863}}