{"mean":{"confidence_interval":{"confidence_level":0.95,"lower_bound":48096001.264875,"upper_bound":48751256.39775},"point_estimate":48411329.305,"standard_error":166490.0428694783},"median":{"confidence_interval":{"confidence_level":0.95,"lower_bound":48138353.5,"upper_bound":48613828.5},"point_estimate":48386304.0,"standard_error":118024.07444363028},"median_abs_dev":{"confidence_interval":{"confidence_level":0.95,"lower_bound":829038.7706816196,"upper_bound":1353795.7651153207},"point_estimate":1038552.015312016,"standard_error":139361.94375769986},"slope":null,"std_dev":{"confidence_interval":{"confidence_level":0.95,"lower_bound":1199942.6339691195,"upper_bound":2179969.251182699},"point_estimate":1673395.2342161168,"standard_error":259523.5747974421}}