{"mean":{"confidence_interval":{"confidence_level":0.95,"lower_bound":133055438.43425,"upper_bound":135790923.53},"point_estimate":134423509.31,"standard_error":697512.4400815732},"median":{"confidence_interval":{"confidence_level":0.95,"lower_bound":132798709.0,"upper_bound":136226435.0},"point_estimate":133958359.5,"standard_error":931879.0640002952},"median_abs_dev":{"confidence_interval":{"confidence_level":0.95,"lower_bound":4910568.298619986,"upper_bound":8223708.514299989},"point_estimate":6208284.34908092,"standard_error":865965.4146372695},"slope":null,"std_dev":{"confidence_interval":{"confidence_level":0.95,"lower_bound":6013570.065118653,"upper_bound":7903562.114738978},"point_estimate":7000638.040027576,"standard_error":483286.6997191926}}