{"mean":{"confidence_interval":{"confidence_level":0.95,"lower_bound":179828742.73475,"upper_bound":183929690.30624998},"point_estimate":181882137.74,"standard_error":1040041.8586263492},"median":{"confidence_interval":{"confidence_level":0.95,"lower_bound":178882496.0,"upper_bound":186902464.0},"point_estimate":182673639.0,"standard_error":2046024.69831932},"median_abs_dev":{"confidence_interval":{"confidence_level":0.95,"lower_bound":9205906.533962488,"upper_bound":14027787.184756994},"point_estimate":11290339.056256413,"standard_error":1219356.7119481245},"slope":null,"std_dev":{"confidence_interval":{"confidence_level":0.95,"lower_bound":9219624.606206747,"upper_bound":11527617.010697037},"point_estimate":10440534.671058385,"standard_error":589223.1419030165}}