{"mean":{"confidence_interval":{"confidence_level":0.95,"lower_bound":149563782.39249998,"upper_bound":153129907.7475},"point_estimate":151345308.16,"standard_error":910562.4713787859},"median":{"confidence_interval":{"confidence_level":0.95,"lower_bound":149765605.0,"upper_bound":151904045.5},"point_estimate":150757590.5,"standard_error":552817.4699062009},"median_abs_dev":{"confidence_interval":{"confidence_level":0.95,"lower_bound":6338309.108072519,"upper_bound":11310952.384990454},"point_estimate":9353985.654133558,"standard_error":1178877.5341448968},"slope":null,"std_dev":{"confidence_interval":{"confidence_level":0.95,"lower_bound":7839338.814635897,"upper_bound":10381721.830836851},"point_estimate":9179469.394516114,"standard_error":650196.5449664869}}