{"mean":{"confidence_interval":{"confidence_level":0.95,"lower_bound":50578022.04925,"upper_bound":51725047.201},"point_estimate":51134190.61,"standard_error":292696.61621073226},"median":{"confidence_interval":{"confidence_level":0.95,"lower_bound":50613877.0,"upper_bound":51893343.0},"point_estimate":51396575.5,"standard_error":319021.10180320573},"median_abs_dev":{"confidence_interval":{"confidence_level":0.95,"lower_bound":1793069.1955916584,"upper_bound":3107299.204391909},"point_estimate":2470295.4740434885,"standard_error":354215.0237310247},"slope":null,"std_dev":{"confidence_interval":{"confidence_level":0.95,"lower_bound":2208604.695101788,"upper_bound":3843578.502671636},"point_estimate":2962401.6759380805,"standard_error":442679.53496295953}}