{"mean":{"confidence_interval":{"confidence_level":0.95,"lower_bound":56595771.09475,"upper_bound":59365048.42475},"point_estimate":57947720.53,"standard_error":708640.7903581349},"median":{"confidence_interval":{"confidence_level":0.95,"lower_bound":54460101.0,"upper_bound":57862101.5},"point_estimate":56521723.0,"standard_error":848432.4867206732},"median_abs_dev":{"confidence_interval":{"confidence_level":0.95,"lower_bound":4097800.3213495016,"upper_bound":7826160.302597876},"point_estimate":5979836.449536681,"standard_error":977190.4574608868},"slope":null,"std_dev":{"confidence_interval":{"confidence_level":0.95,"lower_bound":6053420.527933222,"upper_bound":8050428.052849076},"point_estimate":7131735.448701904,"standard_error":508298.6820646667}}