{"mean":{"confidence_interval":{"confidence_level":0.95,"lower_bound":17505308.626583338,"upper_bound":17886455.562499996},"point_estimate":17699299.85333333,"standard_error":97238.0385235996},"median":{"confidence_interval":{"confidence_level":0.95,"lower_bound":17502094.0,"upper_bound":17983363.333333332},"point_estimate":17811569.333333336,"standard_error":116650.14785137332},"median_abs_dev":{"confidence_interval":{"confidence_level":0.95,"lower_bound":755249.5228916388,"upper_bound":1153230.7526260614},"point_estimate":997304.7249942971,"standard_error":99773.41792011946},"slope":null,"std_dev":{"confidence_interval":{"confidence_level":0.95,"lower_bound":818761.7989598048,"upper_bound":1120627.23072032},"point_estimate":975701.6702312898,"standard_error":77070.89975251684}}