{"mean":{"confidence_interval":{"confidence_level":0.95,"lower_bound":40635057.25175,"upper_bound":41098777.29575},"point_estimate":40860231.685,"standard_error":118529.29760611981},"median":{"confidence_interval":{"confidence_level":0.95,"lower_bound":40300636.75,"upper_bound":41019758.5},"point_estimate":40637767.0,"standard_error":172099.20508074795},"median_abs_dev":{"confidence_interval":{"confidence_level":0.95,"lower_bound":813498.1577575207,"upper_bound":1446212.8931745887},"point_estimate":1104021.0355997086,"standard_error":152932.60588540323},"slope":null,"std_dev":{"confidence_interval":{"confidence_level":0.95,"lower_bound":934900.7400736207,"upper_bound":1468704.755237647},"point_estimate":1191130.2883737963,"standard_error":138697.71651687357}}