{"mean":{"confidence_interval":{"confidence_level":0.95,"lower_bound":38427922.762875,"upper_bound":39895333.489750005},"point_estimate":39136856.06,"standard_error":374295.49328635755},"median":{"confidence_interval":{"confidence_level":0.95,"lower_bound":37704802.0,"upper_bound":39410401.5},"point_estimate":38449679.5,"standard_error":404644.75631785113},"median_abs_dev":{"confidence_interval":{"confidence_level":0.95,"lower_bound":2155210.3624373674,"upper_bound":3552372.176782787},"point_estimate":2992804.846917093,"standard_error":356542.9093890541},"slope":null,"std_dev":{"confidence_interval":{"confidence_level":0.95,"lower_bound":2981692.835739792,"upper_bound":4492371.602147226},"point_estimate":3756446.5619761595,"standard_error":387539.46030991554}}