{"mean":{"confidence_interval":{"confidence_level":0.95,"lower_bound":35781160.484749995,"upper_bound":36109538.999},"point_estimate":35944810.665,"standard_error":84057.5223746935},"median":{"confidence_interval":{"confidence_level":0.95,"lower_bound":35770458.0,"upper_bound":36123172.5},"point_estimate":35985501.5,"standard_error":79145.53249988635},"median_abs_dev":{"confidence_interval":{"confidence_level":0.95,"lower_bound":511604.47941720486,"upper_bound":824118.5032139717},"point_estimate":631697.6718351245,"standard_error":79833.79403450603},"slope":null,"std_dev":{"confidence_interval":{"confidence_level":0.95,"lower_bound":689256.7074378637,"upper_bound":991427.9241636093},"point_estimate":845530.4994284102,"standard_error":77207.49373972656}}