{"mean":{"confidence_interval":{"confidence_level":0.95,"lower_bound":126387106.02975,"upper_bound":129747191.55325},"point_estimate":128040484.66,"standard_error":855756.0032100996},"median":{"confidence_interval":{"confidence_level":0.95,"lower_bound":125088658.0,"upper_bound":127788386.5},"point_estimate":126969446.0,"standard_error":688812.9065489407},"median_abs_dev":{"confidence_interval":{"confidence_level":0.95,"lower_bound":6393889.538653269,"upper_bound":10142494.589334726},"point_estimate":7957715.9943223,"standard_error":931591.1802009462},"slope":null,"std_dev":{"confidence_interval":{"confidence_level":0.95,"lower_bound":7429038.012582821,"upper_bound":9596453.599012034},"point_estimate":8588305.502409188,"standard_error":552941.5052665902}}