{"mean":{"confidence_interval":{"confidence_level":0.95,"lower_bound":49670124.947875,"upper_bound":50119124.088125},"point_estimate":49893205.08,"standard_error":114116.49357691433},"median":{"confidence_interval":{"confidence_level":0.95,"lower_bound":49603868.0,"upper_bound":50086272.5},"point_estimate":49923775.0,"standard_error":124072.35244645341},"median_abs_dev":{"confidence_interval":{"confidence_level":0.95,"lower_bound":794663.2076919079,"upper_bound":1345210.028667748},"point_estimate":1063250.6482735276,"standard_error":137745.0265455714},"slope":null,"std_dev":{"confidence_interval":{"confidence_level":0.95,"lower_bound":967522.7732265954,"upper_bound":1302249.0222984103},"point_estimate":1144792.6177307342,"standard_error":85736.76367727913}}