{"mean":{"confidence_interval":{"confidence_level":0.95,"lower_bound":143040130.24025,"upper_bound":146176346.89125},"point_estimate":144613436.45,"standard_error":798110.6204690222},"median":{"confidence_interval":{"confidence_level":0.95,"lower_bound":142589712.0,"upper_bound":144866392.0},"point_estimate":143442711.5,"standard_error":596251.3117682401},"median_abs_dev":{"confidence_interval":{"confidence_level":0.95,"lower_bound":5143902.106377482,"upper_bound":10512436.641266942},"point_estimate":8450148.973479867,"standard_error":1524360.7860122034},"slope":null,"std_dev":{"confidence_interval":{"confidence_level":0.95,"lower_bound":6946292.577875426,"upper_bound":9016555.558432171},"point_estimate":8030307.147394165,"standard_error":529330.4004536282}}