{"mean":{"confidence_interval":{"confidence_level":0.95,"lower_bound":29854511.98675,"upper_bound":30374775.465},"point_estimate":30099056.565,"standard_error":132984.75073732875},"median":{"confidence_interval":{"confidence_level":0.95,"lower_bound":29457455.5,"upper_bound":30177651.5},"point_estimate":29968519.5,"standard_error":185527.15896362177},"median_abs_dev":{"confidence_interval":{"confidence_level":0.95,"lower_bound":813815.3600218893,"upper_bound":1302817.6769703627},"point_estimate":974584.4981476665,"standard_error":123661.99120163544},"slope":null,"std_dev":{"confidence_interval":{"confidence_level":0.95,"lower_bound":933521.95683305,"upper_bound":1802551.395055533},"point_estimate":1336635.06022324,"standard_error":244896.48704010036}}