{"mean":{"confidence_interval":{"confidence_level":0.95,"lower_bound":33614456.90675,"upper_bound":34581876.504375},"point_estimate":34101224.235,"standard_error":246902.61465883028},"median":{"confidence_interval":{"confidence_level":0.95,"lower_bound":33821836.5,"upper_bound":34926438.5},"point_estimate":34365258.25,"standard_error":260567.42735359518},"median_abs_dev":{"confidence_interval":{"confidence_level":0.95,"lower_bound":1515687.157291174,"upper_bound":2499298.836028576},"point_estimate":1956672.4347621202,"standard_error":248962.79858551055},"slope":null,"std_dev":{"confidence_interval":{"confidence_level":0.95,"lower_bound":2066734.5273148483,"upper_bound":2835635.3840398905},"point_estimate":2468544.257449564,"standard_error":196503.29149017044}}