{"mean":{"confidence_interval":{"confidence_level":0.95,"lower_bound":189047082.661,"upper_bound":194591635.8255},"point_estimate":191814242.25,"standard_error":1414432.6682745724},"median":{"confidence_interval":{"confidence_level":0.95,"lower_bound":184870737.0,"upper_bound":198820903.5},"point_estimate":191558088.0,"standard_error":3655490.4598264527},"median_abs_dev":{"confidence_interval":{"confidence_level":0.95,"lower_bound":14603197.577941418,"upper_bound":21769298.015610185},"point_estimate":19684797.86822498,"standard_error":1764154.6814062218},"slope":null,"std_dev":{"confidence_interval":{"confidence_level":0.95,"lower_bound":13064077.242326124,"upper_bound":15245834.164539337},"point_estimate":14246042.046120122,"standard_error":555280.2126811461}}