{"mean":{"confidence_interval":{"confidence_level":0.95,"lower_bound":190304677.0855,"upper_bound":194152639.57700002},"point_estimate":192214526.59,"standard_error":982386.630719583},"median":{"confidence_interval":{"confidence_level":0.95,"lower_bound":190042426.0,"upper_bound":194343855.0},"point_estimate":192425135.5,"standard_error":1027171.1404945424},"median_abs_dev":{"confidence_interval":{"confidence_level":0.95,"lower_bound":6982771.595031023,"upper_bound":11975549.3208915},"point_estimate":9249931.598880887,"standard_error":1233805.55277325},"slope":null,"std_dev":{"confidence_interval":{"confidence_level":0.95,"lower_bound":8486201.815500531,"upper_bound":11037155.74058894},"point_estimate":9837333.822641648,"standard_error":651429.7392766388}}