{"mean":{"confidence_interval":{"confidence_level":0.95,"lower_bound":201568492.83,"upper_bound":205458242.93600002},"point_estimate":203505051.92,"standard_error":993454.163966067},"median":{"confidence_interval":{"confidence_level":0.95,"lower_bound":202229702.5,"upper_bound":205573746.0},"point_estimate":203818568.0,"standard_error":803886.2028515172},"median_abs_dev":{"confidence_interval":{"confidence_level":0.95,"lower_bound":5909111.982992291,"upper_bound":10394876.674761547},"point_estimate":8136450.092849135,"standard_error":1173415.0129499356},"slope":null,"std_dev":{"confidence_interval":{"confidence_level":0.95,"lower_bound":8215305.964691867,"upper_bound":11526808.138760114},"point_estimate":9962875.120813372,"standard_error":843631.030862012}}