{"mean":{"confidence_interval":{"confidence_level":0.95,"lower_bound":42306781.012,"upper_bound":42812371.008125},"point_estimate":42538170.67,"standard_error":129204.36436149741},"median":{"confidence_interval":{"confidence_level":0.95,"lower_bound":42171632.5,"upper_bound":42484910.0},"point_estimate":42270102.5,"standard_error":91173.54777470417},"median_abs_dev":{"confidence_interval":{"confidence_level":0.95,"lower_bound":403422.495187819,"upper_bound":915606.6711947322},"point_estimate":596271.316114068,"standard_error":126917.0914744956},"slope":null,"std_dev":{"confidence_interval":{"confidence_level":0.95,"lower_bound":753143.9991897505,"upper_bound":1886303.248987741},"point_estimate":1302818.0716378195,"standard_error":316068.4892035819}}