{"mean":{"confidence_interval":{"confidence_level":0.95,"lower_bound":2296849158.614,"upper_bound":2387754874.04525},"point_estimate":2342363983.14,"standard_error":23200895.475056745},"median":{"confidence_interval":{"confidence_level":0.95,"lower_bound":2330714781.0,"upper_bound":2383905680.0},"point_estimate":2351280746.0,"standard_error":15192158.440230818},"median_abs_dev":{"confidence_interval":{"confidence_level":0.95,"lower_bound":92424194.13074255,"upper_bound":224772567.56798923},"point_estimate":137562902.89987028,"standard_error":34876296.40480728},"slope":null,"std_dev":{"confidence_interval":{"confidence_level":0.95,"lower_bound":200234266.12520233,"upper_bound":261144118.90051636},"point_estimate":233064949.355973,"standard_error":15504004.665307067}}