{"mean":{"confidence_interval":{"confidence_level":0.95,"lower_bound":31884205.735,"upper_bound":32450737.416125003},"point_estimate":32170298.24,"standard_error":144436.06388846046},"median":{"confidence_interval":{"confidence_level":0.95,"lower_bound":31965245.5,"upper_bound":32545233.25},"point_estimate":32279572.25,"standard_error":118860.90198145564},"median_abs_dev":{"confidence_interval":{"confidence_level":0.95,"lower_bound":928180.6015715003,"upper_bound":1505798.2154667377},"point_estimate":1226245.0948297977,"standard_error":149534.75285212573},"slope":null,"std_dev":{"confidence_interval":{"confidence_level":0.95,"lower_bound":1212204.9444385467,"upper_bound":1663300.0794099392},"point_estimate":1448959.435989243,"standard_error":115305.1834193733}}