{"mean":{"confidence_interval":{"confidence_level":0.95,"lower_bound":85908538.923,"upper_bound":88304011.896},"point_estimate":87100018.26,"standard_error":612273.8918061337},"median":{"confidence_interval":{"confidence_level":0.95,"lower_bound":85514448.0,"upper_bound":87859005.5},"point_estimate":86782917.0,"standard_error":687809.8782950616},"median_abs_dev":{"confidence_interval":{"confidence_level":0.95,"lower_bound":3690358.1269830465,"upper_bound":8353951.215487719},"point_estimate":5760853.468224406,"standard_error":1200115.4699739714},"slope":null,"std_dev":{"confidence_interval":{"confidence_level":0.95,"lower_bound":5280225.058481735,"upper_bound":6904649.082465342},"point_estimate":6143500.027528396,"standard_error":413645.6219217716}}