{"mean":{"confidence_interval":{"confidence_level":0.95,"lower_bound":814361419.692,"upper_bound":897503439.4325},"point_estimate":855546831.08,"standard_error":21228245.004123326},"median":{"confidence_interval":{"confidence_level":0.95,"lower_bound":824526867.0,"upper_bound":904069446.0},"point_estimate":869076365.5,"standard_error":23166523.28263179},"median_abs_dev":{"confidence_interval":{"confidence_level":0.95,"lower_bound":148789548.71995747,"upper_bound":265837715.04273713},"point_estimate":205360624.4337201,"standard_error":30761795.669370953},"slope":null,"std_dev":{"confidence_interval":{"confidence_level":0.95,"lower_bound":179882100.75102708,"upper_bound":246597680.8930332},"point_estimate":214126558.5168524,"standard_error":17048981.2384291}}