{"mean":{"confidence_interval":{"confidence_level":0.95,"lower_bound":13554125680.93075,"upper_bound":13634117529.551},"point_estimate":13594485456.35,"standard_error":20433042.61581707},"median":{"confidence_interval":{"confidence_level":0.95,"lower_bound":13543186160.0,"upper_bound":13677574925.5},"point_estimate":13619253044.5,"standard_error":32919129.684397582},"median_abs_dev":{"confidence_interval":{"confidence_level":0.95,"lower_bound":181780006.76895976,"upper_bound":281901938.54084015},"point_estimate":236876048.95800948,"standard_error":25635868.3219877},"slope":null,"std_dev":{"confidence_interval":{"confidence_level":0.95,"lower_bound":180928065.49157882,"upper_bound":226969004.4668745},"point_estimate":205542048.36428013,"standard_error":11726309.757244114}}