{"mean":{"confidence_interval":{"confidence_level":0.95,"lower_bound":11644029.651149997,"upper_bound":11789487.552149998},"point_estimate":11715647.853999998,"standard_error":37128.914635867084},"median":{"confidence_interval":{"confidence_level":0.95,"lower_bound":11613937.0,"upper_bound":11775943.100000001},"point_estimate":11673254.4,"standard_error":37378.31495781911},"median_abs_dev":{"confidence_interval":{"confidence_level":0.95,"lower_bound":250565.47421157028,"upper_bound":393037.6978021871},"point_estimate":328384.77467000484,"standard_error":36714.05171698054},"slope":null,"std_dev":{"confidence_interval":{"confidence_level":0.95,"lower_bound":311987.70684652135,"upper_bound":427649.3159472192},"point_estimate":372381.97881924803,"standard_error":29589.55021382924}}