{"mean":{"confidence_interval":{"confidence_level":0.95,"lower_bound":177864855.13,"upper_bound":183551342.08},"point_estimate":180631239.84,"standard_error":1448642.0597547693},"median":{"confidence_interval":{"confidence_level":0.95,"lower_bound":176760141.0,"upper_bound":184125214.0},"point_estimate":180588540.5,"standard_error":1839027.1689798203},"median_abs_dev":{"confidence_interval":{"confidence_level":0.95,"lower_bound":10789005.807066858,"upper_bound":16014610.51388383},"point_estimate":13739393.320477009,"standard_error":1360058.4068215117},"slope":null,"std_dev":{"confidence_interval":{"confidence_level":0.95,"lower_bound":11586254.308461683,"upper_bound":17455335.841448974},"point_estimate":14630188.285287179,"standard_error":1506971.8916198974}}