{"mean":{"confidence_interval":{"confidence_level":0.95,"lower_bound":182140305.9415,"upper_bound":185821396.75675},"point_estimate":184004324.15,"standard_error":937548.4901514795},"median":{"confidence_interval":{"confidence_level":0.95,"lower_bound":181504011.0,"upper_bound":187414945.0},"point_estimate":184159635.5,"standard_error":1618431.4714294395},"median_abs_dev":{"confidence_interval":{"confidence_level":0.95,"lower_bound":8638003.285744786,"upper_bound":12856938.69664371},"point_estimate":11023646.007791162,"standard_error":1096975.8526512343},"slope":null,"std_dev":{"confidence_interval":{"confidence_level":0.95,"lower_bound":8215473.639913568,"upper_bound":10412029.467324303},"point_estimate":9376789.981186975,"standard_error":564002.7870569485}}