{"mean":{"confidence_interval":{"confidence_level":0.95,"lower_bound":13119709.5030625,"upper_bound":13290511.39875},"point_estimate":13198044.44,"standard_error":43618.9001203188},"median":{"confidence_interval":{"confidence_level":0.95,"lower_bound":12935804.25,"upper_bound":13182184.0},"point_estimate":13067821.0,"standard_error":77228.6805443028},"median_abs_dev":{"confidence_interval":{"confidence_level":0.95,"lower_bound":98525.6252758205,"upper_bound":409045.6262379885},"point_estimate":275771.37875407934,"standard_error":93016.82539840313},"slope":null,"std_dev":{"confidence_interval":{"confidence_level":0.95,"lower_bound":286038.5322512898,"upper_bound":619359.436810626},"point_estimate":439168.6626200333,"standard_error":101636.54265017393}}