{"mean":{"confidence_interval":{"confidence_level":0.95,"lower_bound":79996054.13725,"upper_bound":82202931.01},"point_estimate":81099715.33,"standard_error":563990.396041358},"median":{"confidence_interval":{"confidence_level":0.95,"lower_bound":80030674.0,"upper_bound":83006346.0},"point_estimate":81369330.5,"standard_error":900716.2920392555},"median_abs_dev":{"confidence_interval":{"confidence_level":0.95,"lower_bound":4316317.024970055,"upper_bound":7055794.091534615},"point_estimate":5981607.41520524,"standard_error":678587.1366329696},"slope":null,"std_dev":{"confidence_interval":{"confidence_level":0.95,"lower_bound":4863943.302964742,"upper_bound":6459526.854451785},"point_estimate":5687831.34116206,"standard_error":408965.82139531017}}