{"mean":{"confidence_interval":{"confidence_level":0.95,"lower_bound":1445638252.44425,"upper_bound":1572365412.813},"point_estimate":1509862352.63,"standard_error":32276847.96682184},"median":{"confidence_interval":{"confidence_level":0.95,"lower_bound":1480792175.0,"upper_bound":1617530069.5},"point_estimate":1531941919.5,"standard_error":33757952.662660874},"median_abs_dev":{"confidence_interval":{"confidence_level":0.95,"lower_bound":209190902.1919191,"upper_bound":362630541.22112095},"point_estimate":295252766.1298156,"standard_error":38078709.84052527},"slope":null,"std_dev":{"confidence_interval":{"confidence_level":0.95,"lower_bound":271559472.0230044,"upper_bound":371219153.9396219},"point_estimate":324631187.5524797,"standard_error":25469540.366757523}}