{"mean":{"confidence_interval":{"confidence_level":0.95,"lower_bound":2881778068.9395003,"upper_bound":3051202139.162},"point_estimate":2965960603.26,"standard_error":43058599.2434715},"median":{"confidence_interval":{"confidence_level":0.95,"lower_bound":2848572435.5,"upper_bound":2948446598.0},"point_estimate":2881965642.5,"standard_error":29676230.903238706},"median_abs_dev":{"confidence_interval":{"confidence_level":0.95,"lower_bound":177728147.77299464,"upper_bound":572984280.6721956},"point_estimate":264542162.84693778,"standard_error":101567214.40015669},"slope":null,"std_dev":{"confidence_interval":{"confidence_level":0.95,"lower_bound":379599379.8887653,"upper_bound":480933689.3339511},"point_estimate":434153202.99966294,"standard_error":25794580.157251857}}