{"mean":{"confidence_interval":{"confidence_level":0.95,"lower_bound":1151023807.10375,"upper_bound":1260965906.20025},"point_estimate":1205590904.29,"standard_error":28004950.05661849},"median":{"confidence_interval":{"confidence_level":0.95,"lower_bound":1105885749.5,"upper_bound":1258334766.5},"point_estimate":1178968222.5,"standard_error":42911573.88772293},"median_abs_dev":{"confidence_interval":{"confidence_level":0.95,"lower_bound":240115976.90438926,"upper_bound":396307533.9598472},"point_estimate":318148580.5036336,"standard_error":40560992.26214169},"slope":null,"std_dev":{"confidence_interval":{"confidence_level":0.95,"lower_bound":246843459.22275904,"upper_bound":311188252.0858558},"point_estimate":281558859.14854467,"standard_error":16386071.858098743}}