{"mean":{"confidence_interval":{"confidence_level":0.95,"lower_bound":39548137.925,"upper_bound":39882008.9705},"point_estimate":39714638.65,"standard_error":85045.60108764525},"median":{"confidence_interval":{"confidence_level":0.95,"lower_bound":39695338.25,"upper_bound":40019438.5},"point_estimate":39899351.0,"standard_error":79417.76948789376},"median_abs_dev":{"confidence_interval":{"confidence_level":0.95,"lower_bound":386567.55738705397,"upper_bound":789408.873385191},"point_estimate":532139.6010026336,"standard_error":108068.49204619325},"slope":null,"std_dev":{"confidence_interval":{"confidence_level":0.95,"lower_bound":674231.5186555979,"upper_bound":1043830.2276959082},"point_estimate":856260.5808350854,"standard_error":95742.64321322349}}