{"mean":{"confidence_interval":{"confidence_level":0.95,"lower_bound":203755010.19525,"upper_bound":211215864.3175},"point_estimate":207506033.69,"standard_error":1906771.660007896},"median":{"confidence_interval":{"confidence_level":0.95,"lower_bound":202404872.0,"upper_bound":212837412.5},"point_estimate":205883275.0,"standard_error":2745946.6355254375},"median_abs_dev":{"confidence_interval":{"confidence_level":0.95,"lower_bound":13489480.245851357,"upper_bound":22021459.934940934},"point_estimate":16223982.540866733,"standard_error":2091128.3634202126},"slope":null,"std_dev":{"confidence_interval":{"confidence_level":0.95,"lower_bound":16500856.052841906,"upper_bound":21584471.724364463},"point_estimate":19210734.70815338,"standard_error":1293887.917921452}}