{"mean":{"confidence_interval":{"confidence_level":0.95,"lower_bound":129633748.20150001,"upper_bound":131957809.48975},"point_estimate":130760749.48,"standard_error":594561.4088621589},"median":{"confidence_interval":{"confidence_level":0.95,"lower_bound":128634188.0,"upper_bound":131937051.0},"point_estimate":130401311.5,"standard_error":851817.555783268},"median_abs_dev":{"confidence_interval":{"confidence_level":0.95,"lower_bound":4320029.455304146,"upper_bound":6708208.905905485},"point_estimate":5431125.457978249,"standard_error":599538.5542822853},"slope":null,"std_dev":{"confidence_interval":{"confidence_level":0.95,"lower_bound":4653865.3225408,"upper_bound":7438247.09272431},"point_estimate":5979893.196867621,"standard_error":730045.7100194753}}