{"mean":{"confidence_interval":{"confidence_level":0.95,"lower_bound":93019268.58525,"upper_bound":95299757.01225},"point_estimate":94164216.56,"standard_error":581457.5537462872},"median":{"confidence_interval":{"confidence_level":0.95,"lower_bound":92964734.0,"upper_bound":95579720.5},"point_estimate":94202216.0,"standard_error":658836.8816002154},"median_abs_dev":{"confidence_interval":{"confidence_level":0.95,"lower_bound":3951002.9088556767,"upper_bound":6511058.691805601},"point_estimate":5219783.796930313,"standard_error":646255.6457884391},"slope":null,"std_dev":{"confidence_interval":{"confidence_level":0.95,"lower_bound":4926859.8943361305,"upper_bound":6640486.1012590965},"point_estimate":5826398.622710781,"standard_error":436324.2809325757}}