{"mean":{"confidence_interval":{"confidence_level":0.95,"lower_bound":119561038.99949999,"upper_bound":122649294.137},"point_estimate":121096763.8,"standard_error":784312.6816446849},"median":{"confidence_interval":{"confidence_level":0.95,"lower_bound":119506766.5,"upper_bound":123052338.0},"point_estimate":121063361.5,"standard_error":918403.7198621929},"median_abs_dev":{"confidence_interval":{"confidence_level":0.95,"lower_bound":5711705.279096961,"upper_bound":9830093.72498095},"point_estimate":7197491.360118985,"standard_error":1040648.4336765121},"slope":null,"std_dev":{"confidence_interval":{"confidence_level":0.95,"lower_bound":6834234.283110556,"upper_bound":8812856.509532552},"point_estimate":7876505.706318936,"standard_error":504252.2788560311}}