{"mean":{"confidence_interval":{"confidence_level":0.95,"lower_bound":29440629.185375,"upper_bound":30181063.000625},"point_estimate":29809458.065,"standard_error":189326.28622534653},"median":{"confidence_interval":{"confidence_level":0.95,"lower_bound":29061520.0,"upper_bound":30473210.0},"point_estimate":29778008.75,"standard_error":321775.9414806686},"median_abs_dev":{"confidence_interval":{"confidence_level":0.95,"lower_bound":1757783.1308931112,"upper_bound":2621342.37944562},"point_estimate":2261117.2970071435,"standard_error":219132.0290726871},"slope":null,"std_dev":{"confidence_interval":{"confidence_level":0.95,"lower_bound":1671263.4451254164,"upper_bound":2100479.6575231985},"point_estimate":1897641.042418126,"standard_error":109344.19545298233}}