{"mean":{"confidence_interval":{"confidence_level":0.95,"lower_bound":326915740.19625,"upper_bound":329514253.09125},"point_estimate":328215529.8,"standard_error":663327.5950101416},"median":{"confidence_interval":{"confidence_level":0.95,"lower_bound":327091574.0,"upper_bound":330321250.0},"point_estimate":329225435.5,"standard_error":950462.4264232693},"median_abs_dev":{"confidence_interval":{"confidence_level":0.95,"lower_bound":4722009.751367569,"upper_bound":8511531.577590108},"point_estimate":6075464.14783895,"standard_error":967759.699568237},"slope":null,"std_dev":{"confidence_interval":{"confidence_level":0.95,"lower_bound":5796628.421129036,"upper_bound":7466289.124322305},"point_estimate":6683640.551355741,"standard_error":427699.143458697}}