{"mean":{"confidence_interval":{"confidence_level":0.95,"lower_bound":11005165.142850002,"upper_bound":11115638.934200002},"point_estimate":11059554.022,"standard_error":28093.38513599856},"median":{"confidence_interval":{"confidence_level":0.95,"lower_bound":10958255.7,"upper_bound":11117770.0},"point_estimate":11017913.8,"standard_error":39926.777890778336},"median_abs_dev":{"confidence_interval":{"confidence_level":0.95,"lower_bound":263183.8825875543,"upper_bound":392593.955630064},"point_estimate":351507.9968994861,"standard_error":33147.09261749529},"slope":null,"std_dev":{"confidence_interval":{"confidence_level":0.95,"lower_bound":245726.95743487848,"upper_bound":312915.69200077886},"point_estimate":281131.50997446507,"standard_error":17204.533652760663}}