{"mean":{"confidence_interval":{"confidence_level":0.95,"lower_bound":1216326609.8105001,"upper_bound":1369304652.71},"point_estimate":1292289387.64,"standard_error":38992742.08966801},"median":{"confidence_interval":{"confidence_level":0.95,"lower_bound":1151035118.0,"upper_bound":1362787277.0},"point_estimate":1280483682.0,"standard_error":59375331.27132912},"median_abs_dev":{"confidence_interval":{"confidence_level":0.95,"lower_bound":295274872.4367231,"upper_bound":486394608.34526193},"point_estimate":396572713.55172694,"standard_error":49743123.26864967},"slope":null,"std_dev":{"confidence_interval":{"confidence_level":0.95,"lower_bound":337818374.6454945,"upper_bound":440516091.4637304},"point_estimate":391595601.5966906,"standard_error":26265736.725915782}}