{"mean":{"confidence_interval":{"confidence_level":0.95,"lower_bound":533436588.05324996,"upper_bound":554852070.3102499},"point_estimate":544134897.7,"standard_error":5462033.838340545},"median":{"confidence_interval":{"confidence_level":0.95,"lower_bound":532102165.0,"upper_bound":555065002.0},"point_estimate":543540022.0,"standard_error":5484346.236963673},"median_abs_dev":{"confidence_interval":{"confidence_level":0.95,"lower_bound":35657520.48505247,"upper_bound":58175514.78958815},"point_estimate":43493956.09502792,"standard_error":5743929.062139338},"slope":null,"std_dev":{"confidence_interval":{"confidence_level":0.95,"lower_bound":45224565.37101743,"upper_bound":64046458.28309437},"point_estimate":54941635.55574384,"standard_error":4821384.874803593}}