{"mean":{"confidence_interval":{"confidence_level":0.95,"lower_bound":83284113.32925,"upper_bound":85779327.92625},"point_estimate":84526617.51,"standard_error":636167.4475228895},"median":{"confidence_interval":{"confidence_level":0.95,"lower_bound":83232949.0,"upper_bound":85887322.5},"point_estimate":84922983.5,"standard_error":718420.4239678686},"median_abs_dev":{"confidence_interval":{"confidence_level":0.95,"lower_bound":5549319.606622383,"upper_bound":8545974.598878622},"point_estimate":6951924.619978666,"standard_error":745658.2805391459},"slope":null,"std_dev":{"confidence_interval":{"confidence_level":0.95,"lower_bound":5529010.493024572,"upper_bound":7185835.572335812},"point_estimate":6385860.725680034,"standard_error":423156.42870136065}}