{"mean":{"confidence_interval":{"confidence_level":0.95,"lower_bound":79266489.31275,"upper_bound":80298108.073},"point_estimate":79779575.23,"standard_error":263061.9980298813},"median":{"confidence_interval":{"confidence_level":0.95,"lower_bound":79060643.5,"upper_bound":80152801.5},"point_estimate":79778384.5,"standard_error":299556.35094871337},"median_abs_dev":{"confidence_interval":{"confidence_level":0.95,"lower_bound":2002329.8422515392,"upper_bound":3122764.390042349},"point_estimate":2530800.3789693117,"standard_error":288774.95561438595},"slope":null,"std_dev":{"confidence_interval":{"confidence_level":0.95,"lower_bound":2259928.8699573437,"upper_bound":2998442.40661093},"point_estimate":2648142.2765443693,"standard_error":188571.59425752325}}