{"mean":{"confidence_interval":{"confidence_level":0.95,"lower_bound":183640735.2,"upper_bound":191640146.02749997},"point_estimate":187483442.09,"standard_error":2039594.3418387056},"median":{"confidence_interval":{"confidence_level":0.95,"lower_bound":181788186.0,"upper_bound":189869209.0},"point_estimate":185670170.5,"standard_error":2640418.998408498},"median_abs_dev":{"confidence_interval":{"confidence_level":0.95,"lower_bound":11803659.645143151,"upper_bound":18700415.237501264},"point_estimate":14988511.226400733,"standard_error":1730074.3573146814},"slope":null,"std_dev":{"confidence_interval":{"confidence_level":0.95,"lower_bound":15292929.93370703,"upper_bound":25550882.520490363},"point_estimate":20537510.93444215,"standard_error":2639052.1306854184}}