{"mean":{"confidence_interval":{"confidence_level":0.95,"lower_bound":56650778.39,"upper_bound":58538623.063},"point_estimate":57594892.52,"standard_error":481650.4207753842},"median":{"confidence_interval":{"confidence_level":0.95,"lower_bound":55746588.0,"upper_bound":59231776.0},"point_estimate":57858204.5,"standard_error":934343.7276502631},"median_abs_dev":{"confidence_interval":{"confidence_level":0.95,"lower_bound":4198719.4189578295,"upper_bound":6218830.823993683},"point_estimate":5307195.667478442,"standard_error":520744.3877685686},"slope":null,"std_dev":{"confidence_interval":{"confidence_level":0.95,"lower_bound":4141041.933639193,"upper_bound":5578014.816893432},"point_estimate":4853908.544255938,"standard_error":369484.1574864365}}