{"mean":{"confidence_interval":{"confidence_level":0.95,"lower_bound":36207162.509375,"upper_bound":36652419.87025},"point_estimate":36427631.18,"standard_error":113426.397873093},"median":{"confidence_interval":{"confidence_level":0.95,"lower_bound":36050328.5,"upper_bound":36648495.5},"point_estimate":36363533.25,"standard_error":150849.71386464275},"median_abs_dev":{"confidence_interval":{"confidence_level":0.95,"lower_bound":731218.30701828,"upper_bound":1409602.1253995579},"point_estimate":1049926.8929600716,"standard_error":177398.07794785188},"slope":null,"std_dev":{"confidence_interval":{"confidence_level":0.95,"lower_bound":957334.8995595624,"upper_bound":1306395.1721502019},"point_estimate":1135905.6449875464,"standard_error":89317.7296358047}}