{"mean":{"confidence_interval":{"confidence_level":0.95,"lower_bound":95409771.16,"upper_bound":99268999.19025},"point_estimate":97349645.61,"standard_error":984192.900363184},"median":{"confidence_interval":{"confidence_level":0.95,"lower_bound":95331815.0,"upper_bound":99223658.0},"point_estimate":97763189.5,"standard_error":1108467.110440902},"median_abs_dev":{"confidence_interval":{"confidence_level":0.95,"lower_bound":6346094.981834292,"upper_bound":11597593.074801564},"point_estimate":9467698.106914759,"standard_error":1351839.3802279662},"slope":null,"std_dev":{"confidence_interval":{"confidence_level":0.95,"lower_bound":8519918.657996546,"upper_bound":11131761.117580093},"point_estimate":9912992.81074788,"standard_error":666997.0133958475}}