{"mean":{"confidence_interval":{"confidence_level":0.95,"lower_bound":186867228.98,"upper_bound":193058220.28375},"point_estimate":189982192.24,"standard_error":1576599.5141100462},"median":{"confidence_interval":{"confidence_level":0.95,"lower_bound":182656525.0,"upper_bound":198427157.0},"point_estimate":189546407.0,"standard_error":3969584.5605329187},"median_abs_dev":{"confidence_interval":{"confidence_level":0.95,"lower_bound":15644722.576850653,"upper_bound":22845130.211117864},"point_estimate":20489218.066343665,"standard_error":1779129.4939060684},"slope":null,"std_dev":{"confidence_interval":{"confidence_level":0.95,"lower_bound":14252855.246043013,"upper_bound":17063118.431770608},"point_estimate":15755695.206025587,"standard_error":718192.4150448653}}