{"mean":{"confidence_interval":{"confidence_level":0.95,"lower_bound":298577973.63675,"upper_bound":325522062.63299996},"point_estimate":312240875.87,"standard_error":6860636.859736442},"median":{"confidence_interval":{"confidence_level":0.95,"lower_bound":303378624.5,"upper_bound":341212971.5},"point_estimate":329739364.0,"standard_error":11648235.046069516},"median_abs_dev":{"confidence_interval":{"confidence_level":0.95,"lower_bound":48273092.64728129,"upper_bound":85653176.35955215},"point_estimate":61460362.772360444,"standard_error":10104438.289300095},"slope":null,"std_dev":{"confidence_interval":{"confidence_level":0.95,"lower_bound":58855867.73339062,"upper_bound":78025027.38946506},"point_estimate":69073463.20902099,"standard_error":4900716.566258101}}