{"mean":{"confidence_interval":{"confidence_level":0.95,"lower_bound":173318651.7395,"upper_bound":177510511.4205},"point_estimate":175415418.97,"standard_error":1063534.9882371814},"median":{"confidence_interval":{"confidence_level":0.95,"lower_bound":171880051.0,"upper_bound":178904730.5},"point_estimate":175420495.5,"standard_error":1888687.8409321043},"median_abs_dev":{"confidence_interval":{"confidence_level":0.95,"lower_bound":10107500.040856004,"upper_bound":14537096.599414945},"point_estimate":13183785.273841023,"standard_error":1115731.6383015036},"slope":null,"std_dev":{"confidence_interval":{"confidence_level":0.95,"lower_bound":9467233.61325236,"upper_bound":11780046.74332764},"point_estimate":10698907.733197408,"standard_error":591992.5878927791}}