{"mean":{"confidence_interval":{"confidence_level":0.95,"lower_bound":7807549421.2035,"upper_bound":7837900316.64975},"point_estimate":7822522651.95,"standard_error":7749255.150111807},"median":{"confidence_interval":{"confidence_level":0.95,"lower_bound":7795132360.5,"upper_bound":7835651847.5},"point_estimate":7819400628.0,"standard_error":9696911.454446679},"median_abs_dev":{"confidence_interval":{"confidence_level":0.95,"lower_bound":59782234.548953176,"upper_bound":96245350.19260347},"point_estimate":81602397.43766785,"standard_error":9268841.082610084},"slope":null,"std_dev":{"confidence_interval":{"confidence_level":0.95,"lower_bound":66548963.06213391,"upper_bound":87726029.65433536},"point_estimate":77776691.68221611,"standard_error":5392783.767125249}}