{"mean":{"confidence_interval":{"confidence_level":0.95,"lower_bound":199139144.089,"upper_bound":205800758.9},"point_estimate":202497656.07,"standard_error":1698352.8748601258},"median":{"confidence_interval":{"confidence_level":0.95,"lower_bound":197086055.0,"upper_bound":207224265.0},"point_estimate":202663952.0,"standard_error":2879566.9688672908},"median_abs_dev":{"confidence_interval":{"confidence_level":0.95,"lower_bound":13743279.21500802,"upper_bound":20397753.304909974},"point_estimate":17355197.425183654,"standard_error":1718726.9700403917},"slope":null,"std_dev":{"confidence_interval":{"confidence_level":0.95,"lower_bound":14486486.364500303,"upper_bound":19584333.501993023},"point_estimate":17089945.68593372,"standard_error":1303709.0614686569}}