{"mean":{"confidence_interval":{"confidence_level":0.95,"lower_bound":1441013306.90325,"upper_bound":1545993450.1677501},"point_estimate":1493116516.1,"standard_error":26793289.672688838},"median":{"confidence_interval":{"confidence_level":0.95,"lower_bound":1395208971.0,"upper_bound":1531347545.0},"point_estimate":1457140028.0,"standard_error":42134126.533383206},"median_abs_dev":{"confidence_interval":{"confidence_level":0.95,"lower_bound":190061192.71903932,"upper_bound":319725844.4856316},"point_estimate":251252804.59417105,"standard_error":32122620.121045467},"slope":null,"std_dev":{"confidence_interval":{"confidence_level":0.95,"lower_bound":230541161.49539113,"upper_bound":304475111.3639774},"point_estimate":269300705.7386175,"standard_error":18865220.087854628}}