{"mean":{"confidence_interval":{"confidence_level":0.95,"lower_bound":9295632815.0525,"upper_bound":9327475147.14},"point_estimate":9311303636.19,"standard_error":8108394.095295548},"median":{"confidence_interval":{"confidence_level":0.95,"lower_bound":9286110968.5,"upper_bound":9329113354.5},"point_estimate":9312425839.0,"standard_error":10719409.325666698},"median_abs_dev":{"confidence_interval":{"confidence_level":0.95,"lower_bound":63519921.71489596,"upper_bound":94181187.77714968},"point_estimate":81641538.07697296,"standard_error":7648724.846425589},"slope":null,"std_dev":{"confidence_interval":{"confidence_level":0.95,"lower_bound":66318450.17111938,"upper_bound":97987888.49559864},"point_estimate":81542414.43589626,"standard_error":8235337.010500738}}