{"mean":{"confidence_interval":{"confidence_level":0.95,"lower_bound":3128436546.46,"upper_bound":3195593029.3935003},"point_estimate":3162001156.73,"standard_error":17104171.91283562},"median":{"confidence_interval":{"confidence_level":0.95,"lower_bound":3141446450.0,"upper_bound":3222311565.0},"point_estimate":3185104784.0,"standard_error":19612000.73161705},"median_abs_dev":{"confidence_interval":{"confidence_level":0.95,"lower_bound":117950957.7704519,"upper_bound":222956163.17543685},"point_estimate":161426774.99610186,"standard_error":27606496.75153851},"slope":null,"std_dev":{"confidence_interval":{"confidence_level":0.95,"lower_bound":149015058.79931596,"upper_bound":192288767.80365083},"point_estimate":171659861.3275396,"standard_error":11042962.145979162}}