{"mean":{"confidence_interval":{"confidence_level":0.95,"lower_bound":80428884.54550001,"upper_bound":83730495.21625},"point_estimate":82098045.26,"standard_error":843030.486188546},"median":{"confidence_interval":{"confidence_level":0.95,"lower_bound":81044048.5,"upper_bound":85710084.0},"point_estimate":84172388.5,"standard_error":1168466.9410035906},"median_abs_dev":{"confidence_interval":{"confidence_level":0.95,"lower_bound":7421097.829449177,"upper_bound":11744168.097299337},"point_estimate":9209103.01950574,"standard_error":1066926.8910476218},"slope":null,"std_dev":{"confidence_interval":{"confidence_level":0.95,"lower_bound":7580139.553706278,"upper_bound":9206400.08671662},"point_estimate":8477365.707426937,"standard_error":413640.3188180334}}