{"mean":{"confidence_interval":{"confidence_level":0.95,"lower_bound":50358958.77074999,"upper_bound":51240799.69575},"point_estimate":50796169.88,"standard_error":224841.287868587},"median":{"confidence_interval":{"confidence_level":0.95,"lower_bound":49862869.0,"upper_bound":51140445.0},"point_estimate":50421396.5,"standard_error":343552.2545812485},"median_abs_dev":{"confidence_interval":{"confidence_level":0.95,"lower_bound":1866742.7202761918,"upper_bound":3184328.223466873},"point_estimate":2538562.531131506,"standard_error":327661.50976882695},"slope":null,"std_dev":{"confidence_interval":{"confidence_level":0.95,"lower_bound":2008415.0145090185,"upper_bound":2462674.6548396004},"point_estimate":2252807.9984954507,"standard_error":116132.1561265532}}