{"mean":{"confidence_interval":{"confidence_level":0.95,"lower_bound":48059479.484625,"upper_bound":49411424.10062499},"point_estimate":48725878.43,"standard_error":344820.31840138295},"median":{"confidence_interval":{"confidence_level":0.95,"lower_bound":47258944.5,"upper_bound":48619567.0},"point_estimate":47856027.25,"standard_error":348948.2044759771},"median_abs_dev":{"confidence_interval":{"confidence_level":0.95,"lower_bound":1923813.2008954883,"upper_bound":3927924.7576653943},"point_estimate":2897974.046100676,"standard_error":549017.7162382294},"slope":null,"std_dev":{"confidence_interval":{"confidence_level":0.95,"lower_bound":2953655.897614875,"upper_bound":3883605.199092683},"point_estimate":3453710.8088171016,"standard_error":237909.09745984117}}