{"mean":{"confidence_interval":{"confidence_level":0.95,"lower_bound":2313939116.909,"upper_bound":2445172859.803},"point_estimate":2379225910.38,"standard_error":33550502.59846806},"median":{"confidence_interval":{"confidence_level":0.95,"lower_bound":2261601487.0,"upper_bound":2445088735.5},"point_estimate":2342865287.5,"standard_error":57476777.32640837},"median_abs_dev":{"confidence_interval":{"confidence_level":0.95,"lower_bound":242960188.5395944,"upper_bound":428611678.2265216},"point_estimate":318324911.3076031,"standard_error":44393750.186306804},"slope":null,"std_dev":{"confidence_interval":{"confidence_level":0.95,"lower_bound":290397423.34215117,"upper_bound":378252358.125749},"point_estimate":336488170.5294531,"standard_error":22349694.527095508}}