{"mean":{"confidence_interval":{"confidence_level":0.95,"lower_bound":12977578.8220625,"upper_bound":13182014.020312501},"point_estimate":13077096.7775,"standard_error":52141.05214519187},"median":{"confidence_interval":{"confidence_level":0.95,"lower_bound":12853723.0,"upper_bound":13188269.375},"point_estimate":13020318.0,"standard_error":95731.23036075075},"median_abs_dev":{"confidence_interval":{"confidence_level":0.95,"lower_bound":332743.4332676232,"upper_bound":522343.507001549},"point_estimate":408252.99122706056,"standard_error":49697.96702917809},"slope":null,"std_dev":{"confidence_interval":{"confidence_level":0.95,"lower_bound":394936.110546313,"upper_bound":650830.5696635223},"point_estimate":523202.5940944401,"standard_error":66180.99871824983}}