{"mean":{"confidence_interval":{"confidence_level":0.95,"lower_bound":163363619.93825,"upper_bound":173922395.72325},"point_estimate":168620640.95,"standard_error":2699367.3118015244},"median":{"confidence_interval":{"confidence_level":0.95,"lower_bound":161050850.0,"upper_bound":172839597.0},"point_estimate":166597323.5,"standard_error":3006397.171241276},"median_abs_dev":{"confidence_interval":{"confidence_level":0.95,"lower_bound":24456970.648401976,"upper_bound":37351766.052773595},"point_estimate":30406382.6638788,"standard_error":3433392.315752717},"slope":null,"std_dev":{"confidence_interval":{"confidence_level":0.95,"lower_bound":23906956.02302493,"upper_bound":30277318.78026935},"point_estimate":27262012.588265218,"standard_error":1627250.7242160076}}