{"mean":{"confidence_interval":{"confidence_level":0.95,"lower_bound":3412317619.6,"upper_bound":3453501029.094},"point_estimate":3433078994.64,"standard_error":10511364.128835872},"median":{"confidence_interval":{"confidence_level":0.95,"lower_bound":3430419351.0,"upper_bound":3470523412.0},"point_estimate":3451038519.0,"standard_error":11702104.504669784},"median_abs_dev":{"confidence_interval":{"confidence_level":0.95,"lower_bound":67455321.00032866,"upper_bound":143527408.24639162},"point_estimate":104156135.96735895,"standard_error":20801344.376690246},"slope":null,"std_dev":{"confidence_interval":{"confidence_level":0.95,"lower_bound":92394655.95787655,"upper_bound":118023069.49878769},"point_estimate":105745184.72801046,"standard_error":6544954.150458375}}