{"mean":{"confidence_interval":{"confidence_level":0.95,"lower_bound":9795428.342750002,"upper_bound":9883747.36845833},"point_estimate":9835730.848333333,"standard_error":22629.4984275539},"median":{"confidence_interval":{"confidence_level":0.95,"lower_bound":9746812.916666666,"upper_bound":9801993.0},"point_estimate":9769253.416666668,"standard_error":17265.785441645},"median_abs_dev":{"confidence_interval":{"confidence_level":0.95,"lower_bound":68961.4080756898,"upper_bound":128790.37096351432},"point_estimate":97492.19131916715,"standard_error":16244.248030315914},"slope":null,"std_dev":{"confidence_interval":{"confidence_level":0.95,"lower_bound":125600.96546704807,"upper_bound":314156.2948676307},"point_estimate":226584.27270947135,"standard_error":48686.2615950571}}