{"mean":{"confidence_interval":{"confidence_level":0.95,"lower_bound":9099098.684375001,"upper_bound":9557866.207416669},"point_estimate":9272589.281666668,"standard_error":127174.03259051328},"median":{"confidence_interval":{"confidence_level":0.95,"lower_bound":9059131.083333332,"upper_bound":9258097.75},"point_estimate":9146571.75,"standard_error":51151.800109680116},"median_abs_dev":{"confidence_interval":{"confidence_level":0.95,"lower_bound":238529.32917650853,"upper_bound":397616.20744340046},"point_estimate":294458.31592232035,"standard_error":42625.075673392515},"slope":null,"std_dev":{"confidence_interval":{"confidence_level":0.95,"lower_bound":287380.0760886703,"upper_bound":2153936.117822167},"point_estimate":1281696.3323296825,"standard_error":642785.2496977433}}