{"mean":{"confidence_interval":{"confidence_level":0.95,"lower_bound":28668265.575,"upper_bound":29481032.661624998},"point_estimate":29070468.095,"standard_error":206688.2690415224},"median":{"confidence_interval":{"confidence_level":0.95,"lower_bound":28334563.25,"upper_bound":29480199.5},"point_estimate":28789178.25,"standard_error":316962.87048819923},"median_abs_dev":{"confidence_interval":{"confidence_level":0.95,"lower_bound":1802778.74281928,"upper_bound":2684943.3330327272},"point_estimate":2302137.131778896,"standard_error":229254.00139109048},"slope":null,"std_dev":{"confidence_interval":{"confidence_level":0.95,"lower_bound":1763934.0715621985,"upper_bound":2376697.7383092945},"point_estimate":2075814.8629972134,"standard_error":157151.27754115526}}