{"mean":{"confidence_interval":{"confidence_level":0.95,"lower_bound":37391983.1455,"upper_bound":37826434.36175},"point_estimate":37608207.13,"standard_error":110499.834572501},"median":{"confidence_interval":{"confidence_level":0.95,"lower_bound":37327914.5,"upper_bound":37791549.5},"point_estimate":37578965.75,"standard_error":117233.87510393422},"median_abs_dev":{"confidence_interval":{"confidence_level":0.95,"lower_bound":807490.5607354271,"upper_bound":1273339.3362849571},"point_estimate":1053154.1424527764,"standard_error":121087.2111346523},"slope":null,"std_dev":{"confidence_interval":{"confidence_level":0.95,"lower_bound":955870.410036756,"upper_bound":1257313.686104044},"point_estimate":1114580.4218928013,"standard_error":76899.8990721753}}