{"mean":{"confidence_interval":{"confidence_level":0.95,"lower_bound":3401902781.6345,"upper_bound":3626968962.618},"point_estimate":3514513223.82,"standard_error":57454007.84116364},"median":{"confidence_interval":{"confidence_level":0.95,"lower_bound":3348995491.0,"upper_bound":3646095717.0},"point_estimate":3503408668.5,"standard_error":79974596.93422793},"median_abs_dev":{"confidence_interval":{"confidence_level":0.95,"lower_bound":445232241.990323,"upper_bound":752484296.2758332},"point_estimate":636337052.583459,"standard_error":81049745.60584076},"slope":null,"std_dev":{"confidence_interval":{"confidence_level":0.95,"lower_bound":505119562.16538775,"upper_bound":641161566.3952036},"point_estimate":577635823.8970809,"standard_error":34703150.18985287}}