{"mean":{"confidence_interval":{"confidence_level":0.95,"lower_bound":68711715.63325,"upper_bound":72035078.363},"point_estimate":70354130.34,"standard_error":847587.4388967467},"median":{"confidence_interval":{"confidence_level":0.95,"lower_bound":66355615.5,"upper_bound":71349063.5},"point_estimate":68368364.0,"standard_error":1331106.634447668},"median_abs_dev":{"confidence_interval":{"confidence_level":0.95,"lower_bound":6242249.565462919,"upper_bound":11407774.31757152},"point_estimate":8507613.065859675,"standard_error":1413907.6168719986},"slope":null,"std_dev":{"confidence_interval":{"confidence_level":0.95,"lower_bound":7448989.753710922,"upper_bound":9460777.394389478},"point_estimate":8513415.711380448,"standard_error":512683.57930186077}}