{"mean":{"confidence_interval":{"confidence_level":0.95,"lower_bound":251838054.44750002,"upper_bound":254739787.57525},"point_estimate":253266247.57,"standard_error":737488.4149681377},"median":{"confidence_interval":{"confidence_level":0.95,"lower_bound":251261742.0,"upper_bound":255252596.0},"point_estimate":252799821.0,"standard_error":1038406.6397725075},"median_abs_dev":{"confidence_interval":{"confidence_level":0.95,"lower_bound":5607250.921851397,"upper_bound":8480187.190246582},"point_estimate":7234333.969464898,"standard_error":741491.6268198875},"slope":null,"std_dev":{"confidence_interval":{"confidence_level":0.95,"lower_bound":5977893.290818902,"upper_bound":8739315.46044581},"point_estimate":7390490.881698619,"standard_error":708263.394547169}}