{"mean":{"confidence_interval":{"confidence_level":0.95,"lower_bound":192833851.37274998,"upper_bound":200382039.4215},"point_estimate":196630898.35,"standard_error":1925025.671266054},"median":{"confidence_interval":{"confidence_level":0.95,"lower_bound":193800818.0,"upper_bound":202444469.0},"point_estimate":198696454.5,"standard_error":2162262.5020777155},"median_abs_dev":{"confidence_interval":{"confidence_level":0.95,"lower_bound":15519490.32227397,"upper_bound":23864013.38800906},"point_estimate":18626101.396420598,"standard_error":2157145.248449024},"slope":null,"std_dev":{"confidence_interval":{"confidence_level":0.95,"lower_bound":16561325.622194005,"upper_bound":21931148.61667199},"point_estimate":19359789.99224152,"standard_error":1369494.5909298265}}