{"mean":{"confidence_interval":{"confidence_level":0.95,"lower_bound":178655648.57,"upper_bound":183360451.18},"point_estimate":181012099.86,"standard_error":1200241.265303575},"median":{"confidence_interval":{"confidence_level":0.95,"lower_bound":177725140.0,"upper_bound":185891976.5},"point_estimate":180963874.5,"standard_error":2437542.413672036},"median_abs_dev":{"confidence_interval":{"confidence_level":0.95,"lower_bound":10846261.705345368,"upper_bound":16535157.295042276},"point_estimate":13899563.043433428,"standard_error":1520603.4484348749},"slope":null,"std_dev":{"confidence_interval":{"confidence_level":0.95,"lower_bound":10603789.6080949,"upper_bound":13317912.861680012},"point_estimate":12039764.598573182,"standard_error":692944.7745802518}}