{"mean":{"confidence_interval":{"confidence_level":0.95,"lower_bound":145363978.0155,"upper_bound":149477794.54700002},"point_estimate":147428733.47,"standard_error":1045533.1183516302},"median":{"confidence_interval":{"confidence_level":0.95,"lower_bound":146008266.0,"upper_bound":150846854.0},"point_estimate":148313951.0,"standard_error":1245081.1148349387},"median_abs_dev":{"confidence_interval":{"confidence_level":0.95,"lower_bound":6964154.587161541,"upper_bound":12483144.10867989},"point_estimate":10102247.930449247,"standard_error":1390068.601187952},"slope":null,"std_dev":{"confidence_interval":{"confidence_level":0.95,"lower_bound":8752977.259261664,"upper_bound":12177255.145860927},"point_estimate":10525536.129638052,"standard_error":873481.0190351718}}