{"mean":{"confidence_interval":{"confidence_level":0.95,"lower_bound":869326532.7662499,"upper_bound":967726044.84075},"point_estimate":918156583.09,"standard_error":25255624.18617377},"median":{"confidence_interval":{"confidence_level":0.95,"lower_bound":811712572.0,"upper_bound":955528294.0},"point_estimate":905381028.5,"standard_error":37648310.41116872},"median_abs_dev":{"confidence_interval":{"confidence_level":0.95,"lower_bound":182914905.1729113,"upper_bound":325361071.3276863},"point_estimate":268226365.2188301,"standard_error":39053566.671259105},"slope":null,"std_dev":{"confidence_interval":{"confidence_level":0.95,"lower_bound":218393437.75350195,"upper_bound":283476306.3315881},"point_estimate":253152066.69550812,"standard_error":16627362.810899159}}