{"mean":{"confidence_interval":{"confidence_level":0.95,"lower_bound":164317155.6205,"upper_bound":171370921.11024997},"point_estimate":167829879.37,"standard_error":1794873.7024800591},"median":{"confidence_interval":{"confidence_level":0.95,"lower_bound":163739506.5,"upper_bound":168953535.0},"point_estimate":166182698.5,"standard_error":1248201.776088219},"median_abs_dev":{"confidence_interval":{"confidence_level":0.95,"lower_bound":11535207.49180913,"upper_bound":20431062.341076136},"point_estimate":15437202.317234874,"standard_error":2128268.1443485343},"slope":null,"std_dev":{"confidence_interval":{"confidence_level":0.95,"lower_bound":15479492.471738892,"upper_bound":20255590.554957606},"point_estimate":18032560.976494852,"standard_error":1215170.2449175287}}