{"mean":{"confidence_interval":{"confidence_level":0.95,"lower_bound":97578814.264,"upper_bound":100157764.8945},"point_estimate":98870707.71,"standard_error":658295.3903554461},"median":{"confidence_interval":{"confidence_level":0.95,"lower_bound":97902276.5,"upper_bound":101141746.0},"point_estimate":99470627.5,"standard_error":810719.4972497943},"median_abs_dev":{"confidence_interval":{"confidence_level":0.95,"lower_bound":5438006.204456091,"upper_bound":9002024.574682117},"point_estimate":7318072.6985782385,"standard_error":893482.0432171435},"slope":null,"std_dev":{"confidence_interval":{"confidence_level":0.95,"lower_bound":5807701.449256094,"upper_bound":7364777.484828937},"point_estimate":6633732.824829075,"standard_error":397176.09267789614}}