{"mean":{"confidence_interval":{"confidence_level":0.95,"lower_bound":15793506.3921875,"upper_bound":15941359.3},"point_estimate":15867823.5575,"standard_error":37830.81008314492},"median":{"confidence_interval":{"confidence_level":0.95,"lower_bound":15806914.75,"upper_bound":15992738.25},"point_estimate":15882804.625,"standard_error":50399.01627847091},"median_abs_dev":{"confidence_interval":{"confidence_level":0.95,"lower_bound":313390.7731905767,"upper_bound":555727.7665838599},"point_estimate":436800.08307024837,"standard_error":63763.188611294274},"slope":null,"std_dev":{"confidence_interval":{"confidence_level":0.95,"lower_bound":336061.9198742973,"upper_bound":419488.7606526668},"point_estimate":380287.33441361174,"standard_error":21367.54826673607}}