{"mean":{"confidence_interval":{"confidence_level":0.95,"lower_bound":129306518.6595,"upper_bound":131674138.63700001},"point_estimate":130492331.43,"standard_error":602672.8677322697},"median":{"confidence_interval":{"confidence_level":0.95,"lower_bound":128803456.5,"upper_bound":131763597.0},"point_estimate":130089849.0,"standard_error":800129.2484551602},"median_abs_dev":{"confidence_interval":{"confidence_level":0.95,"lower_bound":4325413.51710856,"upper_bound":6750071.802619769},"point_estimate":5693424.821421504,"standard_error":620482.0236021916},"slope":null,"std_dev":{"confidence_interval":{"confidence_level":0.95,"lower_bound":5004587.416554717,"upper_bound":7066049.056903724},"point_estimate":6052741.677573547,"standard_error":529425.5361284361}}