{"mean":{"confidence_interval":{"confidence_level":0.95,"lower_bound":99472270.347,"upper_bound":101646019.70525001},"point_estimate":100563459.34,"standard_error":556145.5946546758},"median":{"confidence_interval":{"confidence_level":0.95,"lower_bound":99030534.0,"upper_bound":102228433.5},"point_estimate":100441701.5,"standard_error":897634.6195874923},"median_abs_dev":{"confidence_interval":{"confidence_level":0.95,"lower_bound":4332745.715278387,"upper_bound":6859269.534623623},"point_estimate":5312885.886177421,"standard_error":632336.5272818569},"slope":null,"std_dev":{"confidence_interval":{"confidence_level":0.95,"lower_bound":4863349.90129535,"upper_bound":6221961.845890768},"point_estimate":5583607.949421111,"standard_error":345755.18333710916}}