{"mean":{"confidence_interval":{"confidence_level":0.95,"lower_bound":29484862.7585,"upper_bound":30085775.900875},"point_estimate":29786253.885,"standard_error":153630.47144481365},"median":{"confidence_interval":{"confidence_level":0.95,"lower_bound":29497574.0,"upper_bound":30232227.5},"point_estimate":29925990.75,"standard_error":207195.21289128644},"median_abs_dev":{"confidence_interval":{"confidence_level":0.95,"lower_bound":1230089.4765615463,"upper_bound":2180387.8751903772},"point_estimate":1603641.288779676,"standard_error":243119.04484190475},"slope":null,"std_dev":{"confidence_interval":{"confidence_level":0.95,"lower_bound":1357180.129848551,"upper_bound":1722583.1552031972},"point_estimate":1549805.2924407388,"standard_error":93642.16956369484}}