{"mean":{"confidence_interval":{"confidence_level":0.95,"lower_bound":677049766.3125,"upper_bound":701272431.727},"point_estimate":689112328.38,"standard_error":6191805.432604064},"median":{"confidence_interval":{"confidence_level":0.95,"lower_bound":672563079.0,"upper_bound":697058055.5},"point_estimate":686258374.5,"standard_error":7159602.50905374},"median_abs_dev":{"confidence_interval":{"confidence_level":0.95,"lower_bound":43159720.98086178,"upper_bound":71221892.92025864},"point_estimate":57902707.72122145,"standard_error":7371706.862315472},"slope":null,"std_dev":{"confidence_interval":{"confidence_level":0.95,"lower_bound":51730076.37249612,"upper_bound":72114684.91814794},"point_estimate":62082545.057460666,"standard_error":5209338.156449402}}