{"mean":{"confidence_interval":{"confidence_level":0.95,"lower_bound":344872947.99775,"upper_bound":382684975.97525},"point_estimate":364268888.39,"standard_error":9629984.084747259},"median":{"confidence_interval":{"confidence_level":0.95,"lower_bound":381402758.5,"upper_bound":405644433.0},"point_estimate":395252493.0,"standard_error":7786898.800968895},"median_abs_dev":{"confidence_interval":{"confidence_level":0.95,"lower_bound":48398757.82105029,"upper_bound":89305567.32510924},"point_estimate":64712866.87301695,"standard_error":10128335.698911367},"slope":null,"std_dev":{"confidence_interval":{"confidence_level":0.95,"lower_bound":80382864.70777753,"upper_bound":109704670.7643118},"point_estimate":96591200.0954765,"standard_error":7425861.633847249}}