{"mean":{"confidence_interval":{"confidence_level":0.95,"lower_bound":71581839.05775,"upper_bound":73883218.89375},"point_estimate":72716668.04,"standard_error":587439.6616864656},"median":{"confidence_interval":{"confidence_level":0.95,"lower_bound":71132237.0,"upper_bound":73964698.0},"point_estimate":72725540.0,"standard_error":702320.8798059021},"median_abs_dev":{"confidence_interval":{"confidence_level":0.95,"lower_bound":4140660.062688589,"upper_bound":7251962.824451923},"point_estimate":5107676.25862062,"standard_error":787994.6951889505},"slope":null,"std_dev":{"confidence_interval":{"confidence_level":0.95,"lower_bound":5004058.759788877,"upper_bound":6709786.766518962},"point_estimate":5902038.040054829,"standard_error":435661.96123294556}}