{"mean":{"confidence_interval":{"confidence_level":0.95,"lower_bound":2876022375.981,"upper_bound":2953370371.82125},"point_estimate":2914621108.0,"standard_error":19799066.427362733},"median":{"confidence_interval":{"confidence_level":0.95,"lower_bound":2883322780.5,"upper_bound":2961039178.0},"point_estimate":2923033139.5,"standard_error":20737721.6572052},"median_abs_dev":{"confidence_interval":{"confidence_level":0.95,"lower_bound":133210949.3606329,"upper_bound":259949145.96498013},"point_estimate":185801711.90536022,"standard_error":32080974.573168203},"slope":null,"std_dev":{"confidence_interval":{"confidence_level":0.95,"lower_bound":172652899.20447874,"upper_bound":219966364.33788472},"point_estimate":197994833.97118592,"standard_error":12055250.055019004}}