{"mean":{"confidence_interval":{"confidence_level":0.95,"lower_bound":191964802.30150002,"upper_bound":198492557.93},"point_estimate":195229128.19,"standard_error":1664408.6750058501},"median":{"confidence_interval":{"confidence_level":0.95,"lower_bound":192072489.5,"upper_bound":199264644.0},"point_estimate":196491432.5,"standard_error":1841600.0640684683},"median_abs_dev":{"confidence_interval":{"confidence_level":0.95,"lower_bound":11297221.28533423,"upper_bound":17996988.841497034},"point_estimate":13774487.944453955,"standard_error":1702311.6875480977},"slope":null,"std_dev":{"confidence_interval":{"confidence_level":0.95,"lower_bound":14300470.57810686,"upper_bound":18906969.298946194},"point_estimate":16754182.347383812,"standard_error":1175159.5371589584}}