{"mean":{"confidence_interval":{"confidence_level":0.95,"lower_bound":1467877412.70325,"upper_bound":1576317221.32725},"point_estimate":1521945781.46,"standard_error":27699070.841936603},"median":{"confidence_interval":{"confidence_level":0.95,"lower_bound":1452816984.0,"upper_bound":1588628586.0},"point_estimate":1481599535.5,"standard_error":40042992.27949943},"median_abs_dev":{"confidence_interval":{"confidence_level":0.95,"lower_bound":229526620.7525879,"upper_bound":354570293.5237311},"point_estimate":284554220.19645274,"standard_error":31643662.55983416},"slope":null,"std_dev":{"confidence_interval":{"confidence_level":0.95,"lower_bound":240686170.6218528,"upper_bound":311446851.5143224},"point_estimate":277878374.42409426,"standard_error":18090572.222985487}}