{"mean":{"confidence_interval":{"confidence_level":0.95,"lower_bound":38672319.005375,"upper_bound":39043950.105},"point_estimate":38852310.645,"standard_error":94716.14376259618},"median":{"confidence_interval":{"confidence_level":0.95,"lower_bound":38499508.0,"upper_bound":39001132.0},"point_estimate":38749043.75,"standard_error":116274.04769986054},"median_abs_dev":{"confidence_interval":{"confidence_level":0.95,"lower_bound":746807.8457415104,"upper_bound":1078101.9263398647},"point_estimate":966396.469143033,"standard_error":85343.7434719043},"slope":null,"std_dev":{"confidence_interval":{"confidence_level":0.95,"lower_bound":756430.803666668,"upper_bound":1154262.9850569072},"point_estimate":949210.8152181435,"standard_error":103694.94703827957}}