{"mean":{"confidence_interval":{"confidence_level":0.95,"lower_bound":11219034.405849997,"upper_bound":11356439.940399997},"point_estimate":11284261.355999997,"standard_error":35048.671878636866},"median":{"confidence_interval":{"confidence_level":0.95,"lower_bound":11179069.6,"upper_bound":11336609.2},"point_estimate":11231047.1,"standard_error":42323.516435212034},"median_abs_dev":{"confidence_interval":{"confidence_level":0.95,"lower_bound":206715.20783007008,"upper_bound":370531.0889017593},"point_estimate":285990.1249426592,"standard_error":42937.70615662855},"slope":null,"std_dev":{"confidence_interval":{"confidence_level":0.95,"lower_bound":256782.18415060898,"upper_bound":468306.1775922407},"point_estimate":352978.5685394609,"standard_error":59873.853608872494}}