{"mean":{"confidence_interval":{"confidence_level":0.95,"lower_bound":217954654.063,"upper_bound":223755310.45975},"point_estimate":220898609.46,"standard_error":1484209.9211031229},"median":{"confidence_interval":{"confidence_level":0.95,"lower_bound":217973092.0,"upper_bound":225551513.0},"point_estimate":220181037.5,"standard_error":1931011.622771075},"median_abs_dev":{"confidence_interval":{"confidence_level":0.95,"lower_bound":10256400.521412492,"upper_bound":17743909.934082627},"point_estimate":13071464.982435107,"standard_error":1915164.0570212593},"slope":null,"std_dev":{"confidence_interval":{"confidence_level":0.95,"lower_bound":12060588.45388376,"upper_bound":17577263.87820479},"point_estimate":14858344.667626627,"standard_error":1416443.7615931581}}