{"mean":{"confidence_interval":{"confidence_level":0.95,"lower_bound":2158392366.743,"upper_bound":2202103742.38725},"point_estimate":2180407313.29,"standard_error":11169145.151861403},"median":{"confidence_interval":{"confidence_level":0.95,"lower_bound":2185406070.5,"upper_bound":2228630564.0},"point_estimate":2209990014.5,"standard_error":10273366.633929001},"median_abs_dev":{"confidence_interval":{"confidence_level":0.95,"lower_bound":67548511.3042742,"upper_bound":136397331.33718076},"point_estimate":94055987.39847243,"standard_error":16845678.41692987},"slope":null,"std_dev":{"confidence_interval":{"confidence_level":0.95,"lower_bound":99339501.49555834,"upper_bound":122943973.8613572},"point_estimate":112309020.76071262,"standard_error":6006804.475222433}}