{"mean":{"confidence_interval":{"confidence_level":0.95,"lower_bound":243267469.79,"upper_bound":260850031.677},"point_estimate":252073680.95,"standard_error":4469697.133646808},"median":{"confidence_interval":{"confidence_level":0.95,"lower_bound":233748283.0,"upper_bound":268270935.0},"point_estimate":251831888.5,"standard_error":8504516.536473982},"median_abs_dev":{"confidence_interval":{"confidence_level":0.95,"lower_bound":41126697.61265516,"upper_bound":60326156.00129664},"point_estimate":51082083.63751173,"standard_error":4791952.631794995},"slope":null,"std_dev":{"confidence_interval":{"confidence_level":0.95,"lower_bound":39823052.34912343,"upper_bound":49792082.43657131},"point_estimate":45088938.901472,"standard_error":2540185.1392712635}}