{"mean":{"confidence_interval":{"confidence_level":0.95,"lower_bound":44004779.04125,"upper_bound":44518605.00925},"point_estimate":44257846.755,"standard_error":131167.59361811593},"median":{"confidence_interval":{"confidence_level":0.95,"lower_bound":43955413.5,"upper_bound":44504160.0},"point_estimate":44151671.75,"standard_error":144663.16772124963},"median_abs_dev":{"confidence_interval":{"confidence_level":0.95,"lower_bound":839239.0585005283,"upper_bound":1428240.07499367},"point_estimate":1116089.3993854523,"standard_error":156180.15605090992},"slope":null,"std_dev":{"confidence_interval":{"confidence_level":0.95,"lower_bound":1058138.0997768552,"upper_bound":1548041.5637898932},"point_estimate":1313079.9896628046,"standard_error":124896.60849123528}}