{"mean":{"confidence_interval":{"confidence_level":0.95,"lower_bound":50957280219.20375,"upper_bound":51059993148.163},"point_estimate":51007746440.48,"standard_error":26250006.64303147},"median":{"confidence_interval":{"confidence_level":0.95,"lower_bound":50857144179.0,"upper_bound":51064795937.0},"point_estimate":50905140353.0,"standard_error":49847717.910767354},"median_abs_dev":{"confidence_interval":{"confidence_level":0.95,"lower_bound":183381355.3466081,"upper_bound":365892496.1553097},"point_estimate":254244735.07775366,"standard_error":46581061.49959289},"slope":null,"std_dev":{"confidence_interval":{"confidence_level":0.95,"lower_bound":233832796.41170347,"upper_bound":289674484.6636481},"point_estimate":263820793.91871497,"standard_error":14225560.850758081}}