{"mean":{"confidence_interval":{"confidence_level":0.95,"lower_bound":11323814.744849999,"upper_bound":11447072.053550005},"point_estimate":11382737.343999999,"standard_error":31422.163995784616},"median":{"confidence_interval":{"confidence_level":0.95,"lower_bound":11252809.6,"upper_bound":11306034.3},"point_estimate":11286367.4,"standard_error":14551.292584352652},"median_abs_dev":{"confidence_interval":{"confidence_level":0.95,"lower_bound":94511.51920558602,"upper_bound":182661.0610771168},"point_estimate":134887.83516526304,"standard_error":21838.218359055816},"slope":null,"std_dev":{"confidence_interval":{"confidence_level":0.95,"lower_bound":231844.3500818383,"upper_bound":399018.2957060764},"point_estimate":315551.9411690474,"standard_error":43317.792465315775}}