{"mean":{"confidence_interval":{"confidence_level":0.95,"lower_bound":110995113.15900001,"upper_bound":113886882.78475},"point_estimate":112432852.69,"standard_error":733271.1589468184},"median":{"confidence_interval":{"confidence_level":0.95,"lower_bound":110578788.0,"upper_bound":114530293.0},"point_estimate":112382135.0,"standard_error":920831.4132830158},"median_abs_dev":{"confidence_interval":{"confidence_level":0.95,"lower_bound":5328018.042808771,"upper_bound":9413888.623470068},"point_estimate":7063929.117590189,"standard_error":1090460.65474289},"slope":null,"std_dev":{"confidence_interval":{"confidence_level":0.95,"lower_bound":6288371.485990371,"upper_bound":8455745.676808434},"point_estimate":7396788.207225264,"standard_error":552716.0390536127}}