{"mean":{"confidence_interval":{"confidence_level":0.95,"lower_bound":1175202302.942,"upper_bound":1289582574.0314999},"point_estimate":1232176144.29,"standard_error":29147816.16507644},"median":{"confidence_interval":{"confidence_level":0.95,"lower_bound":1162867108.5,"upper_bound":1247484344.0},"point_estimate":1210763871.5,"standard_error":20320245.83983337},"median_abs_dev":{"confidence_interval":{"confidence_level":0.95,"lower_bound":167529012.67556548,"upper_bound":324963119.99705136},"point_estimate":251985572.9594618,"standard_error":41885247.90639027},"slope":null,"std_dev":{"confidence_interval":{"confidence_level":0.95,"lower_bound":243798514.41019276,"upper_bound":337817254.5584266},"point_estimate":293124668.2704878,"standard_error":23960892.03695663}}