{"mean":{"confidence_interval":{"confidence_level":0.95,"lower_bound":48465469.6805,"upper_bound":49293962.822625004},"point_estimate":48872173.975,"standard_error":211553.88345394327},"median":{"confidence_interval":{"confidence_level":0.95,"lower_bound":48269225.0,"upper_bound":49324824.5},"point_estimate":48607278.75,"standard_error":278323.72393881215},"median_abs_dev":{"confidence_interval":{"confidence_level":0.95,"lower_bound":1662900.8097276092,"upper_bound":2568235.2870047092},"point_estimate":2213243.0319070816,"standard_error":225039.0490285231},"slope":null,"std_dev":{"confidence_interval":{"confidence_level":0.95,"lower_bound":1766710.5152432271,"upper_bound":2503223.290759389},"point_estimate":2135196.2098154016,"standard_error":189311.56243817607}}