{"mean":{"confidence_interval":{"confidence_level":0.95,"lower_bound":16083514.6425,"upper_bound":16318895.245000001},"point_estimate":16200579.095,"standard_error":60144.67923157772},"median":{"confidence_interval":{"confidence_level":0.95,"lower_bound":16030707.75,"upper_bound":16297949.0},"point_estimate":16149039.75,"standard_error":76764.25234476762},"median_abs_dev":{"confidence_interval":{"confidence_level":0.95,"lower_bound":459429.7477684915,"upper_bound":801040.5095499373},"point_estimate":663880.2841387689,"standard_error":88415.19506594626},"slope":null,"std_dev":{"confidence_interval":{"confidence_level":0.95,"lower_bound":522943.09054697136,"upper_bound":674285.9548125331},"point_estimate":603458.4551311391,"standard_error":38570.74423732851}}