{"mean":{"confidence_interval":{"confidence_level":0.95,"lower_bound":70642766.17,"upper_bound":73778127.92025},"point_estimate":72209874.15,"standard_error":799361.6527232652},"median":{"confidence_interval":{"confidence_level":0.95,"lower_bound":71020365.0,"upper_bound":74170218.0},"point_estimate":72704854.0,"standard_error":650293.1201569937},"median_abs_dev":{"confidence_interval":{"confidence_level":0.95,"lower_bound":5482470.8602666855,"upper_bound":9988261.937972903},"point_estimate":7006661.469706893,"standard_error":1169366.7458724116},"slope":null,"std_dev":{"confidence_interval":{"confidence_level":0.95,"lower_bound":6865350.707121167,"upper_bound":9113447.794042252},"point_estimate":8043769.830953772,"standard_error":574698.0608360729}}