{"mean":{"confidence_interval":{"confidence_level":0.95,"lower_bound":10765508326.32175,"upper_bound":10894742297.271},"point_estimate":10830131945.67,"standard_error":32969120.26341866},"median":{"confidence_interval":{"confidence_level":0.95,"lower_bound":10717353163.0,"upper_bound":10907379675.0},"point_estimate":10804678084.0,"standard_error":47805802.339607},"median_abs_dev":{"confidence_interval":{"confidence_level":0.95,"lower_bound":299166411.2258345,"upper_bound":441438208.7977052},"point_estimate":377134395.70522606,"standard_error":37352858.82051198},"slope":null,"std_dev":{"confidence_interval":{"confidence_level":0.95,"lower_bound":290103296.3750842,"upper_bound":365841678.1268986},"point_estimate":330227671.9560223,"standard_error":19331210.898288455}}