{"mean":{"confidence_interval":{"confidence_level":0.95,"lower_bound":163057782.50700003,"upper_bound":166483810.2805},"point_estimate":164724290.2,"standard_error":874009.2194110849},"median":{"confidence_interval":{"confidence_level":0.95,"lower_bound":162586128.0,"upper_bound":166081674.0},"point_estimate":164735242.5,"standard_error":983360.0739580427},"median_abs_dev":{"confidence_interval":{"confidence_level":0.95,"lower_bound":5183839.643168449,"upper_bound":9880640.83984605},"point_estimate":7453153.864780068,"standard_error":1223307.5148654825},"slope":null,"std_dev":{"confidence_interval":{"confidence_level":0.95,"lower_bound":6975303.855824107,"upper_bound":10855906.193600688},"point_estimate":8811517.666284932,"standard_error":1024642.7164522985}}