{"mean":{"confidence_interval":{"confidence_level":0.95,"lower_bound":146264644.722,"upper_bound":149657538.727},"point_estimate":147959764.63,"standard_error":868258.9465789075},"median":{"confidence_interval":{"confidence_level":0.95,"lower_bound":145588711.0,"upper_bound":150069184.0},"point_estimate":148869048.0,"standard_error":1197254.355220689},"median_abs_dev":{"confidence_interval":{"confidence_level":0.95,"lower_bound":6248622.929164767,"upper_bound":10229631.178132735},"point_estimate":7774173.824080825,"standard_error":1052309.9959786364},"slope":null,"std_dev":{"confidence_interval":{"confidence_level":0.95,"lower_bound":7459314.739115549,"upper_bound":9890870.004012698},"point_estimate":8730538.125499967,"standard_error":621381.3754156344}}