{"mean":{"confidence_interval":{"confidence_level":0.95,"lower_bound":236446216.11425,"upper_bound":239266537.769},"point_estimate":237856072.31,"standard_error":720716.0206463848},"median":{"confidence_interval":{"confidence_level":0.95,"lower_bound":235644665.0,"upper_bound":240562904.0},"point_estimate":237119517.0,"standard_error":1259520.7839996999},"median_abs_dev":{"confidence_interval":{"confidence_level":0.95,"lower_bound":6724685.039412975,"upper_bound":10738946.782645583},"point_estimate":9136594.243893027,"standard_error":1056117.722602475},"slope":null,"std_dev":{"confidence_interval":{"confidence_level":0.95,"lower_bound":6444364.479529895,"upper_bound":7951037.184373712},"point_estimate":7249718.165819335,"standard_error":384429.27331055375}}