{"mean":{"confidence_interval":{"confidence_level":0.95,"lower_bound":46566771.63825,"upper_bound":47958713.540625},"point_estimate":47235922.765,"standard_error":354744.71626265324},"median":{"confidence_interval":{"confidence_level":0.95,"lower_bound":46963208.0,"upper_bound":47715567.0},"point_estimate":47305993.75,"standard_error":175886.97535396513},"median_abs_dev":{"confidence_interval":{"confidence_level":0.95,"lower_bound":1178802.525777072,"upper_bound":2794815.8518821},"point_estimate":1802017.6130577922,"standard_error":389357.4162221368},"slope":null,"std_dev":{"confidence_interval":{"confidence_level":0.95,"lower_bound":2474938.1542409793,"upper_bound":4596353.8984151995},"point_estimate":3552785.1609582365,"standard_error":546716.9662254739}}