{"mean":{"confidence_interval":{"confidence_level":0.95,"lower_bound":83772113.722,"upper_bound":86645432.51799999},"point_estimate":85217885.54,"standard_error":732356.7424808745},"median":{"confidence_interval":{"confidence_level":0.95,"lower_bound":83522003.0,"upper_bound":87281844.0},"point_estimate":84628037.5,"standard_error":998752.3294083796},"median_abs_dev":{"confidence_interval":{"confidence_level":0.95,"lower_bound":5846529.214203358,"upper_bound":9155632.143362533},"point_estimate":7338182.684621215,"standard_error":852891.510497032},"slope":null,"std_dev":{"confidence_interval":{"confidence_level":0.95,"lower_bound":6265550.651154772,"upper_bound":8417790.707538636},"point_estimate":7391486.189732978,"standard_error":549799.0916132492}}