{"mean":{"confidence_interval":{"confidence_level":0.95,"lower_bound":4793864573.617,"upper_bound":4970608380.8545},"point_estimate":4882146146.55,"standard_error":45082041.546737626},"median":{"confidence_interval":{"confidence_level":0.95,"lower_bound":4698503693.0,"upper_bound":5000403217.0},"point_estimate":4876507177.0,"standard_error":64036979.60527116},"median_abs_dev":{"confidence_interval":{"confidence_level":0.95,"lower_bound":355858431.51504993,"upper_bound":539028908.0127239},"point_estimate":476155099.65985715,"standard_error":45566177.55506216},"slope":null,"std_dev":{"confidence_interval":{"confidence_level":0.95,"lower_bound":386487230.1923286,"upper_bound":512849686.74915946},"point_estimate":453011225.43550265,"standard_error":32305095.583017383}}