{"mean":{"confidence_interval":{"confidence_level":0.95,"lower_bound":40830581.13825,"upper_bound":41611437.182375},"point_estimate":41218044.54,"standard_error":199030.22175913132},"median":{"confidence_interval":{"confidence_level":0.95,"lower_bound":40490314.5,"upper_bound":41863363.0},"point_estimate":41243627.5,"standard_error":332580.96475730214},"median_abs_dev":{"confidence_interval":{"confidence_level":0.95,"lower_bound":1664865.6253427267,"upper_bound":2721245.7478119764},"point_estimate":2219293.1517496705,"standard_error":263938.28163966694},"slope":null,"std_dev":{"confidence_interval":{"confidence_level":0.95,"lower_bound":1754776.5653109944,"upper_bound":2214504.2260688506},"point_estimate":1998472.095510253,"standard_error":117485.31989609182}}