{"mean":{"confidence_interval":{"confidence_level":0.95,"lower_bound":55393505.467,"upper_bound":55975131.37975},"point_estimate":55682311.69,"standard_error":148802.39272233268},"median":{"confidence_interval":{"confidence_level":0.95,"lower_bound":55256184.5,"upper_bound":55934511.5},"point_estimate":55666273.5,"standard_error":184153.6911046298},"median_abs_dev":{"confidence_interval":{"confidence_level":0.95,"lower_bound":1057178.2894313335,"upper_bound":1757977.8703996537},"point_estimate":1414570.13258636,"standard_error":175476.64716398003},"slope":null,"std_dev":{"confidence_interval":{"confidence_level":0.95,"lower_bound":1263693.1959191407,"upper_bound":1696988.2529063881},"point_estimate":1488862.8781618332,"standard_error":111087.54853126229}}