{"mean":{"confidence_interval":{"confidence_level":0.95,"lower_bound":70463268.84225,"upper_bound":72195936.99},"point_estimate":71332261.83,"standard_error":441624.75105181715},"median":{"confidence_interval":{"confidence_level":0.95,"lower_bound":70615269.0,"upper_bound":72960447.0},"point_estimate":71650520.5,"standard_error":664309.8344193394},"median_abs_dev":{"confidence_interval":{"confidence_level":0.95,"lower_bound":4031268.647530675,"upper_bound":6304493.041247874},"point_estimate":5169163.386029005,"standard_error":590402.6727323154},"slope":null,"std_dev":{"confidence_interval":{"confidence_level":0.95,"lower_bound":3939671.4502435494,"upper_bound":4853796.589494581},"point_estimate":4436013.785702736,"standard_error":232389.59889122564}}