{"mean":{"confidence_interval":{"confidence_level":0.95,"lower_bound":85480798.38,"upper_bound":86481474.89},"point_estimate":85983790.68,"standard_error":254009.84091323093},"median":{"confidence_interval":{"confidence_level":0.95,"lower_bound":85645569.5,"upper_bound":86371957.0},"point_estimate":85976274.5,"standard_error":173263.9554293978},"median_abs_dev":{"confidence_interval":{"confidence_level":0.95,"lower_bound":1608612.0758414268,"upper_bound":2884053.5442978144},"point_estimate":2429347.5453704596,"standard_error":334707.3218969205},"slope":null,"std_dev":{"confidence_interval":{"confidence_level":0.95,"lower_bound":2128186.963416329,"upper_bound":2922113.9168271185},"point_estimate":2545007.9912522146,"standard_error":202727.44708483233}}