{"mean":{"confidence_interval":{"confidence_level":0.95,"lower_bound":10603178.524549998,"upper_bound":10721499.855700003},"point_estimate":10659358.634000001,"standard_error":30068.651250184907},"median":{"confidence_interval":{"confidence_level":0.95,"lower_bound":10605393.8,"upper_bound":10649058.8},"point_estimate":10618538.5,"standard_error":10170.36158814333},"median_abs_dev":{"confidence_interval":{"confidence_level":0.95,"lower_bound":86012.88921296514,"upper_bound":251735.9868907923},"point_estimate":121595.28858125265,"standard_error":46769.814630142624},"slope":null,"std_dev":{"confidence_interval":{"confidence_level":0.95,"lower_bound":204400.76583485006,"upper_bound":413803.09707889514},"point_estimate":302840.3489904424,"standard_error":58446.33784346704}}