{"mean":{"confidence_interval":{"confidence_level":0.95,"lower_bound":198012342.55900002,"upper_bound":201972024.44875},"point_estimate":199938075.53,"standard_error":1002673.2896332432},"median":{"confidence_interval":{"confidence_level":0.95,"lower_bound":197947546.0,"upper_bound":201036252.5},"point_estimate":199393291.5,"standard_error":754056.9048506245},"median_abs_dev":{"confidence_interval":{"confidence_level":0.95,"lower_bound":5462585.488119721,"upper_bound":9885795.747292042},"point_estimate":7672296.966889501,"standard_error":1127448.8688188288},"slope":null,"std_dev":{"confidence_interval":{"confidence_level":0.95,"lower_bound":7704612.797760388,"upper_bound":12264696.73513973},"point_estimate":10092593.704247436,"standard_error":1163234.6446132252}}