{"mean":{"confidence_interval":{"confidence_level":0.95,"lower_bound":241578875.4255,"upper_bound":245354650.96675},"point_estimate":243450143.74,"standard_error":961771.0836487327},"median":{"confidence_interval":{"confidence_level":0.95,"lower_bound":240893206.0,"upper_bound":245787729.0},"point_estimate":242738210.5,"standard_error":1372180.7023474595},"median_abs_dev":{"confidence_interval":{"confidence_level":0.95,"lower_bound":6764936.146098375,"upper_bound":11101153.36921513},"point_estimate":9391186.311373115,"standard_error":1144613.6025907486},"slope":null,"std_dev":{"confidence_interval":{"confidence_level":0.95,"lower_bound":8040843.886956866,"upper_bound":10996478.366298113},"point_estimate":9575324.63574088,"standard_error":753210.4871817612}}