{"mean":{"confidence_interval":{"confidence_level":0.95,"lower_bound":4562832462.97125,"upper_bound":4590151077.86},"point_estimate":4576455303.34,"standard_error":6963787.670230466},"median":{"confidence_interval":{"confidence_level":0.95,"lower_bound":4565933777.0,"upper_bound":4586634351.5},"point_estimate":4578813498.0,"standard_error":6464914.886399144},"median_abs_dev":{"confidence_interval":{"confidence_level":0.95,"lower_bound":47589991.862953775,"upper_bound":91668939.171651},"point_estimate":67069100.74198544,"standard_error":11209712.386858532},"slope":null,"std_dev":{"confidence_interval":{"confidence_level":0.95,"lower_bound":58863445.45616458,"upper_bound":80190658.20187919},"point_estimate":69744546.67028518,"standard_error":5454648.628820602}}