{"mean":{"confidence_interval":{"confidence_level":0.95,"lower_bound":69947121.26175001,"upper_bound":71689721.9025},"point_estimate":70809529.01,"standard_error":444364.3584863977},"median":{"confidence_interval":{"confidence_level":0.95,"lower_bound":69200200.5,"upper_bound":71969732.0},"point_estimate":70380400.5,"standard_error":771950.526225805},"median_abs_dev":{"confidence_interval":{"confidence_level":0.95,"lower_bound":3614993.8638210297,"upper_bound":5524125.989127159},"point_estimate":4568740.04868865,"standard_error":491034.48507470556},"slope":null,"std_dev":{"confidence_interval":{"confidence_level":0.95,"lower_bound":3846860.6341533577,"upper_bound":5042290.5833636485},"point_estimate":4473628.981013385,"standard_error":305025.9349090109}}