{"mean":{"confidence_interval":{"confidence_level":0.95,"lower_bound":196421280.47575,"upper_bound":208172466.84},"point_estimate":202119240.41,"standard_error":3000502.9315113775},"median":{"confidence_interval":{"confidence_level":0.95,"lower_bound":190952034.0,"upper_bound":199820346.0},"point_estimate":194525977.0,"standard_error":2366380.406679632},"median_abs_dev":{"confidence_interval":{"confidence_level":0.95,"lower_bound":12352008.882308006,"upper_bound":21788791.81457162},"point_estimate":16824201.27941072,"standard_error":2297307.3609375055},"slope":null,"std_dev":{"confidence_interval":{"confidence_level":0.95,"lower_bound":23377413.12383416,"upper_bound":35639244.35386917},"point_estimate":30096843.641613293,"standard_error":3122584.588195032}}