{"mean":{"confidence_interval":{"confidence_level":0.95,"lower_bound":19919204.58,"upper_bound":20263517.98316665},"point_estimate":20081333.773333326,"standard_error":87987.98351462539},"median":{"confidence_interval":{"confidence_level":0.95,"lower_bound":19858290.5,"upper_bound":20139463.0},"point_estimate":20004762.0,"standard_error":77963.23715037864},"median_abs_dev":{"confidence_interval":{"confidence_level":0.95,"lower_bound":462356.21479153633,"upper_bound":869338.5066461554},"point_estimate":667572.2669482213,"standard_error":106610.7566756058},"slope":null,"std_dev":{"confidence_interval":{"confidence_level":0.95,"lower_bound":592974.8971494724,"upper_bound":1185358.0041815597},"point_estimate":880111.0278782841,"standard_error":157445.5397661461}}