{"mean":{"confidence_interval":{"confidence_level":0.95,"lower_bound":13516838.4974375,"upper_bound":13685921.4},"point_estimate":13601211.565,"standard_error":43121.23576267673},"median":{"confidence_interval":{"confidence_level":0.95,"lower_bound":13436839.625,"upper_bound":13754500.5},"point_estimate":13654445.25,"standard_error":93172.74527477681},"median_abs_dev":{"confidence_interval":{"confidence_level":0.95,"lower_bound":379727.9530584812,"upper_bound":583104.6608003227},"point_estimate":501442.1832226217,"standard_error":53224.34920054492},"slope":null,"std_dev":{"confidence_interval":{"confidence_level":0.95,"lower_bound":382690.56403101824,"upper_bound":479774.58533907565},"point_estimate":434348.79458115576,"standard_error":24690.900423823907}}