{"mean":{"confidence_interval":{"confidence_level":0.95,"lower_bound":10644786.888549998,"upper_bound":10788507.277399998},"point_estimate":10715001.597999996,"standard_error":36633.24004911527},"median":{"confidence_interval":{"confidence_level":0.95,"lower_bound":10566388.600000001,"upper_bound":10744804.2},"point_estimate":10610096.7,"standard_error":51484.55926184843},"median_abs_dev":{"confidence_interval":{"confidence_level":0.95,"lower_bound":249797.33916521072,"upper_bound":378176.56044602476},"point_estimate":321802.92034685693,"standard_error":31232.844726787007},"slope":null,"std_dev":{"confidence_interval":{"confidence_level":0.95,"lower_bound":296290.8644567834,"upper_bound":438651.751530524},"point_estimate":369049.96959070547,"standard_error":36430.799643262304}}