{"mean":{"confidence_interval":{"confidence_level":0.95,"lower_bound":2612493869.31175,"upper_bound":2636834740.1477504},"point_estimate":2624991174.1,"standard_error":6197632.879128923},"median":{"confidence_interval":{"confidence_level":0.95,"lower_bound":2631401571.0,"upper_bound":2647696566.0},"point_estimate":2641980797.5,"standard_error":5027366.487073125},"median_abs_dev":{"confidence_interval":{"confidence_level":0.95,"lower_bound":28125408.534774184,"upper_bound":55097231.9755286},"point_estimate":37958444.4794029,"standard_error":7303231.256684138},"slope":null,"std_dev":{"confidence_interval":{"confidence_level":0.95,"lower_bound":52739748.27177677,"upper_bound":70682845.95003256},"point_estimate":62657921.644046165,"standard_error":4579146.962347155}}