{"mean":{"confidence_interval":{"confidence_level":0.95,"lower_bound":23889479.273333326,"upper_bound":24287005.201750007},"point_estimate":24091016.693333324,"standard_error":101505.6779348512},"median":{"confidence_interval":{"confidence_level":0.95,"lower_bound":23938761.333333332,"upper_bound":24559158.666666668},"point_estimate":24493983.0,"standard_error":171043.73085053125},"median_abs_dev":{"confidence_interval":{"confidence_level":0.95,"lower_bound":708237.5132262725,"upper_bound":1274400.794469863},"point_estimate":860912.6933157435,"standard_error":165691.97057167487},"slope":null,"std_dev":{"confidence_interval":{"confidence_level":0.95,"lower_bound":887157.5166009892,"upper_bound":1129098.5440893995},"point_estimate":1019564.3267424988,"standard_error":61732.16977067385}}