{"mean":{"confidence_interval":{"confidence_level":0.95,"lower_bound":202336006.86,"upper_bound":205507316.54},"point_estimate":203927795.16,"standard_error":806814.4522356333},"median":{"confidence_interval":{"confidence_level":0.95,"lower_bound":201484703.5,"upper_bound":206769959.0},"point_estimate":202951744.0,"standard_error":1409561.5314395619},"median_abs_dev":{"confidence_interval":{"confidence_level":0.95,"lower_bound":7192086.54191494,"upper_bound":11055412.194827199},"point_estimate":9549809.682556987,"standard_error":1000103.6458751673},"slope":null,"std_dev":{"confidence_interval":{"confidence_level":0.95,"lower_bound":7174338.538381516,"upper_bound":9058606.977669777},"point_estimate":8173939.68546965,"standard_error":479971.693254558}}