{"mean":{"confidence_interval":{"confidence_level":0.95,"lower_bound":9276490543.34775,"upper_bound":9409442961.4},"point_estimate":9342581248.74,"standard_error":33944598.22190574},"median":{"confidence_interval":{"confidence_level":0.95,"lower_bound":9243428184.0,"upper_bound":9403672875.5},"point_estimate":9305670469.5,"standard_error":44832930.63147097},"median_abs_dev":{"confidence_interval":{"confidence_level":0.95,"lower_bound":272801754.7284007,"upper_bound":432516538.9176963},"point_estimate":356344692.4305171,"standard_error":41189495.511156246},"slope":null,"std_dev":{"confidence_interval":{"confidence_level":0.95,"lower_bound":292501612.7583794,"upper_bound":385203365.7446962},"point_estimate":340419932.30058604,"standard_error":23666273.621951673}}