{"mean":{"confidence_interval":{"confidence_level":0.95,"lower_bound":2802082711.1782503,"upper_bound":2877394966.9855003},"point_estimate":2839717958.7,"standard_error":19182540.84654356},"median":{"confidence_interval":{"confidence_level":0.95,"lower_bound":2820477686.5,"upper_bound":2873785586.0},"point_estimate":2844469089.0,"standard_error":12848103.230307268},"median_abs_dev":{"confidence_interval":{"confidence_level":0.95,"lower_bound":85190021.0233748,"upper_bound":197126508.8089049},"point_estimate":134359713.03953826,"standard_error":29223988.393674184},"slope":null,"std_dev":{"confidence_interval":{"confidence_level":0.95,"lower_bound":165239544.9435599,"upper_bound":218014937.8401374},"point_estimate":193290059.76369116,"standard_error":13452864.427482964}}