{"mean":{"confidence_interval":{"confidence_level":0.95,"lower_bound":36642305.5,"upper_bound":37011491.825125},"point_estimate":36825987.18,"standard_error":94061.44684774335},"median":{"confidence_interval":{"confidence_level":0.95,"lower_bound":36565053.5,"upper_bound":37029530.5},"point_estimate":36686616.75,"standard_error":114979.45336583594},"median_abs_dev":{"confidence_interval":{"confidence_level":0.95,"lower_bound":737669.0995037556,"upper_bound":1220520.4056814313},"point_estimate":973098.9329740405,"standard_error":126548.15612890133},"slope":null,"std_dev":{"confidence_interval":{"confidence_level":0.95,"lower_bound":833210.3945137215,"upper_bound":1049459.464634628},"point_estimate":948784.4031943302,"standard_error":55187.63006872386}}