{"mean":{"confidence_interval":{"confidence_level":0.95,"lower_bound":54046952.06,"upper_bound":55545397.729499996},"point_estimate":54792097.32,"standard_error":381781.86117015354},"median":{"confidence_interval":{"confidence_level":0.95,"lower_bound":53455506.0,"upper_bound":55835338.0},"point_estimate":55001014.0,"standard_error":593158.9333560927},"median_abs_dev":{"confidence_interval":{"confidence_level":0.95,"lower_bound":2925770.2010571957,"upper_bound":4757919.805330038},"point_estimate":3915765.9552812576,"standard_error":467118.8822340364},"slope":null,"std_dev":{"confidence_interval":{"confidence_level":0.95,"lower_bound":3307750.863921333,"upper_bound":4302746.035233621},"point_estimate":3835396.3390297648,"standard_error":254117.01942504753}}