{"mean":{"confidence_interval":{"confidence_level":0.95,"lower_bound":55307028.15975,"upper_bound":56409380.953},"point_estimate":55851610.62,"standard_error":281494.67904369696},"median":{"confidence_interval":{"confidence_level":0.95,"lower_bound":55153638.5,"upper_bound":56249980.0},"point_estimate":55915432.5,"standard_error":318473.82411692006},"median_abs_dev":{"confidence_interval":{"confidence_level":0.95,"lower_bound":2039968.6077833176,"upper_bound":3693857.2667784225},"point_estimate":2952419.9355840683,"standard_error":442967.67621525156},"slope":null,"std_dev":{"confidence_interval":{"confidence_level":0.95,"lower_bound":2412019.2591533316,"upper_bound":3209536.338272761},"point_estimate":2828916.6042811605,"standard_error":202980.42079087134}}