{"mean":{"confidence_interval":{"confidence_level":0.95,"lower_bound":185545337.965,"upper_bound":191955293.90374997},"point_estimate":188724657.76,"standard_error":1640199.6400974917},"median":{"confidence_interval":{"confidence_level":0.95,"lower_bound":181190225.0,"upper_bound":192757893.0},"point_estimate":186518421.5,"standard_error":3007283.074995403},"median_abs_dev":{"confidence_interval":{"confidence_level":0.95,"lower_bound":15374691.454544663,"upper_bound":24475055.402880907},"point_estimate":21123289.751386642,"standard_error":2351538.4803566756},"slope":null,"std_dev":{"confidence_interval":{"confidence_level":0.95,"lower_bound":14842935.24438923,"upper_bound":17780641.237413663},"point_estimate":16419873.657852514,"standard_error":745031.9878083672}}