{"mean":{"confidence_interval":{"confidence_level":0.95,"lower_bound":130140240.7,"upper_bound":134275241.9},"point_estimate":132196626.41,"standard_error":1056654.4997964199},"median":{"confidence_interval":{"confidence_level":0.95,"lower_bound":128349685.0,"upper_bound":134481069.0},"point_estimate":129985463.5,"standard_error":1781719.0405024248},"median_abs_dev":{"confidence_interval":{"confidence_level":0.95,"lower_bound":8687182.609471679,"upper_bound":13963577.262496948},"point_estimate":10977595.711308718,"standard_error":1283552.232216504},"slope":null,"std_dev":{"confidence_interval":{"confidence_level":0.95,"lower_bound":9137390.832818694,"upper_bound":11911126.715858905},"point_estimate":10580004.85314394,"standard_error":708878.3211910712}}