{"mean":{"confidence_interval":{"confidence_level":0.95,"lower_bound":866660108.1014999,"upper_bound":868942115.30825},"point_estimate":867784428.06,"standard_error":581379.967751778},"median":{"confidence_interval":{"confidence_level":0.95,"lower_bound":865542320.5,"upper_bound":867680497.0},"point_estimate":866433257.5,"standard_error":488213.00150518946},"median_abs_dev":{"confidence_interval":{"confidence_level":0.95,"lower_bound":3653779.4204324484,"upper_bound":6494208.943104744},"point_estimate":4862328.2019764185,"standard_error":767381.5243374498},"slope":null,"std_dev":{"confidence_interval":{"confidence_level":0.95,"lower_bound":5023647.894125451,"upper_bound":6552285.347453412},"point_estimate":5836039.164606854,"standard_error":389665.56915369094}}