{"mean":{"confidence_interval":{"confidence_level":0.95,"lower_bound":8358672.746125002,"upper_bound":8439870.451666662},"point_estimate":8397415.935000002,"standard_error":20658.86804275442},"median":{"confidence_interval":{"confidence_level":0.95,"lower_bound":8380522.75,"upper_bound":8439086.0},"point_estimate":8419252.833333332,"standard_error":13229.671965580501},"median_abs_dev":{"confidence_interval":{"confidence_level":0.95,"lower_bound":101427.25874930758,"upper_bound":204467.33916997863},"point_estimate":145434.1618180268,"standard_error":25280.479160679646},"slope":null,"std_dev":{"confidence_interval":{"confidence_level":0.95,"lower_bound":144404.48609342324,"upper_bound":273229.4919742935},"point_estimate":207749.9685187604,"standard_error":33930.47954951076}}