{"mean":{"confidence_interval":{"confidence_level":0.95,"lower_bound":124519599.52,"upper_bound":125478006.1335},"point_estimate":124978955.03,"standard_error":243707.24055453288},"median":{"confidence_interval":{"confidence_level":0.95,"lower_bound":123865416.0,"upper_bound":124483310.0},"point_estimate":124144745.0,"standard_error":163826.3147567827},"median_abs_dev":{"confidence_interval":{"confidence_level":0.95,"lower_bound":887321.9995468863,"upper_bound":1610312.6180112362},"point_estimate":1216819.465497136,"standard_error":189274.7317065228},"slope":null,"std_dev":{"confidence_interval":{"confidence_level":0.95,"lower_bound":1970401.1073554116,"upper_bound":2867509.6242145603},"point_estimate":2446045.1446524346,"standard_error":228708.5217249293}}