{"mean":{"confidence_interval":{"confidence_level":0.95,"lower_bound":16314733.2425,"upper_bound":16552594.933999998},"point_estimate":16431961.005,"standard_error":60484.866890022495},"median":{"confidence_interval":{"confidence_level":0.95,"lower_bound":16313233.875,"upper_bound":16506898.25},"point_estimate":16391166.25,"standard_error":45455.039540760015},"median_abs_dev":{"confidence_interval":{"confidence_level":0.95,"lower_bound":434840.8272050321,"upper_bound":804659.4526894391},"point_estimate":589616.2954822183,"standard_error":107140.70308383828},"slope":null,"std_dev":{"confidence_interval":{"confidence_level":0.95,"lower_bound":532757.5656659501,"upper_bound":680025.4364109429},"point_estimate":611050.38022458,"standard_error":37759.8225942301}}