{"mean":{"confidence_interval":{"confidence_level":0.95,"lower_bound":186893397.5,"upper_bound":194805838.501},"point_estimate":190781974.37,"standard_error":2020504.179540886},"median":{"confidence_interval":{"confidence_level":0.95,"lower_bound":187894942.5,"upper_bound":194019327.0},"point_estimate":192072511.5,"standard_error":1536949.3131374246},"median_abs_dev":{"confidence_interval":{"confidence_level":0.95,"lower_bound":11342892.036223412,"upper_bound":19939857.69599676},"point_estimate":15431860.50952971,"standard_error":2208482.3709553382},"slope":null,"std_dev":{"confidence_interval":{"confidence_level":0.95,"lower_bound":15784019.827966202,"upper_bound":24589551.268745404},"point_estimate":20288489.08590757,"standard_error":2256075.68788163}}