{"mean":{"confidence_interval":{"confidence_level":0.95,"lower_bound":211238002.944,"upper_bound":214721384.43625},"point_estimate":212985274.8,"standard_error":891320.4662766791},"median":{"confidence_interval":{"confidence_level":0.95,"lower_bound":209420211.0,"upper_bound":215661104.0},"point_estimate":212033218.5,"standard_error":1713624.5590020954},"median_abs_dev":{"confidence_interval":{"confidence_level":0.95,"lower_bound":7134518.667536974,"upper_bound":11241516.29782319},"point_estimate":8677404.862645268,"standard_error":1043812.4592939995},"slope":null,"std_dev":{"confidence_interval":{"confidence_level":0.95,"lower_bound":7786414.544982525,"upper_bound":10100444.045123756},"point_estimate":8989589.823913092,"standard_error":590507.2389874915}}