{"mean":{"confidence_interval":{"confidence_level":0.95,"lower_bound":1668806925.12275,"upper_bound":1765183422.3597498},"point_estimate":1715846172.63,"standard_error":24537246.209674772},"median":{"confidence_interval":{"confidence_level":0.95,"lower_bound":1643229834.0,"upper_bound":1741757130.5},"point_estimate":1708413473.5,"standard_error":25642216.945491925},"median_abs_dev":{"confidence_interval":{"confidence_level":0.95,"lower_bound":164146310.35172045,"upper_bound":260723995.7066238},"point_estimate":215846860.5682522,"standard_error":24826380.844213292},"slope":null,"std_dev":{"confidence_interval":{"confidence_level":0.95,"lower_bound":191721358.98029444,"upper_bound":299101820.11407816},"point_estimate":245945855.22811958,"standard_error":27679149.60741265}}