{"mean":{"confidence_interval":{"confidence_level":0.95,"lower_bound":11512987380.91675,"upper_bound":11548456615.324501},"point_estimate":11530612450.44,"standard_error":9050832.35339558},"median":{"confidence_interval":{"confidence_level":0.95,"lower_bound":11489551856.5,"upper_bound":11555662872.0},"point_estimate":11521871509.5,"standard_error":15122345.271087013},"median_abs_dev":{"confidence_interval":{"confidence_level":0.95,"lower_bound":79601575.02893955,"upper_bound":118794644.94392595},"point_estimate":103734342.20524728,"standard_error":10068670.090149429},"slope":null,"std_dev":{"confidence_interval":{"confidence_level":0.95,"lower_bound":79460623.43973047,"upper_bound":100672706.46226089},"point_estimate":90736396.40774065,"standard_error":5394052.413827143}}