{"mean":{"confidence_interval":{"confidence_level":0.95,"lower_bound":1578807408.047,"upper_bound":1670181936.66},"point_estimate":1625230862.49,"standard_error":23354173.196352858},"median":{"confidence_interval":{"confidence_level":0.95,"lower_bound":1603421635.5,"upper_bound":1739331360.0},"point_estimate":1698940127.0,"standard_error":40132653.39174493},"median_abs_dev":{"confidence_interval":{"confidence_level":0.95,"lower_bound":156975594.7471261,"upper_bound":296674090.987882},"point_estimate":238099595.72088718,"standard_error":38586413.28517451},"slope":null,"std_dev":{"confidence_interval":{"confidence_level":0.95,"lower_bound":197000826.72566497,"upper_bound":272016659.0236089},"point_estimate":234152211.7520161,"standard_error":19299956.513687853}}