{"mean":{"confidence_interval":{"confidence_level":0.95,"lower_bound":35642316.084125,"upper_bound":36181185.065},"point_estimate":35896643.505,"standard_error":137451.47309640376},"median":{"confidence_interval":{"confidence_level":0.95,"lower_bound":35402871.5,"upper_bound":35994864.5},"point_estimate":35678558.5,"standard_error":149084.38505546356},"median_abs_dev":{"confidence_interval":{"confidence_level":0.95,"lower_bound":871725.0478237867,"upper_bound":1342529.1172653437},"point_estimate":1104674.4915381074,"standard_error":119522.24650786335},"slope":null,"std_dev":{"confidence_interval":{"confidence_level":0.95,"lower_bound":980253.1629332866,"upper_bound":1837165.6584334166},"point_estimate":1379409.4363218925,"standard_error":235124.93660126312}}