{"mean":{"confidence_interval":{"confidence_level":0.95,"lower_bound":3013312847.97175,"upper_bound":3082974450.469},"point_estimate":3048179953.12,"standard_error":17827603.30886471},"median":{"confidence_interval":{"confidence_level":0.95,"lower_bound":3042989070.0,"upper_bound":3109404488.0},"point_estimate":3075460851.0,"standard_error":16289557.823625224},"median_abs_dev":{"confidence_interval":{"confidence_level":0.95,"lower_bound":106500832.98463225,"upper_bound":202838913.8195915},"point_estimate":148743168.54498088,"standard_error":23645081.854739457},"slope":null,"std_dev":{"confidence_interval":{"confidence_level":0.95,"lower_bound":155605276.8219704,"upper_bound":200265648.97523457},"point_estimate":179385595.92533842,"standard_error":11418723.968635794}}