{"mean":{"confidence_interval":{"confidence_level":0.95,"lower_bound":77675109.9805,"upper_bound":80459253.29724999},"point_estimate":79039333.85,"standard_error":709519.3315321935},"median":{"confidence_interval":{"confidence_level":0.95,"lower_bound":76903153.0,"upper_bound":80050099.5},"point_estimate":78217833.5,"standard_error":862858.4456610385},"median_abs_dev":{"confidence_interval":{"confidence_level":0.95,"lower_bound":4421643.892300129,"upper_bound":7361919.851499796},"point_estimate":5756225.5324065685,"standard_error":734284.1844258436},"slope":null,"std_dev":{"confidence_interval":{"confidence_level":0.95,"lower_bound":5758623.176910295,"upper_bound":8569245.98687345},"point_estimate":7134129.972922794,"standard_error":724262.4750306219}}