{"mean":{"confidence_interval":{"confidence_level":0.95,"lower_bound":27949571.22,"upper_bound":28638188.889625},"point_estimate":28284970.72,"standard_error":176437.41032374208},"median":{"confidence_interval":{"confidence_level":0.95,"lower_bound":27547131.75,"upper_bound":28344305.0},"point_estimate":28009772.25,"standard_error":170727.87474877888},"median_abs_dev":{"confidence_interval":{"confidence_level":0.95,"lower_bound":936462.581083216,"upper_bound":1700220.2510238062},"point_estimate":1349989.9309828877,"standard_error":195758.78125911125},"slope":null,"std_dev":{"confidence_interval":{"confidence_level":0.95,"lower_bound":1414486.4939441145,"upper_bound":2102367.6765575456},"point_estimate":1772371.901350008,"standard_error":176177.35597068354}}