{"mean":{"confidence_interval":{"confidence_level":0.95,"lower_bound":13371792.6423125,"upper_bound":13656495.0539375},"point_estimate":13510335.0925,"standard_error":72490.58101890114},"median":{"confidence_interval":{"confidence_level":0.95,"lower_bound":13298793.25,"upper_bound":13553233.0},"point_estimate":13459691.375,"standard_error":60816.75441488002},"median_abs_dev":{"confidence_interval":{"confidence_level":0.95,"lower_bound":445478.6673411727,"upper_bound":720433.643153496},"point_estimate":597500.762142241,"standard_error":69726.93181507458},"slope":null,"std_dev":{"confidence_interval":{"confidence_level":0.95,"lower_bound":569635.821242461,"upper_bound":890328.8022268165},"point_estimate":729283.3884675242,"standard_error":83004.32007328072}}