{"mean":{"confidence_interval":{"confidence_level":0.95,"lower_bound":16090115.6425,"upper_bound":16352697.431},"point_estimate":16221978.51,"standard_error":66906.67526231329},"median":{"confidence_interval":{"confidence_level":0.95,"lower_bound":16019515.25,"upper_bound":16412024.0},"point_estimate":16230517.25,"standard_error":85837.1197331805},"median_abs_dev":{"confidence_interval":{"confidence_level":0.95,"lower_bound":546083.268430084,"upper_bound":901732.6489010445},"point_estimate":701265.3397500515,"standard_error":92250.8623866379},"slope":null,"std_dev":{"confidence_interval":{"confidence_level":0.95,"lower_bound":588251.2204112929,"upper_bound":746193.5105924935},"point_estimate":671914.8129775025,"standard_error":40109.51658763225}}