{"mean":{"confidence_interval":{"confidence_level":0.95,"lower_bound":36255750.892,"upper_bound":36654283.401625},"point_estimate":36455246.455,"standard_error":101681.55601036506},"median":{"confidence_interval":{"confidence_level":0.95,"lower_bound":36128840.5,"upper_bound":36833084.0},"point_estimate":36338789.25,"standard_error":196814.523312578},"median_abs_dev":{"confidence_interval":{"confidence_level":0.95,"lower_bound":891359.035878964,"upper_bound":1298955.8746889234},"point_estimate":1148697.7032065392,"standard_error":101040.55846756013},"slope":null,"std_dev":{"confidence_interval":{"confidence_level":0.95,"lower_bound":886541.0078352211,"upper_bound":1145376.6931967426},"point_estimate":1022857.2819060227,"standard_error":66292.9245927954}}