{"mean":{"confidence_interval":{"confidence_level":0.95,"lower_bound":1075174667.3999999,"upper_bound":1161826845.3195},"point_estimate":1118089863.88,"standard_error":22108325.781451464},"median":{"confidence_interval":{"confidence_level":0.95,"lower_bound":1068601400.0,"upper_bound":1139443275.0},"point_estimate":1107641708.0,"standard_error":19207600.224627897},"median_abs_dev":{"confidence_interval":{"confidence_level":0.95,"lower_bound":138367577.36388445,"upper_bound":231767515.0153041},"point_estimate":185039298.95359576,"standard_error":23502524.83500078},"slope":null,"std_dev":{"confidence_interval":{"confidence_level":0.95,"lower_bound":187141713.49342674,"upper_bound":254535092.18794435},"point_estimate":222955029.83930323,"standard_error":17245239.71931281}}