{"mean":{"confidence_interval":{"confidence_level":0.95,"lower_bound":146204075.08575,"upper_bound":150418871.3125},"point_estimate":148337172.98,"standard_error":1078478.599935151},"median":{"confidence_interval":{"confidence_level":0.95,"lower_bound":146185017.5,"upper_bound":151846559.0},"point_estimate":149307305.0,"standard_error":1765671.3289559768},"median_abs_dev":{"confidence_interval":{"confidence_level":0.95,"lower_bound":7693322.34722123,"upper_bound":12954345.514914393},"point_estimate":10311353.089436889,"standard_error":1421823.9261584377},"slope":null,"std_dev":{"confidence_interval":{"confidence_level":0.95,"lower_bound":9226593.538374754,"upper_bound":12258742.361820754},"point_estimate":10805729.206154637,"standard_error":775324.7697120097}}