{"mean":{"confidence_interval":{"confidence_level":0.95,"lower_bound":334417599.27,"upper_bound":344466698.17},"point_estimate":339382778.64,"standard_error":2571799.112133025},"median":{"confidence_interval":{"confidence_level":0.95,"lower_bound":328698935.0,"upper_bound":344417765.0},"point_estimate":337528443.5,"standard_error":4108429.60109048},"median_abs_dev":{"confidence_interval":{"confidence_level":0.95,"lower_bound":20570772.925695777,"upper_bound":34012140.6711638},"point_estimate":26572875.80293715,"standard_error":3608363.994864108},"slope":null,"std_dev":{"confidence_interval":{"confidence_level":0.95,"lower_bound":22486937.008276504,"upper_bound":28817530.527162828},"point_estimate":25847600.410123657,"standard_error":1616683.1448336348}}