{"mean":{"confidence_interval":{"confidence_level":0.95,"lower_bound":39896887.47625,"upper_bound":40299044.231},"point_estimate":40096645.84,"standard_error":102525.53155287454},"median":{"confidence_interval":{"confidence_level":0.95,"lower_bound":39798935.5,"upper_bound":40298971.5},"point_estimate":40088939.75,"standard_error":121477.47815955647},"median_abs_dev":{"confidence_interval":{"confidence_level":0.95,"lower_bound":707033.0242976546,"upper_bound":1177176.243333444},"point_estimate":915814.976491034,"standard_error":121469.18142272386},"slope":null,"std_dev":{"confidence_interval":{"confidence_level":0.95,"lower_bound":868190.1941133752,"upper_bound":1166072.3281378697},"point_estimate":1025144.4015710119,"standard_error":76099.4614072682}}