{"mean":{"confidence_interval":{"confidence_level":0.95,"lower_bound":41100254.280375,"upper_bound":41534971.403375},"point_estimate":41316491.99,"standard_error":110927.7629135972},"median":{"confidence_interval":{"confidence_level":0.95,"lower_bound":40906972.0,"upper_bound":41705254.5},"point_estimate":41325001.25,"standard_error":205897.75447681925},"median_abs_dev":{"confidence_interval":{"confidence_level":0.95,"lower_bound":942797.1840620041,"upper_bound":1392435.285629332},"point_estimate":1144746.5742766857,"standard_error":111983.05964537863},"slope":null,"std_dev":{"confidence_interval":{"confidence_level":0.95,"lower_bound":949535.0734751233,"upper_bound":1278953.9958960281},"point_estimate":1114749.5716417565,"standard_error":84400.78034451538}}