{"mean":{"confidence_interval":{"confidence_level":0.95,"lower_bound":95047585.3045,"upper_bound":96586948.942},"point_estimate":95807144.54,"standard_error":393088.4235808264},"median":{"confidence_interval":{"confidence_level":0.95,"lower_bound":94156545.0,"upper_bound":96274307.0},"point_estimate":95294574.5,"standard_error":527601.1081814665},"median_abs_dev":{"confidence_interval":{"confidence_level":0.95,"lower_bound":2635087.9437178373,"upper_bound":4390762.817448378},"point_estimate":3395004.197126627,"standard_error":448603.51528127224},"slope":null,"std_dev":{"confidence_interval":{"confidence_level":0.95,"lower_bound":3325282.7435615603,"upper_bound":4484271.722073304},"point_estimate":3939333.3783121696,"standard_error":296115.2556500351}}