{"mean":{"confidence_interval":{"confidence_level":0.95,"lower_bound":283483046.51025003,"upper_bound":285713144.60375},"point_estimate":284602205.01,"standard_error":570920.6559740779},"median":{"confidence_interval":{"confidence_level":0.95,"lower_bound":283045492.0,"upper_bound":286448194.0},"point_estimate":285296844.0,"standard_error":795077.5270022185},"median_abs_dev":{"confidence_interval":{"confidence_level":0.95,"lower_bound":4416214.611196518,"upper_bound":7019475.155031904},"point_estimate":5590992.730540037,"standard_error":666842.4132670802},"slope":null,"std_dev":{"confidence_interval":{"confidence_level":0.95,"lower_bound":4772742.179034768,"upper_bound":6610154.8767104335},"point_estimate":5711002.720976774,"standard_error":470216.2095395517}}