{"mean":{"confidence_interval":{"confidence_level":0.95,"lower_bound":184702439.38224998,"upper_bound":190998402.01475},"point_estimate":187872530.43,"standard_error":1609859.9523589155},"median":{"confidence_interval":{"confidence_level":0.95,"lower_bound":182370501.5,"upper_bound":194992166.0},"point_estimate":190560510.5,"standard_error":3485270.638109741},"median_abs_dev":{"confidence_interval":{"confidence_level":0.95,"lower_bound":15551876.236099005,"upper_bound":23354094.179981947},"point_estimate":20311035.495007038,"standard_error":1923393.8527257536},"slope":null,"std_dev":{"confidence_interval":{"confidence_level":0.95,"lower_bound":14592150.073703928,"upper_bound":17567343.093243856},"point_estimate":16188263.546691978,"standard_error":756218.0815574059}}