{"mean":{"confidence_interval":{"confidence_level":0.95,"lower_bound":17814136.473666668,"upper_bound":18193691.10716667},"point_estimate":18005857.49333334,"standard_error":97149.45340670725},"median":{"confidence_interval":{"confidence_level":0.95,"lower_bound":17838066.666666668,"upper_bound":18398514.666666668},"point_estimate":18134357.5,"standard_error":120733.25843076613},"median_abs_dev":{"confidence_interval":{"confidence_level":0.95,"lower_bound":813130.108491555,"upper_bound":1300213.2430166015},"point_estimate":1134535.9082579613,"standard_error":127561.21697428724},"slope":null,"std_dev":{"confidence_interval":{"confidence_level":0.95,"lower_bound":840347.5438732816,"upper_bound":1098375.3378794785},"point_estimate":975031.6554022757,"standard_error":65818.96210243327}}