{"mean":{"confidence_interval":{"confidence_level":0.95,"lower_bound":73912070.3835,"upper_bound":75928666.19325},"point_estimate":74922659.02,"standard_error":516205.7828603007},"median":{"confidence_interval":{"confidence_level":0.95,"lower_bound":74026441.0,"upper_bound":76256534.0},"point_estimate":75283834.5,"standard_error":486767.8468116953},"median_abs_dev":{"confidence_interval":{"confidence_level":0.95,"lower_bound":3732627.79353261,"upper_bound":6280638.93429637},"point_estimate":4968839.666685462,"standard_error":642640.6021084134},"slope":null,"std_dev":{"confidence_interval":{"confidence_level":0.95,"lower_bound":4445994.913651649,"upper_bound":5830449.055071918},"point_estimate":5170469.532992548,"standard_error":353147.76622263645}}