{"mean":{"confidence_interval":{"confidence_level":0.95,"lower_bound":300504434.37,"upper_bound":309414634.64949995},"point_estimate":304829218.54,"standard_error":2276612.2711001798},"median":{"confidence_interval":{"confidence_level":0.95,"lower_bound":294862077.0,"upper_bound":303958469.5},"point_estimate":297983450.5,"standard_error":2307042.3524664724},"median_abs_dev":{"confidence_interval":{"confidence_level":0.95,"lower_bound":12523357.409065962,"upper_bound":22352004.85777259},"point_estimate":16212357.474473119,"standard_error":2360576.587180715},"slope":null,"std_dev":{"confidence_interval":{"confidence_level":0.95,"lower_bound":18729121.33277837,"upper_bound":26485122.98488062},"point_estimate":22965641.152111907,"standard_error":1988587.0098863502}}