{"mean":{"confidence_interval":{"confidence_level":0.95,"lower_bound":194533083.44575003,"upper_bound":212263531.2255},"point_estimate":203377769.93,"standard_error":4512769.404118467},"median":{"confidence_interval":{"confidence_level":0.95,"lower_bound":189156884.0,"upper_bound":216735725.0},"point_estimate":209566111.5,"standard_error":8073841.49574353},"median_abs_dev":{"confidence_interval":{"confidence_level":0.95,"lower_bound":42418098.52852821,"upper_bound":69580279.6516031},"point_estimate":56765266.65831506,"standard_error":7101660.107267422},"slope":null,"std_dev":{"confidence_interval":{"confidence_level":0.95,"lower_bound":40786132.34549331,"upper_bound":49668090.808047414},"point_estimate":45497659.71167887,"standard_error":2261343.734135399}}