{"mean":{"confidence_interval":{"confidence_level":0.95,"lower_bound":70194079.55025001,"upper_bound":72232419.794},"point_estimate":71190611.39,"standard_error":521548.07763478695},"median":{"confidence_interval":{"confidence_level":0.95,"lower_bound":69366646.0,"upper_bound":71380382.0},"point_estimate":70037133.5,"standard_error":552867.4378528311},"median_abs_dev":{"confidence_interval":{"confidence_level":0.95,"lower_bound":3286135.3984594345,"upper_bound":5442486.269459053},"point_estimate":4149774.346026778,"standard_error":540812.9693001604},"slope":null,"std_dev":{"confidence_interval":{"confidence_level":0.95,"lower_bound":4319217.171811585,"upper_bound":6107240.220602695},"point_estimate":5242110.477939432,"standard_error":458938.96703243593}}