{"mean":{"confidence_interval":{"confidence_level":0.95,"lower_bound":196186021.66225,"upper_bound":214767784.91825},"point_estimate":205386846.73,"standard_error":4753588.937083293},"median":{"confidence_interval":{"confidence_level":0.95,"lower_bound":185203536.5,"upper_bound":221411904.0},"point_estimate":204686396.5,"standard_error":11047730.234235493},"median_abs_dev":{"confidence_interval":{"confidence_level":0.95,"lower_bound":44313650.07514046,"upper_bound":66904226.91463747},"point_estimate":53722207.23204017,"standard_error":5714522.632735401},"slope":null,"std_dev":{"confidence_interval":{"confidence_level":0.95,"lower_bound":42123704.68337529,"upper_bound":52901394.17429529},"point_estimate":47805495.80530343,"standard_error":2743861.69914259}}