{"mean":{"confidence_interval":{"confidence_level":0.95,"lower_bound":32181480.575,"upper_bound":32699066.372375},"point_estimate":32431743.66,"standard_error":131833.58018107037},"median":{"confidence_interval":{"confidence_level":0.95,"lower_bound":31915448.75,"upper_bound":32458465.0},"point_estimate":32194960.75,"standard_error":137785.75095952363},"median_abs_dev":{"confidence_interval":{"confidence_level":0.95,"lower_bound":806799.029776454,"upper_bound":1392089.839835465},"point_estimate":1142659.814813733,"standard_error":154433.99333223078},"slope":null,"std_dev":{"confidence_interval":{"confidence_level":0.95,"lower_bound":1051252.9588458168,"upper_bound":1592215.1164240802},"point_estimate":1320558.829784603,"standard_error":139858.4104376394}}