{"mean":{"confidence_interval":{"confidence_level":0.95,"lower_bound":32821336.093125,"upper_bound":34415268.219375},"point_estimate":33612966.775,"standard_error":406591.9113760832},"median":{"confidence_interval":{"confidence_level":0.95,"lower_bound":31933545.5,"upper_bound":34596249.0},"point_estimate":33256250.75,"standard_error":588663.9264224753},"median_abs_dev":{"confidence_interval":{"confidence_level":0.95,"lower_bound":3223217.274822705,"upper_bound":5055803.050741553},"point_estimate":4063777.6171535254,"standard_error":470323.3158427269},"slope":null,"std_dev":{"confidence_interval":{"confidence_level":0.95,"lower_bound":3542450.948822917,"upper_bound":4580749.960453896},"point_estimate":4086939.113251317,"standard_error":264672.69357115956}}