{"mean":{"confidence_interval":{"confidence_level":0.95,"lower_bound":1937116748.11575,"upper_bound":1979724733.3355},"point_estimate":1958958829.86,"standard_error":10910962.692210369},"median":{"confidence_interval":{"confidence_level":0.95,"lower_bound":1975408617.0,"upper_bound":1998264684.0},"point_estimate":1989464176.0,"standard_error":5727945.621641608},"median_abs_dev":{"confidence_interval":{"confidence_level":0.95,"lower_bound":34129890.039815836,"upper_bound":65033296.757528186},"point_estimate":51086709.34942961,"standard_error":8331615.6974668205},"slope":null,"std_dev":{"confidence_interval":{"confidence_level":0.95,"lower_bound":88434366.75128622,"upper_bound":125464251.05003597},"point_estimate":108923411.14563264,"standard_error":9440321.592546111}}