{"mean":{"confidence_interval":{"confidence_level":0.95,"lower_bound":50040660.02475,"upper_bound":50915173.357499994},"point_estimate":50466729.4,"standard_error":222408.07325378543},"median":{"confidence_interval":{"confidence_level":0.95,"lower_bound":50038568.0,"upper_bound":50947233.0},"point_estimate":50433699.5,"standard_error":224416.9756161421},"median_abs_dev":{"confidence_interval":{"confidence_level":0.95,"lower_bound":1345945.768904686,"upper_bound":2066646.51170969},"point_estimate":1749762.26503551,"standard_error":182264.80372538447},"slope":null,"std_dev":{"confidence_interval":{"confidence_level":0.95,"lower_bound":1702368.8505797824,"upper_bound":2796513.2422383875},"point_estimate":2231043.8824016387,"standard_error":286260.718372006}}