{"mean":{"confidence_interval":{"confidence_level":0.95,"lower_bound":40181121.63,"upper_bound":40490467.008875},"point_estimate":40332052.56,"standard_error":79157.86884344129},"median":{"confidence_interval":{"confidence_level":0.95,"lower_bound":40036587.0,"upper_bound":40346991.75},"point_estimate":40110823.75,"standard_error":83069.41816521625},"median_abs_dev":{"confidence_interval":{"confidence_level":0.95,"lower_bound":391944.9474915862,"upper_bound":753569.9842214584},"point_estimate":589873.1559276581,"standard_error":94540.5754182496},"slope":null,"std_dev":{"confidence_interval":{"confidence_level":0.95,"lower_bound":640568.0425521557,"upper_bound":951061.6263082627},"point_estimate":794788.6327300997,"standard_error":79836.84895373294}}