{"mean":{"confidence_interval":{"confidence_level":0.95,"lower_bound":47005775.566999994,"upper_bound":48231964.525875},"point_estimate":47607631.23,"standard_error":312012.31726100727},"median":{"confidence_interval":{"confidence_level":0.95,"lower_bound":46939278.0,"upper_bound":47792846.5},"point_estimate":47379236.0,"standard_error":205124.3243845434},"median_abs_dev":{"confidence_interval":{"confidence_level":0.95,"lower_bound":1833994.6999400854,"upper_bound":3086742.7518993616},"point_estimate":2668688.848221302,"standard_error":320008.74268882675},"slope":null,"std_dev":{"confidence_interval":{"confidence_level":0.95,"lower_bound":2505360.3555385573,"upper_bound":3725177.0278472975},"point_estimate":3133000.46767877,"standard_error":312480.68097220536}}