{"mean":{"confidence_interval":{"confidence_level":0.95,"lower_bound":174749429.16375002,"upper_bound":178657293.09},"point_estimate":176706361.16,"standard_error":994486.8672834622},"median":{"confidence_interval":{"confidence_level":0.95,"lower_bound":173877665.0,"upper_bound":178161192.0},"point_estimate":175062751.0,"standard_error":1215687.837255841},"median_abs_dev":{"confidence_interval":{"confidence_level":0.95,"lower_bound":8803014.438915253,"upper_bound":13720800.775507092},"point_estimate":11587004.345789552,"standard_error":1207066.6801717482},"slope":null,"std_dev":{"confidence_interval":{"confidence_level":0.95,"lower_bound":8657537.87177096,"upper_bound":11140312.333190292},"point_estimate":9939358.135747232,"standard_error":631955.7849170226}}