{"mean":{"confidence_interval":{"confidence_level":0.95,"lower_bound":355607068.3065,"upper_bound":361546103.95075},"point_estimate":358526433.21,"standard_error":1513755.7983451418},"median":{"confidence_interval":{"confidence_level":0.95,"lower_bound":354332089.5,"upper_bound":361453595.0},"point_estimate":357305360.5,"standard_error":1955868.0347221093},"median_abs_dev":{"confidence_interval":{"confidence_level":0.95,"lower_bound":11355974.276001157,"upper_bound":18103586.612057086},"point_estimate":14736081.530982256,"standard_error":1691955.9566243647},"slope":null,"std_dev":{"confidence_interval":{"confidence_level":0.95,"lower_bound":12314091.174164955,"upper_bound":18074305.0111181},"point_estimate":15228380.622375974,"standard_error":1481258.5365157085}}