{"mean":{"confidence_interval":{"confidence_level":0.95,"lower_bound":219231166.3425,"upper_bound":220192659.34325},"point_estimate":219696854.41,"standard_error":245713.2648481432},"median":{"confidence_interval":{"confidence_level":0.95,"lower_bound":218825521.0,"upper_bound":219823277.0},"point_estimate":219318520.0,"standard_error":257234.17128051486},"median_abs_dev":{"confidence_interval":{"confidence_level":0.95,"lower_bound":1518437.6767623432,"upper_bound":2381838.370513916},"point_estimate":1951632.3361516,"standard_error":215384.22930870182},"slope":null,"std_dev":{"confidence_interval":{"confidence_level":0.95,"lower_bound":1995687.345309842,"upper_bound":2873280.700439066},"point_estimate":2467845.886618015,"standard_error":225031.28797837274}}