{"mean":{"confidence_interval":{"confidence_level":0.95,"lower_bound":32872362.791249998,"upper_bound":33343075.390875},"point_estimate":33073865.85,"standard_error":121728.72787723353},"median":{"confidence_interval":{"confidence_level":0.95,"lower_bound":32813894.0,"upper_bound":33079291.5},"point_estimate":32918645.25,"standard_error":55330.72151799531},"median_abs_dev":{"confidence_interval":{"confidence_level":0.95,"lower_bound":476990.95913171774,"upper_bound":806754.5795759921},"point_estimate":649117.4802258611,"standard_error":85086.53349140497},"slope":null,"std_dev":{"confidence_interval":{"confidence_level":0.95,"lower_bound":565798.7887880304,"upper_bound":1887592.793222719},"point_estimate":1216115.1291106618,"standard_error":416099.78296401293}}