{"mean":{"confidence_interval":{"confidence_level":0.95,"lower_bound":57656474.85725,"upper_bound":59671624.19},"point_estimate":58674415.06,"standard_error":515978.2105586298},"median":{"confidence_interval":{"confidence_level":0.95,"lower_bound":57908170.5,"upper_bound":60037153.0},"point_estimate":59047633.0,"standard_error":535241.3332231252},"median_abs_dev":{"confidence_interval":{"confidence_level":0.95,"lower_bound":3417575.29912591,"upper_bound":5900515.868344903},"point_estimate":4567686.6614073515,"standard_error":636837.9914756449},"slope":null,"std_dev":{"confidence_interval":{"confidence_level":0.95,"lower_bound":4386593.447069208,"upper_bound":5884409.39459632},"point_estimate":5173804.9498712225,"standard_error":380078.8828521188}}