{"mean":{"confidence_interval":{"confidence_level":0.95,"lower_bound":142072734.187,"upper_bound":146147053.07225},"point_estimate":144109291.33,"standard_error":1042442.2367069614},"median":{"confidence_interval":{"confidence_level":0.95,"lower_bound":140704987.0,"upper_bound":147055187.0},"point_estimate":144267122.5,"standard_error":1856263.8034142195},"median_abs_dev":{"confidence_interval":{"confidence_level":0.95,"lower_bound":9711680.355398213,"upper_bound":15109708.58514905},"point_estimate":13234586.56193912,"standard_error":1381911.2520796028},"slope":null,"std_dev":{"confidence_interval":{"confidence_level":0.95,"lower_bound":9327281.646532517,"upper_bound":11522693.790725922},"point_estimate":10495122.794330087,"standard_error":560556.4747712082}}