{"mean":{"confidence_interval":{"confidence_level":0.95,"lower_bound":5130393016.66925,"upper_bound":5269852941.11025},"point_estimate":5199155907.25,"standard_error":35587154.21705281},"median":{"confidence_interval":{"confidence_level":0.95,"lower_bound":5063664293.0,"upper_bound":5298363765.5},"point_estimate":5189303370.0,"standard_error":68419742.83937484},"median_abs_dev":{"confidence_interval":{"confidence_level":0.95,"lower_bound":280805909.46039855,"upper_bound":439062377.9222846},"point_estimate":359278998.7009227,"standard_error":38587919.1063129},"slope":null,"std_dev":{"confidence_interval":{"confidence_level":0.95,"lower_bound":299564907.97201663,"upper_bound":415591571.07508653},"point_estimate":359006867.06349427,"standard_error":29711846.453651182}}