{"mean":{"confidence_interval":{"confidence_level":0.95,"lower_bound":182244422.01,"upper_bound":187757938.9075},"point_estimate":184994278.82,"standard_error":1403579.8174750248},"median":{"confidence_interval":{"confidence_level":0.95,"lower_bound":180211850.0,"upper_bound":190490147.0},"point_estimate":185400952.0,"standard_error":2740101.1321602724},"median_abs_dev":{"confidence_interval":{"confidence_level":0.95,"lower_bound":13125894.933968782,"upper_bound":19792129.91495444},"point_estimate":17189880.115118623,"standard_error":1683349.5424960162},"slope":null,"std_dev":{"confidence_interval":{"confidence_level":0.95,"lower_bound":12514953.452964181,"upper_bound":15526183.996699652},"point_estimate":14097581.968918057,"standard_error":772180.8194111858}}