{"mean":{"confidence_interval":{"confidence_level":0.95,"lower_bound":136584553.39975,"upper_bound":139516546.97300002},"point_estimate":138049741.5,"standard_error":746274.6861399276},"median":{"confidence_interval":{"confidence_level":0.95,"lower_bound":136661636.5,"upper_bound":139709354.5},"point_estimate":138056904.0,"standard_error":790868.956610016},"median_abs_dev":{"confidence_interval":{"confidence_level":0.95,"lower_bound":6359379.0775984535,"upper_bound":9551491.692227125},"point_estimate":8442449.090516567,"standard_error":820879.7096965765},"slope":null,"std_dev":{"confidence_interval":{"confidence_level":0.95,"lower_bound":6437377.4042259175,"upper_bound":8536635.720641999},"point_estimate":7521306.428765647,"standard_error":537368.774086792}}