{"mean":{"confidence_interval":{"confidence_level":0.95,"lower_bound":47992930.395,"upper_bound":48540317.64475},"point_estimate":48232916.22,"standard_error":140692.5452483108},"median":{"confidence_interval":{"confidence_level":0.95,"lower_bound":47961203.75,"upper_bound":48195528.75},"point_estimate":48056460.0,"standard_error":57469.86515058605},"median_abs_dev":{"confidence_interval":{"confidence_level":0.95,"lower_bound":481184.49315726757,"upper_bound":785457.3738053441},"point_estimate":646684.9043190479,"standard_error":76882.43081382528},"slope":null,"std_dev":{"confidence_interval":{"confidence_level":0.95,"lower_bound":678613.602888017,"upper_bound":2141261.289527711},"point_estimate":1409046.4365877951,"standard_error":421742.0961943551}}