{"mean":{"confidence_interval":{"confidence_level":0.95,"lower_bound":1030593828.17225,"upper_bound":1127629354.59175},"point_estimate":1078201580.77,"standard_error":24752082.365304895},"median":{"confidence_interval":{"confidence_level":0.95,"lower_bound":989894784.5,"upper_bound":1102625787.0},"point_estimate":1041325631.0,"standard_error":32007624.355678},"median_abs_dev":{"confidence_interval":{"confidence_level":0.95,"lower_bound":167273507.60448915,"upper_bound":298355592.8675294},"point_estimate":217302369.73391175,"standard_error":33515727.890312716},"slope":null,"std_dev":{"confidence_interval":{"confidence_level":0.95,"lower_bound":209407045.0562146,"upper_bound":283089997.8823182},"point_estimate":248839692.09472838,"standard_error":18904570.600841865}}