{"mean":{"confidence_interval":{"confidence_level":0.95,"lower_bound":13895173.8168125,"upper_bound":14096196.141},"point_estimate":13993525.6875,"standard_error":51326.105166197456},"median":{"confidence_interval":{"confidence_level":0.95,"lower_bound":13853088.0,"upper_bound":14013947.375},"point_estimate":13936783.625,"standard_error":44665.73572093289},"median_abs_dev":{"confidence_interval":{"confidence_level":0.95,"lower_bound":266262.9091478884,"upper_bound":468489.1749076545},"point_estimate":342166.09740033746,"standard_error":51669.29077547561},"slope":null,"std_dev":{"confidence_interval":{"confidence_level":0.95,"lower_bound":409631.800800637,"upper_bound":616102.0699157316},"point_estimate":516248.71872698434,"standard_error":52875.585051663635}}