{"mean":{"confidence_interval":{"confidence_level":0.95,"lower_bound":67494339.06625001,"upper_bound":136178079.40025},"point_estimate":90791025.83,"standard_error":22116060.151796047},"median":{"confidence_interval":{"confidence_level":0.95,"lower_bound":66984374.5,"upper_bound":69554523.5},"point_estimate":68138468.5,"standard_error":720624.9087758518},"median_abs_dev":{"confidence_interval":{"confidence_level":0.95,"lower_bound":4892198.884946108,"upper_bound":8170516.626406827},"point_estimate":6253576.295676827,"standard_error":831940.4551364229},"slope":null,"std_dev":{"confidence_interval":{"confidence_level":0.95,"lower_bound":6225308.257309863,"upper_bound":382221140.18560237},"point_estimate":222925099.53839204,"standard_error":136861076.80018455}}