{"mean":{"confidence_interval":{"confidence_level":0.95,"lower_bound":70696890.191,"upper_bound":72972732.79625},"point_estimate":71846656.78,"standard_error":581534.1465713934},"median":{"confidence_interval":{"confidence_level":0.95,"lower_bound":70955676.0,"upper_bound":73452019.0},"point_estimate":72150612.5,"standard_error":560442.2388861497},"median_abs_dev":{"confidence_interval":{"confidence_level":0.95,"lower_bound":4337922.954386473,"upper_bound":7199922.082775831},"point_estimate":5693412.960621715,"standard_error":700563.447792184},"slope":null,"std_dev":{"confidence_interval":{"confidence_level":0.95,"lower_bound":4925391.449954158,"upper_bound":6652949.929974315},"point_estimate":5836170.033090961,"standard_error":440472.94572736934}}