{"mean":{"confidence_interval":{"confidence_level":0.95,"lower_bound":25341880.735,"upper_bound":25896745.55525},"point_estimate":25616160.715,"standard_error":141042.65773821314},"median":{"confidence_interval":{"confidence_level":0.95,"lower_bound":24682285.0,"upper_bound":26056933.25},"point_estimate":25431349.75,"standard_error":355299.8940093017},"median_abs_dev":{"confidence_interval":{"confidence_level":0.95,"lower_bound":963910.8902871609,"upper_bound":2078619.618447125},"point_estimate":1786299.8294368386,"standard_error":280275.60938491137},"slope":null,"std_dev":{"confidence_interval":{"confidence_level":0.95,"lower_bound":1265184.617965963,"upper_bound":1566256.2212751156},"point_estimate":1421610.1978222062,"standard_error":76814.97283032324}}