{"mean":{"confidence_interval":{"confidence_level":0.95,"lower_bound":23948798.57333333,"upper_bound":24462396.946749996},"point_estimate":24204419.60333334,"standard_error":130907.008760736},"median":{"confidence_interval":{"confidence_level":0.95,"lower_bound":23936707.166666664,"upper_bound":24481047.0},"point_estimate":24207233.166666664,"standard_error":148814.5012049194},"median_abs_dev":{"confidence_interval":{"confidence_level":0.95,"lower_bound":899220.8527356377,"upper_bound":1510603.3219814245},"point_estimate":1267725.029793377,"standard_error":159499.87493423495},"slope":null,"std_dev":{"confidence_interval":{"confidence_level":0.95,"lower_bound":1087310.4533811247,"upper_bound":1521253.2935173702},"point_estimate":1311834.973025936,"standard_error":111072.99824543185}}