{"mean":{"confidence_interval":{"confidence_level":0.95,"lower_bound":728644720.067,"upper_bound":765234397.96375},"point_estimate":747079669.26,"standard_error":9330844.309230193},"median":{"confidence_interval":{"confidence_level":0.95,"lower_bound":732285640.5,"upper_bound":774618912.0},"point_estimate":754406539.0,"standard_error":10564677.705173347},"median_abs_dev":{"confidence_interval":{"confidence_level":0.95,"lower_bound":67738317.45940447,"upper_bound":112360107.3324443},"point_estimate":81609502.7980417,"standard_error":11678041.217055311},"slope":null,"std_dev":{"confidence_interval":{"confidence_level":0.95,"lower_bound":80116373.17686826,"upper_bound":105380586.41751525},"point_estimate":93611171.58945242,"standard_error":6441908.327545428}}