{"mean":{"confidence_interval":{"confidence_level":0.95,"lower_bound":158663814.96975,"upper_bound":161832964.27375},"point_estimate":160223795.85,"standard_error":808455.77601727},"median":{"confidence_interval":{"confidence_level":0.95,"lower_bound":157043943.0,"upper_bound":161501062.0},"point_estimate":158773681.5,"standard_error":1109929.5401539814},"median_abs_dev":{"confidence_interval":{"confidence_level":0.95,"lower_bound":5626315.67491293,"upper_bound":8742401.304191351},"point_estimate":7135505.337819457,"standard_error":809094.4848242053},"slope":null,"std_dev":{"confidence_interval":{"confidence_level":0.95,"lower_bound":6692672.505728013,"upper_bound":9353256.930534929},"point_estimate":8094602.460992939,"standard_error":679377.4838977532}}