{"mean":{"confidence_interval":{"confidence_level":0.95,"lower_bound":186065449.61025,"upper_bound":192400560.85775},"point_estimate":189232456.78,"standard_error":1616680.4440202995},"median":{"confidence_interval":{"confidence_level":0.95,"lower_bound":181717735.0,"upper_bound":196469952.0},"point_estimate":185950934.5,"standard_error":3796010.3315810636},"median_abs_dev":{"confidence_interval":{"confidence_level":0.95,"lower_bound":16240956.086665392,"upper_bound":24071886.80293858},"point_estimate":20771464.329832792,"standard_error":1973953.7780970493},"slope":null,"std_dev":{"confidence_interval":{"confidence_level":0.95,"lower_bound":14678271.422742557,"upper_bound":17512973.37661589},"point_estimate":16210113.444271117,"standard_error":723476.062437395}}