{"mean":{"confidence_interval":{"confidence_level":0.95,"lower_bound":254938615.47,"upper_bound":262345938.7845},"point_estimate":258646943.15,"standard_error":1883289.2622435938},"median":{"confidence_interval":{"confidence_level":0.95,"lower_bound":254892169.5,"upper_bound":262933878.5},"point_estimate":259407496.5,"standard_error":1860615.0878441366},"median_abs_dev":{"confidence_interval":{"confidence_level":0.95,"lower_bound":13917111.838021874,"upper_bound":23493724.70420301},"point_estimate":18504797.290474176,"standard_error":2520713.647673593},"slope":null,"std_dev":{"confidence_interval":{"confidence_level":0.95,"lower_bound":15890041.550283706,"upper_bound":21727042.8349001},"point_estimate":18880142.031059448,"standard_error":1492865.8023599098}}