{"mean":{"confidence_interval":{"confidence_level":0.95,"lower_bound":373275639.19624996,"upper_bound":407288466.21},"point_estimate":390530293.47,"standard_error":8678280.62044803},"median":{"confidence_interval":{"confidence_level":0.95,"lower_bound":392188316.0,"upper_bound":426185818.5},"point_estimate":406814893.0,"standard_error":8828190.647848237},"median_abs_dev":{"confidence_interval":{"confidence_level":0.95,"lower_bound":51525865.098533034,"upper_bound":90802480.31893373},"point_estimate":67002070.17327547,"standard_error":10062024.851739828},"slope":null,"std_dev":{"confidence_interval":{"confidence_level":0.95,"lower_bound":73142669.71887796,"upper_bound":98835140.06168988},"point_estimate":87027869.90216652,"standard_error":6540204.115607303}}