{"mean":{"confidence_interval":{"confidence_level":0.95,"lower_bound":33410527.28,"upper_bound":33893135.593499996},"point_estimate":33639230.88,"standard_error":123380.7943972378},"median":{"confidence_interval":{"confidence_level":0.95,"lower_bound":33303430.5,"upper_bound":33702825.0},"point_estimate":33581680.25,"standard_error":111492.7865286515},"median_abs_dev":{"confidence_interval":{"confidence_level":0.95,"lower_bound":748062.4959692359,"upper_bound":1144779.9327760935},"point_estimate":951301.006861031,"standard_error":107104.98630550464},"slope":null,"std_dev":{"confidence_interval":{"confidence_level":0.95,"lower_bound":852086.9032433592,"upper_bound":1614218.9506397215},"point_estimate":1241549.8322232626,"standard_error":198750.9648518031}}