{"mean":{"confidence_interval":{"confidence_level":0.95,"lower_bound":58820877.562750004,"upper_bound":62027457.71525},"point_estimate":60433813.4,"standard_error":816872.6714772445},"median":{"confidence_interval":{"confidence_level":0.95,"lower_bound":58689638.5,"upper_bound":63183822.0},"point_estimate":61130892.0,"standard_error":1260370.0706485892},"median_abs_dev":{"confidence_interval":{"confidence_level":0.95,"lower_bound":6239310.718730092,"upper_bound":10756703.141230345},"point_estimate":8134707.296580076,"standard_error":1126478.7377626204},"slope":null,"std_dev":{"confidence_interval":{"confidence_level":0.95,"lower_bound":7059384.443749575,"upper_bound":9172899.85186495},"point_estimate":8168924.801520288,"standard_error":539211.101251843}}