{"mean":{"confidence_interval":{"confidence_level":0.95,"lower_bound":937329644.69825,"upper_bound":1018435207.9519999},"point_estimate":977845210.19,"standard_error":20671798.016232394},"median":{"confidence_interval":{"confidence_level":0.95,"lower_bound":915234341.5,"upper_bound":1020567579.0},"point_estimate":970645945.5,"standard_error":30192019.851071335},"median_abs_dev":{"confidence_interval":{"confidence_level":0.95,"lower_bound":139509061.36572412,"upper_bound":242378426.68812275},"point_estimate":189853727.31562257,"standard_error":25616163.991924122},"slope":null,"std_dev":{"confidence_interval":{"confidence_level":0.95,"lower_bound":176402582.50941423,"upper_bound":235401624.95501867},"point_estimate":207370120.58484986,"standard_error":15076024.561528722}}