{"mean":{"confidence_interval":{"confidence_level":0.95,"lower_bound":182147054.24775,"upper_bound":188658302.71825},"point_estimate":185455979.48,"standard_error":1658166.8240015286},"median":{"confidence_interval":{"confidence_level":0.95,"lower_bound":184545932.0,"upper_bound":192294097.0},"point_estimate":188028312.5,"standard_error":2094557.9117306978},"median_abs_dev":{"confidence_interval":{"confidence_level":0.95,"lower_bound":12126664.064508677,"upper_bound":22995525.15244782},"point_estimate":16890843.406927586,"standard_error":2929339.1572532505},"slope":null,"std_dev":{"confidence_interval":{"confidence_level":0.95,"lower_bound":14367402.246885546,"upper_bound":18683554.074564453},"point_estimate":16666090.708582606,"standard_error":1098754.701072619}}