{"mean":{"confidence_interval":{"confidence_level":0.95,"lower_bound":202840246.44,"upper_bound":210118023.17225},"point_estimate":206452789.44,"standard_error":1849543.6147456323},"median":{"confidence_interval":{"confidence_level":0.95,"lower_bound":204177491.0,"upper_bound":211433338.5},"point_estimate":207855955.0,"standard_error":1814236.682052058},"median_abs_dev":{"confidence_interval":{"confidence_level":0.95,"lower_bound":11553330.793887377,"upper_bound":19534470.385193825},"point_estimate":15807801.16095543,"standard_error":2049867.2108223748},"slope":null,"std_dev":{"confidence_interval":{"confidence_level":0.95,"lower_bound":14497975.38164444,"upper_bound":22977084.895297013},"point_estimate":18577928.99113817,"standard_error":2196253.1921511926}}