{"mean":{"confidence_interval":{"confidence_level":0.95,"lower_bound":2479290176.1602497,"upper_bound":2545301862.12},"point_estimate":2512921716.34,"standard_error":16878130.978158925},"median":{"confidence_interval":{"confidence_level":0.95,"lower_bound":2536379611.0,"upper_bound":2609382541.0},"point_estimate":2580551478.5,"standard_error":16966291.484474115},"median_abs_dev":{"confidence_interval":{"confidence_level":0.95,"lower_bound":83869558.92411768,"upper_bound":189958429.26706374},"point_estimate":116306247.35045135,"standard_error":26509021.926253445},"slope":null,"std_dev":{"confidence_interval":{"confidence_level":0.95,"lower_bound":150448175.39178059,"upper_bound":183619825.05150437},"point_estimate":169347612.83474022,"standard_error":8465405.814611515}}