{"mean":{"confidence_interval":{"confidence_level":0.95,"lower_bound":76157882.85075,"upper_bound":78480827.715},"point_estimate":77321407.8,"standard_error":594652.4445556706},"median":{"confidence_interval":{"confidence_level":0.95,"lower_bound":74925310.0,"upper_bound":78663079.0},"point_estimate":76441998.0,"standard_error":836079.1640125321},"median_abs_dev":{"confidence_interval":{"confidence_level":0.95,"lower_bound":4341751.768818498,"upper_bound":7444811.274728179},"point_estimate":5183289.598578215,"standard_error":862303.612643118},"slope":null,"std_dev":{"confidence_interval":{"confidence_level":0.95,"lower_bound":5128768.012080125,"upper_bound":6774987.178037168},"point_estimate":5968324.154557497,"standard_error":419723.35817739903}}