{"mean":{"confidence_interval":{"confidence_level":0.95,"lower_bound":234037244.86949998,"upper_bound":242154196.11824998},"point_estimate":238136399.21,"standard_error":2074271.9682238747},"median":{"confidence_interval":{"confidence_level":0.95,"lower_bound":234771015.0,"upper_bound":242065104.0},"point_estimate":239257059.0,"standard_error":1743112.2686158572},"median_abs_dev":{"confidence_interval":{"confidence_level":0.95,"lower_bound":13982323.25656414,"upper_bound":26797070.864456892},"point_estimate":18013123.402503133,"standard_error":3529767.137280798},"slope":null,"std_dev":{"confidence_interval":{"confidence_level":0.95,"lower_bound":17921840.066596974,"upper_bound":23464765.985150345},"point_estimate":20843812.33870026,"standard_error":1418292.9724405345}}