{"mean":{"confidence_interval":{"confidence_level":0.95,"lower_bound":22053751.721416667,"upper_bound":22464595.561583336},"point_estimate":22264828.743333336,"standard_error":104966.24001106975},"median":{"confidence_interval":{"confidence_level":0.95,"lower_bound":22281294.0,"upper_bound":22650526.666666668},"point_estimate":22481596.166666668,"standard_error":84609.20907672371},"median_abs_dev":{"confidence_interval":{"confidence_level":0.95,"lower_bound":549595.8566427212,"upper_bound":969529.635312409},"point_estimate":800306.2302917233,"standard_error":113611.72042706527},"slope":null,"std_dev":{"confidence_interval":{"confidence_level":0.95,"lower_bound":846048.4368212644,"upper_bound":1242721.752399257},"point_estimate":1057165.1370399604,"standard_error":101462.05264252663}}