{"mean":{"confidence_interval":{"confidence_level":0.95,"lower_bound":46859124.906625,"upper_bound":47272985.221875004},"point_estimate":47064753.82,"standard_error":105796.00173271738},"median":{"confidence_interval":{"confidence_level":0.95,"lower_bound":46716276.5,"upper_bound":47373174.0},"point_estimate":47153216.0,"standard_error":183252.18986329358},"median_abs_dev":{"confidence_interval":{"confidence_level":0.95,"lower_bound":915640.4003441334,"upper_bound":1336842.9757162929},"point_estimate":1197076.0522976518,"standard_error":114697.15417635089},"slope":null,"std_dev":{"confidence_interval":{"confidence_level":0.95,"lower_bound":914933.6440512625,"upper_bound":1201226.8759525116},"point_estimate":1063905.3983773878,"standard_error":73019.00249380956}}