{"mean":{"confidence_interval":{"confidence_level":0.95,"lower_bound":40071418.802125,"upper_bound":40457456.239625},"point_estimate":40261951.605,"standard_error":98235.15962714421},"median":{"confidence_interval":{"confidence_level":0.95,"lower_bound":39953979.0,"upper_bound":40460439.0},"point_estimate":40143629.75,"standard_error":120083.95015568065},"median_abs_dev":{"confidence_interval":{"confidence_level":0.95,"lower_bound":733432.1901627257,"upper_bound":1169496.3569372892},"point_estimate":893883.2457304001,"standard_error":113921.92962678723},"slope":null,"std_dev":{"confidence_interval":{"confidence_level":0.95,"lower_bound":824233.2463266806,"upper_bound":1147718.8733093392},"point_estimate":987416.0939819966,"standard_error":82825.11405017435}}