{"mean":{"confidence_interval":{"confidence_level":0.95,"lower_bound":47589941.587124996,"upper_bound":48704653.433125},"point_estimate":48123149.08,"standard_error":284050.4357903085},"median":{"confidence_interval":{"confidence_level":0.95,"lower_bound":47260077.0,"upper_bound":48430715.25},"point_estimate":47742189.25,"standard_error":269280.0740393307},"median_abs_dev":{"confidence_interval":{"confidence_level":0.95,"lower_bound":1660460.0795209408,"upper_bound":2900523.006105423},"point_estimate":2313858.567170799,"standard_error":318379.6675292065},"slope":null,"std_dev":{"confidence_interval":{"confidence_level":0.95,"lower_bound":2067741.1033719047,"upper_bound":3724880.3889131057},"point_estimate":2854544.694161184,"standard_error":440398.3463787991}}