{"mean":{"confidence_interval":{"confidence_level":0.95,"lower_bound":56225209.909250006,"upper_bound":59160437.4595},"point_estimate":57711069.82,"standard_error":749101.892267775},"median":{"confidence_interval":{"confidence_level":0.95,"lower_bound":56651491.0,"upper_bound":59759650.974999815},"point_estimate":58508028.0,"standard_error":813128.42457378},"median_abs_dev":{"confidence_interval":{"confidence_level":0.95,"lower_bound":5571168.144991994,"upper_bound":9384043.885999918},"point_estimate":7302030.225563049,"standard_error":978684.7032873484},"slope":null,"std_dev":{"confidence_interval":{"confidence_level":0.95,"lower_bound":6516234.910076607,"upper_bound":8412589.67929276},"point_estimate":7527945.320734566,"standard_error":482566.663121169}}