{"mean":{"confidence_interval":{"confidence_level":0.95,"lower_bound":46512464.808,"upper_bound":47409075.171624996},"point_estimate":46926422.31,"standard_error":228226.9397258624},"median":{"confidence_interval":{"confidence_level":0.95,"lower_bound":45696232.5,"upper_bound":47256389.5},"point_estimate":46330915.5,"standard_error":483229.8589779159},"median_abs_dev":{"confidence_interval":{"confidence_level":0.95,"lower_bound":1067676.950494945,"upper_bound":2323003.6144584417},"point_estimate":1777105.1150500774,"standard_error":340016.5201549881},"slope":null,"std_dev":{"confidence_interval":{"confidence_level":0.95,"lower_bound":1514281.0755470714,"upper_bound":3209607.1135357236},"point_estimate":2299743.993964491,"standard_error":498396.9125206931}}