{"mean":{"confidence_interval":{"confidence_level":0.95,"lower_bound":1379428001.016,"upper_bound":1522687757.297},"point_estimate":1450418730.53,"standard_error":36539047.81557893},"median":{"confidence_interval":{"confidence_level":0.95,"lower_bound":1321539878.0,"upper_bound":1470621823.0},"point_estimate":1397786664.0,"standard_error":32577510.197734494},"median_abs_dev":{"confidence_interval":{"confidence_level":0.95,"lower_bound":198190799.13040996,"upper_bound":389278317.23342836},"point_estimate":291668219.680354,"standard_error":47322670.382066734},"slope":null,"std_dev":{"confidence_interval":{"confidence_level":0.95,"lower_bound":309967515.32219964,"upper_bound":419115173.943147},"point_estimate":367798333.82469434,"standard_error":27847718.006259184}}