{"mean":{"confidence_interval":{"confidence_level":0.95,"lower_bound":160049890.00349998,"upper_bound":166387962.68975},"point_estimate":163241641.24,"standard_error":1617340.8315215723},"median":{"confidence_interval":{"confidence_level":0.95,"lower_bound":160386534.5,"upper_bound":166592172.0},"point_estimate":162984777.5,"standard_error":1687239.8880747706},"median_abs_dev":{"confidence_interval":{"confidence_level":0.95,"lower_bound":9065040.262663364,"upper_bound":15850296.182700992},"point_estimate":12824134.689626098,"standard_error":1719335.4802200159},"slope":null,"std_dev":{"confidence_interval":{"confidence_level":0.95,"lower_bound":13458873.529980842,"upper_bound":18644944.631581657},"point_estimate":16198547.364852613,"standard_error":1320434.911861469}}