{"mean":{"confidence_interval":{"confidence_level":0.95,"lower_bound":111928218.06975,"upper_bound":113810335.08225},"point_estimate":112866763.85,"standard_error":479660.9763339335},"median":{"confidence_interval":{"confidence_level":0.95,"lower_bound":111873357.5,"upper_bound":113881744.0},"point_estimate":112709565.5,"standard_error":503798.17794567195},"median_abs_dev":{"confidence_interval":{"confidence_level":0.95,"lower_bound":3903845.851492882,"upper_bound":5960584.147578478},"point_estimate":4998640.6674563885,"standard_error":523616.2569494979},"slope":null,"std_dev":{"confidence_interval":{"confidence_level":0.95,"lower_bound":4137074.412670254,"upper_bound":5417000.166136607},"point_estimate":4809896.678006602,"standard_error":327171.1961854797}}