{"mean":{"confidence_interval":{"confidence_level":0.95,"lower_bound":41890788.98825,"upper_bound":42798644.73025},"point_estimate":42338794.42,"standard_error":230692.65946032855},"median":{"confidence_interval":{"confidence_level":0.95,"lower_bound":41534531.5,"upper_bound":42496897.0},"point_estimate":41944357.75,"standard_error":245112.5992775661},"median_abs_dev":{"confidence_interval":{"confidence_level":0.95,"lower_bound":1683262.4671161175,"upper_bound":3006897.330316901},"point_estimate":2403325.3212824464,"standard_error":332803.50860885764},"slope":null,"std_dev":{"confidence_interval":{"confidence_level":0.95,"lower_bound":2002448.7537208004,"upper_bound":2602260.483436021},"point_estimate":2321567.9525868013,"standard_error":153404.2073035856}}