{"mean":{"confidence_interval":{"confidence_level":0.95,"lower_bound":79249814.51075,"upper_bound":81348036.195},"point_estimate":80312914.72,"standard_error":532670.1468308206},"median":{"confidence_interval":{"confidence_level":0.95,"lower_bound":79393301.0,"upper_bound":82254580.0},"point_estimate":80599664.5,"standard_error":827770.9262423752},"median_abs_dev":{"confidence_interval":{"confidence_level":0.95,"lower_bound":3761356.874522567,"upper_bound":7022101.265832782},"point_estimate":5238611.3339960575,"standard_error":884647.5154411881},"slope":null,"std_dev":{"confidence_interval":{"confidence_level":0.95,"lower_bound":4550944.704895771,"upper_bound":6072458.984030378},"point_estimate":5352337.063627347,"standard_error":388435.06705990003}}