{"mean":{"confidence_interval":{"confidence_level":0.95,"lower_bound":2014778555.8915,"upper_bound":2133673331.5795002},"point_estimate":2073710267.47,"standard_error":30332620.59329283},"median":{"confidence_interval":{"confidence_level":0.95,"lower_bound":2041369153.0,"upper_bound":2132946101.0},"point_estimate":2087414743.0,"standard_error":24064710.407106165},"median_abs_dev":{"confidence_interval":{"confidence_level":0.95,"lower_bound":215763922.44312465,"upper_bound":340136630.0481677},"point_estimate":292963113.60176504,"standard_error":31606555.778562367},"slope":null,"std_dev":{"confidence_interval":{"confidence_level":0.95,"lower_bound":252552583.37549537,"upper_bound":351855914.1157075},"point_estimate":303915697.5420663,"standard_error":25375010.718832217}}