{"mean":{"confidence_interval":{"confidence_level":0.95,"lower_bound":5915177962.52525,"upper_bound":6113148400.975249},"point_estimate":6014321374.95,"standard_error":50617321.19810973},"median":{"confidence_interval":{"confidence_level":0.95,"lower_bound":5852158024.0,"upper_bound":6124202735.5},"point_estimate":5968579496.0,"standard_error":72247498.32195005},"median_abs_dev":{"confidence_interval":{"confidence_level":0.95,"lower_bound":357135497.1717775,"upper_bound":600545769.7048813},"point_estimate":447530236.55245006,"standard_error":61040628.726834364},"slope":null,"std_dev":{"confidence_interval":{"confidence_level":0.95,"lower_bound":436558199.2859356,"upper_bound":572553111.4024166},"point_estimate":507754164.6141841,"standard_error":34825543.34210813}}