{"mean":{"confidence_interval":{"confidence_level":0.95,"lower_bound":3824385220.39875,"upper_bound":3946273771.34575},"point_estimate":3886556624.1,"standard_error":31081651.681281876},"median":{"confidence_interval":{"confidence_level":0.95,"lower_bound":3862207095.0,"upper_bound":4012317544.5},"point_estimate":3920249979.5,"standard_error":42198855.87902162},"median_abs_dev":{"confidence_interval":{"confidence_level":0.95,"lower_bound":214545790.06122088,"upper_bound":362989341.534251},"point_estimate":260037835.09540558,"standard_error":36715477.56495761},"slope":null,"std_dev":{"confidence_interval":{"confidence_level":0.95,"lower_bound":267078341.9652539,"upper_bound":353651737.25113225},"point_estimate":313168644.86584073,"standard_error":22105376.392719414}}