{"mean":{"confidence_interval":{"confidence_level":0.95,"lower_bound":394745874.43025,"upper_bound":401754647.49725},"point_estimate":398291559.72,"standard_error":1794772.2232752899},"median":{"confidence_interval":{"confidence_level":0.95,"lower_bound":397134550.0,"upper_bound":405615215.5},"point_estimate":399816600.0,"standard_error":2437466.7610146278},"median_abs_dev":{"confidence_interval":{"confidence_level":0.95,"lower_bound":11082159.039652348,"upper_bound":18826991.468954086},"point_estimate":15523515.581202507,"standard_error":1937040.3557705476},"slope":null,"std_dev":{"confidence_interval":{"confidence_level":0.95,"lower_bound":15368831.522136865,"upper_bound":20421858.757937606},"point_estimate":18078657.367816623,"standard_error":1290209.9076345833}}