{"mean":{"confidence_interval":{"confidence_level":0.95,"lower_bound":50652342.403500006,"upper_bound":52476542.79025},"point_estimate":51562519.81,"standard_error":466306.177414767},"median":{"confidence_interval":{"confidence_level":0.95,"lower_bound":50508229.5,"upper_bound":52574006.0},"point_estimate":51073936.0,"standard_error":564302.5757710075},"median_abs_dev":{"confidence_interval":{"confidence_level":0.95,"lower_bound":3668741.078066826,"upper_bound":5806204.718819261},"point_estimate":4671771.109959483,"standard_error":470465.96375897963},"slope":null,"std_dev":{"confidence_interval":{"confidence_level":0.95,"lower_bound":4034120.2493272307,"upper_bound":5289748.548977385},"point_estimate":4689811.701415265,"standard_error":320576.6711517107}}