{"mean":{"confidence_interval":{"confidence_level":0.95,"lower_bound":176658961.18649998,"upper_bound":181940508.28225},"point_estimate":179276197.5,"standard_error":1348000.1835632124},"median":{"confidence_interval":{"confidence_level":0.95,"lower_bound":173247276.0,"upper_bound":182024718.0},"point_estimate":175950786.5,"standard_error":2279784.261132723},"median_abs_dev":{"confidence_interval":{"confidence_level":0.95,"lower_bound":11885180.404695868,"upper_bound":19058896.050336957},"point_estimate":15475707.662451267,"standard_error":1809741.1224036647},"slope":null,"std_dev":{"confidence_interval":{"confidence_level":0.95,"lower_bound":12147439.665258838,"upper_bound":14953836.89800341},"point_estimate":13651979.554946676,"standard_error":713311.9658813701}}