{"mean":{"confidence_interval":{"confidence_level":0.95,"lower_bound":31174030.377874997,"upper_bound":31882045.822625},"point_estimate":31521949.16,"standard_error":180580.85077401486},"median":{"confidence_interval":{"confidence_level":0.95,"lower_bound":30776321.0,"upper_bound":31573413.0},"point_estimate":31245540.5,"standard_error":200077.84463587042},"median_abs_dev":{"confidence_interval":{"confidence_level":0.95,"lower_bound":1256535.7242420316,"upper_bound":2211516.1735877395},"point_estimate":1836500.6645455956,"standard_error":242534.8206044496},"slope":null,"std_dev":{"confidence_interval":{"confidence_level":0.95,"lower_bound":1557610.370008514,"upper_bound":2040573.256009222},"point_estimate":1811728.2999486076,"standard_error":123184.34668906138}}