{"mean":{"confidence_interval":{"confidence_level":0.95,"lower_bound":10430080.8523,"upper_bound":10593440.158699997},"point_estimate":10509024.290000001,"standard_error":41627.80092502877},"median":{"confidence_interval":{"confidence_level":0.95,"lower_bound":10334557.600000001,"upper_bound":10578201.6},"point_estimate":10488972.4,"standard_error":76447.90324808213},"median_abs_dev":{"confidence_interval":{"confidence_level":0.95,"lower_bound":294166.070757508,"upper_bound":487952.4842006109},"point_estimate":390451.8951880935,"standard_error":49647.31433088498},"slope":null,"std_dev":{"confidence_interval":{"confidence_level":0.95,"lower_bound":327688.5852642237,"upper_bound":528520.8544921393},"point_estimate":419544.9912956456,"standard_error":54303.127835854706}}