{"mean":{"confidence_interval":{"confidence_level":0.95,"lower_bound":85017701.39675,"upper_bound":87873771.829},"point_estimate":86451034.91,"standard_error":727302.3492360151},"median":{"confidence_interval":{"confidence_level":0.95,"lower_bound":84763046.0,"upper_bound":88367815.5},"point_estimate":86476469.5,"standard_error":1147718.9053594375},"median_abs_dev":{"confidence_interval":{"confidence_level":0.95,"lower_bound":5404552.818650007,"upper_bound":8466890.900097638},"point_estimate":6800874.369460344,"standard_error":799726.6619264054},"slope":null,"std_dev":{"confidence_interval":{"confidence_level":0.95,"lower_bound":6052819.930826462,"upper_bound":8491773.91408315},"point_estimate":7290164.988794083,"standard_error":626473.6226543806}}