{"mean":{"confidence_interval":{"confidence_level":0.95,"lower_bound":40564311.745,"upper_bound":41487162.927},"point_estimate":41027947.64,"standard_error":236120.32896823165},"median":{"confidence_interval":{"confidence_level":0.95,"lower_bound":40625466.0,"upper_bound":41660688.0},"point_estimate":41171530.25,"standard_error":285928.74830599414},"median_abs_dev":{"confidence_interval":{"confidence_level":0.95,"lower_bound":1805436.1179471016,"upper_bound":2840808.697615564},"point_estimate":2273113.013394177,"standard_error":257362.79370864527},"slope":null,"std_dev":{"confidence_interval":{"confidence_level":0.95,"lower_bound":2032577.7024754484,"upper_bound":2686726.4281663927},"point_estimate":2373208.1948682005,"standard_error":167213.46366700283}}