{"mean":{"confidence_interval":{"confidence_level":0.95,"lower_bound":55898848.424499996,"upper_bound":57579032.05475},"point_estimate":56742064.11,"standard_error":427568.5389025239},"median":{"confidence_interval":{"confidence_level":0.95,"lower_bound":55617135.5,"upper_bound":58364229.0},"point_estimate":56915656.5,"standard_error":575300.3347610525},"median_abs_dev":{"confidence_interval":{"confidence_level":0.95,"lower_bound":3537136.6088032722,"upper_bound":5124172.574020251},"point_estimate":4328393.543055654,"standard_error":411958.66308137885},"slope":null,"std_dev":{"confidence_interval":{"confidence_level":0.95,"lower_bound":3691210.7971997904,"upper_bound":4863745.198772593},"point_estimate":4304485.906148654,"standard_error":299716.9180905387}}