{"mean":{"confidence_interval":{"confidence_level":0.95,"lower_bound":64002983.319249995,"upper_bound":65896325.26325},"point_estimate":64928750.47,"standard_error":483098.51080274646},"median":{"confidence_interval":{"confidence_level":0.95,"lower_bound":63290857.0,"upper_bound":66004661.0},"point_estimate":64160763.0,"standard_error":718518.8267862283},"median_abs_dev":{"confidence_interval":{"confidence_level":0.95,"lower_bound":3546922.509929538,"upper_bound":5483887.521606533},"point_estimate":4330418.7746196985,"standard_error":494338.7292799884},"slope":null,"std_dev":{"confidence_interval":{"confidence_level":0.95,"lower_bound":3869853.207493212,"upper_bound":5931525.257807585},"point_estimate":4854216.973742481,"standard_error":540742.2092556469}}