{"mean":{"confidence_interval":{"confidence_level":0.95,"lower_bound":752366607.8659999,"upper_bound":754166041.6},"point_estimate":753255049.6,"standard_error":458209.10259446653},"median":{"confidence_interval":{"confidence_level":0.95,"lower_bound":751558396.0,"upper_bound":754446302.0},"point_estimate":752552721.5,"standard_error":681365.6008930275},"median_abs_dev":{"confidence_interval":{"confidence_level":0.95,"lower_bound":3376198.8990604877,"upper_bound":5227479.973393679},"point_estimate":4298593.283584714,"standard_error":481535.8107302345},"slope":null,"std_dev":{"confidence_interval":{"confidence_level":0.95,"lower_bound":3901653.659978216,"upper_bound":5265965.871283294},"point_estimate":4615972.451824105,"standard_error":348006.8423066498}}