{"mean":{"confidence_interval":{"confidence_level":0.95,"lower_bound":62578219.27675,"upper_bound":63943320.012},"point_estimate":63254231.96,"standard_error":348652.26377857995},"median":{"confidence_interval":{"confidence_level":0.95,"lower_bound":62262158.0,"upper_bound":63719486.0},"point_estimate":63108905.5,"standard_error":391951.07359425956},"median_abs_dev":{"confidence_interval":{"confidence_level":0.95,"lower_bound":2384823.5670284186,"upper_bound":3984746.8842566013},"point_estimate":2923246.074602008,"standard_error":405071.68819320516},"slope":null,"std_dev":{"confidence_interval":{"confidence_level":0.95,"lower_bound":2963586.2687108424,"upper_bound":3991600.4072844908},"point_estimate":3505970.3886237,"standard_error":262768.37118228513}}