{"mean":{"confidence_interval":{"confidence_level":0.95,"lower_bound":192096347.20400003,"upper_bound":200327285.02775},"point_estimate":196093411.71,"standard_error":2100992.6290971907},"median":{"confidence_interval":{"confidence_level":0.95,"lower_bound":185065262.0,"upper_bound":199334972.0},"point_estimate":193915384.0,"standard_error":3667585.870435174},"median_abs_dev":{"confidence_interval":{"confidence_level":0.95,"lower_bound":16334479.215772526,"upper_bound":24276524.88820553},"point_estimate":20599246.258190274,"standard_error":1946010.7262754745},"slope":null,"std_dev":{"confidence_interval":{"confidence_level":0.95,"lower_bound":16837963.87194567,"upper_bound":24865537.860030226},"point_estimate":21062360.152865246,"standard_error":2062731.6859343662}}