{"mean":{"confidence_interval":{"confidence_level":0.95,"lower_bound":5237605827.4285,"upper_bound":5398833318.92325},"point_estimate":5318672367.03,"standard_error":41199304.81285551},"median":{"confidence_interval":{"confidence_level":0.95,"lower_bound":5283756577.0,"upper_bound":5461313559.0},"point_estimate":5391302353.0,"standard_error":43986629.280596055},"median_abs_dev":{"confidence_interval":{"confidence_level":0.95,"lower_bound":267005498.25540483,"upper_bound":497363077.7456403},"point_estimate":369176263.10031116,"standard_error":60061150.3928865},"slope":null,"std_dev":{"confidence_interval":{"confidence_level":0.95,"lower_bound":351558143.9555506,"upper_bound":472339555.93928075},"point_estimate":414975754.6305539,"standard_error":30877712.02350761}}