{"mean":{"confidence_interval":{"confidence_level":0.95,"lower_bound":120670927.6705,"upper_bound":124215907.34025},"point_estimate":122427690.45,"standard_error":902414.178938122},"median":{"confidence_interval":{"confidence_level":0.95,"lower_bound":119858611.0,"upper_bound":123542961.5},"point_estimate":122168148.5,"standard_error":933870.6362055707},"median_abs_dev":{"confidence_interval":{"confidence_level":0.95,"lower_bound":5791013.258188963,"upper_bound":10685172.140300274},"point_estimate":8506743.520975113,"standard_error":1210952.6164720173},"slope":null,"std_dev":{"confidence_interval":{"confidence_level":0.95,"lower_bound":7838788.729208105,"upper_bound":10213528.199331218},"point_estimate":9103746.279813843,"standard_error":605566.8720895596}}