{"mean":{"confidence_interval":{"confidence_level":0.95,"lower_bound":116355730.3515,"upper_bound":118058015.42925},"point_estimate":117200131.57,"standard_error":434299.50144471857},"median":{"confidence_interval":{"confidence_level":0.95,"lower_bound":116083508.0,"upper_bound":117734178.0},"point_estimate":116745789.5,"standard_error":513507.4042897185},"median_abs_dev":{"confidence_interval":{"confidence_level":0.95,"lower_bound":3116754.2818665504,"upper_bound":5075583.899590373},"point_estimate":4212115.451020002,"standard_error":503763.4127640714},"slope":null,"std_dev":{"confidence_interval":{"confidence_level":0.95,"lower_bound":3700723.686993093,"upper_bound":4927631.915969043},"point_estimate":4352365.372053308,"standard_error":312931.32130526716}}