{"mean":{"confidence_interval":{"confidence_level":0.95,"lower_bound":132227196.75025,"upper_bound":135240628.68775},"point_estimate":133719560.62,"standard_error":768498.9627734561},"median":{"confidence_interval":{"confidence_level":0.95,"lower_bound":131199793.5,"upper_bound":134500255.5},"point_estimate":132435923.0,"standard_error":879376.4159127239},"median_abs_dev":{"confidence_interval":{"confidence_level":0.95,"lower_bound":5195346.842864156,"upper_bound":8757256.214627624},"point_estimate":6561794.745504856,"standard_error":895842.0926395212},"slope":null,"std_dev":{"confidence_interval":{"confidence_level":0.95,"lower_bound":6566496.515295875,"upper_bound":8730929.120945863},"point_estimate":7713454.556856148,"standard_error":550724.154331771}}