{"mean":{"confidence_interval":{"confidence_level":0.95,"lower_bound":447247058.56575,"upper_bound":449077347.94425},"point_estimate":448154293.17,"standard_error":464663.1794031068},"median":{"confidence_interval":{"confidence_level":0.95,"lower_bound":447511101.0,"upper_bound":449066764.0},"point_estimate":448120278.5,"standard_error":353924.8088576399},"median_abs_dev":{"confidence_interval":{"confidence_level":0.95,"lower_bound":3726743.3542370796,"upper_bound":5510291.848772764},"point_estimate":4556948.1897979975,"standard_error":467744.2630662924},"slope":null,"std_dev":{"confidence_interval":{"confidence_level":0.95,"lower_bound":3918198.905182444,"upper_bound":5475605.332953594},"point_estimate":4706607.297715287,"standard_error":398878.3420437582}}