{"mean":{"confidence_interval":{"confidence_level":0.95,"lower_bound":5113191849.5925,"upper_bound":5215312782.43},"point_estimate":5164579481.76,"standard_error":25958076.03411025},"median":{"confidence_interval":{"confidence_level":0.95,"lower_bound":5134739498.0,"upper_bound":5251062982.0},"point_estimate":5203909713.5,"standard_error":30031732.122711107},"median_abs_dev":{"confidence_interval":{"confidence_level":0.95,"lower_bound":180017743.88811618,"upper_bound":309498810.56319773},"point_estimate":239684906.5142423,"standard_error":34262964.32722136},"slope":null,"std_dev":{"confidence_interval":{"confidence_level":0.95,"lower_bound":223232850.44884148,"upper_bound":294493010.6137805},"point_estimate":261402976.44459426,"standard_error":18209019.219661333}}