{"mean":{"confidence_interval":{"confidence_level":0.95,"lower_bound":36238206.51625,"upper_bound":36657212.583749995},"point_estimate":36441580.19,"standard_error":106437.16387446343},"median":{"confidence_interval":{"confidence_level":0.95,"lower_bound":36188918.0,"upper_bound":36465907.5},"point_estimate":36336775.5,"standard_error":72878.83232819656},"median_abs_dev":{"confidence_interval":{"confidence_level":0.95,"lower_bound":481113.328358531,"upper_bound":1142069.3693742156},"point_estimate":753295.3325763345,"standard_error":179049.19435511308},"slope":null,"std_dev":{"confidence_interval":{"confidence_level":0.95,"lower_bound":842317.1794011503,"upper_bound":1281940.2698565673},"point_estimate":1069237.3631072734,"standard_error":112452.67974038297}}