{"mean":{"confidence_interval":{"confidence_level":0.95,"lower_bound":6804029666.396501,"upper_bound":6832737705.660749},"point_estimate":6818316594.0,"standard_error":7298080.26799923},"median":{"confidence_interval":{"confidence_level":0.95,"lower_bound":6797012043.0,"upper_bound":6835045116.0},"point_estimate":6809792608.0,"standard_error":9624587.699448839},"median_abs_dev":{"confidence_interval":{"confidence_level":0.95,"lower_bound":53613891.81381316,"upper_bound":79970473.86793278},"point_estimate":66549182.58321583,"standard_error":6487823.677211705},"slope":null,"std_dev":{"confidence_interval":{"confidence_level":0.95,"lower_bound":62372240.953732654,"upper_bound":83160713.5306379},"point_estimate":73386050.61284906,"standard_error":5324111.605986621}}