{"mean":{"confidence_interval":{"confidence_level":0.95,"lower_bound":42571444.03,"upper_bound":44428309.33225},"point_estimate":43485471.53,"standard_error":474996.0664894928},"median":{"confidence_interval":{"confidence_level":0.95,"lower_bound":41089656.5,"upper_bound":44791697.0},"point_estimate":43319031.5,"standard_error":866936.1651927958},"median_abs_dev":{"confidence_interval":{"confidence_level":0.95,"lower_bound":4114059.9952608347,"upper_bound":6636736.467674375},"point_estimate":5444431.4220920205,"standard_error":655190.3501618885},"slope":null,"std_dev":{"confidence_interval":{"confidence_level":0.95,"lower_bound":4180769.793935499,"upper_bound":5298191.318433843},"point_estimate":4770043.223808062,"standard_error":285818.48096459656}}