{"mean":{"confidence_interval":{"confidence_level":0.95,"lower_bound":177989414.21475,"upper_bound":184743119.2005},"point_estimate":181419831.88,"standard_error":1722750.3052080532},"median":{"confidence_interval":{"confidence_level":0.95,"lower_bound":177856593.0,"upper_bound":187718877.5},"point_estimate":182905977.5,"standard_error":2351792.890882685},"median_abs_dev":{"confidence_interval":{"confidence_level":0.95,"lower_bound":12815320.632782578,"upper_bound":21206879.479202628},"point_estimate":16290399.3131876,"standard_error":2146783.6161175794},"slope":null,"std_dev":{"confidence_interval":{"confidence_level":0.95,"lower_bound":14880107.394498127,"upper_bound":19640013.874819804},"point_estimate":17389012.348384775,"standard_error":1214275.127288272}}