{"mean":{"confidence_interval":{"confidence_level":0.95,"lower_bound":177393512.70875,"upper_bound":182714294.49475002},"point_estimate":180049317.11,"standard_error":1360463.8403526566},"median":{"confidence_interval":{"confidence_level":0.95,"lower_bound":173882637.0,"upper_bound":183407941.5},"point_estimate":177970689.5,"standard_error":2557100.773086126},"median_abs_dev":{"confidence_interval":{"confidence_level":0.95,"lower_bound":11883940.17275289,"upper_bound":20014986.96706295},"point_estimate":16093909.597375989,"standard_error":2126673.09458959},"slope":null,"std_dev":{"confidence_interval":{"confidence_level":0.95,"lower_bound":12252868.478864554,"upper_bound":14942904.35997984},"point_estimate":13690623.132601298,"standard_error":687846.9187235665}}