{"mean":{"confidence_interval":{"confidence_level":0.95,"lower_bound":217238295.06,"upper_bound":225383071.654},"point_estimate":221346724.44,"standard_error":2075774.124408732},"median":{"confidence_interval":{"confidence_level":0.95,"lower_bound":216531078.86250013,"upper_bound":229182874.0},"point_estimate":223917944.5,"standard_error":3295590.203784573},"median_abs_dev":{"confidence_interval":{"confidence_level":0.95,"lower_bound":16654814.232417941,"upper_bound":25934053.867578506},"point_estimate":20124629.682916403,"standard_error":2393021.2590379273},"slope":null,"std_dev":{"confidence_interval":{"confidence_level":0.95,"lower_bound":17994881.271278005,"upper_bound":23372304.182896975},"point_estimate":20812096.255565196,"standard_error":1370502.8038917892}}