{"mean":{"confidence_interval":{"confidence_level":0.95,"lower_bound":139963841.22524998,"upper_bound":144329512.55375},"point_estimate":142147216.77,"standard_error":1113113.5436290244},"median":{"confidence_interval":{"confidence_level":0.95,"lower_bound":139095031.5,"upper_bound":145799234.0},"point_estimate":142260950.5,"standard_error":1620036.72714298},"median_abs_dev":{"confidence_interval":{"confidence_level":0.95,"lower_bound":8343074.862080812,"upper_bound":13656592.33584702},"point_estimate":10770144.392591715,"standard_error":1241371.5415495583},"slope":null,"std_dev":{"confidence_interval":{"confidence_level":0.95,"lower_bound":9734156.325813815,"upper_bound":12544015.294570416},"point_estimate":11228255.112482158,"standard_error":718497.447418114}}