{"mean":{"confidence_interval":{"confidence_level":0.95,"lower_bound":184350787.6305,"upper_bound":190081230.804},"point_estimate":187209627.99,"standard_error":1461501.1195530838},"median":{"confidence_interval":{"confidence_level":0.95,"lower_bound":181378329.0,"upper_bound":192265152.0},"point_estimate":186754902.5,"standard_error":2907759.722041844},"median_abs_dev":{"confidence_interval":{"confidence_level":0.95,"lower_bound":13840749.785077572,"upper_bound":20312486.96038127},"point_estimate":17332595.188584924,"standard_error":1640376.2675746882},"slope":null,"std_dev":{"confidence_interval":{"confidence_level":0.95,"lower_bound":12713620.640394049,"upper_bound":16898516.1258374},"point_estimate":14736495.232477898,"standard_error":1075160.5633649998}}