{"mean":{"confidence_interval":{"confidence_level":0.95,"lower_bound":50426525.732875004,"upper_bound":51441102.905875005},"point_estimate":50932662.775,"standard_error":258714.5746501262},"median":{"confidence_interval":{"confidence_level":0.95,"lower_bound":50314783.0,"upper_bound":51407758.0},"point_estimate":50693305.25,"standard_error":290700.5735760347},"median_abs_dev":{"confidence_interval":{"confidence_level":0.95,"lower_bound":1919926.0832194986,"upper_bound":3104046.7599659013},"point_estimate":2582355.9398040175,"standard_error":296323.91318827664},"slope":null,"std_dev":{"confidence_interval":{"confidence_level":0.95,"lower_bound":2232635.25631684,"upper_bound":2902845.49200424},"point_estimate":2587335.7383225877,"standard_error":170902.14012400366}}