{"mean":{"confidence_interval":{"confidence_level":0.95,"lower_bound":1725522159.42225,"upper_bound":1804720711.91425},"point_estimate":1764972677.85,"standard_error":20251068.47196936},"median":{"confidence_interval":{"confidence_level":0.95,"lower_bound":1721357943.0,"upper_bound":1818724987.0},"point_estimate":1767126878.5,"standard_error":26673970.423339296},"median_abs_dev":{"confidence_interval":{"confidence_level":0.95,"lower_bound":145084651.47633255,"upper_bound":247491951.80363953},"point_estimate":189352289.76552486,"standard_error":27417279.607286945},"slope":null,"std_dev":{"confidence_interval":{"confidence_level":0.95,"lower_bound":174676241.01605707,"upper_bound":227674351.1935268},"point_estimate":202581767.59158853,"standard_error":13469991.380264137}}