{"mean":{"confidence_interval":{"confidence_level":0.95,"lower_bound":15632287.315875,"upper_bound":15902615.8328125},"point_estimate":15767606.9725,"standard_error":69096.16040433866},"median":{"confidence_interval":{"confidence_level":0.95,"lower_bound":15622051.25,"upper_bound":16015507.0},"point_estimate":15801662.0,"standard_error":101651.32111651286},"median_abs_dev":{"confidence_interval":{"confidence_level":0.95,"lower_bound":564621.5131759644,"upper_bound":993640.3880412318},"point_estimate":754550.1681290567,"standard_error":108755.43369738925},"slope":null,"std_dev":{"confidence_interval":{"confidence_level":0.95,"lower_bound":611309.1087129333,"upper_bound":770499.0515933051},"point_estimate":693904.5356092158,"standard_error":40702.33717219614}}