{"mean":{"confidence_interval":{"confidence_level":0.95,"lower_bound":576683374.44225,"upper_bound":601765734.0600001},"point_estimate":589142154.6,"standard_error":6404801.608715287},"median":{"confidence_interval":{"confidence_level":0.95,"lower_bound":571695785.0,"upper_bound":596400140.0},"point_estimate":581776653.0,"standard_error":7325119.695437565},"median_abs_dev":{"confidence_interval":{"confidence_level":0.95,"lower_bound":43206274.360580325,"upper_bound":73060800.9565115},"point_estimate":61346118.06618869,"standard_error":7530519.955417576},"slope":null,"std_dev":{"confidence_interval":{"confidence_level":0.95,"lower_bound":54355214.37826189,"upper_bound":73347204.40707195},"point_estimate":64432610.815381765,"standard_error":4849955.049504269}}