{"mean":{"confidence_interval":{"confidence_level":0.95,"lower_bound":58830566.7135,"upper_bound":60800708.92275},"point_estimate":59813915.55,"standard_error":503367.9572199902},"median":{"confidence_interval":{"confidence_level":0.95,"lower_bound":58553465.5,"upper_bound":60946883.5},"point_estimate":59631472.5,"standard_error":608659.2537369072},"median_abs_dev":{"confidence_interval":{"confidence_level":0.95,"lower_bound":3838436.50585413,"upper_bound":6785650.717878111},"point_estimate":5376019.440856576,"standard_error":772826.6881809686},"slope":null,"std_dev":{"confidence_interval":{"confidence_level":0.95,"lower_bound":4430977.013635721,"upper_bound":5614512.52864395},"point_estimate":5064320.972878776,"standard_error":301607.18092035805}}