{"mean":{"confidence_interval":{"confidence_level":0.95,"lower_bound":49309543.250750005,"upper_bound":50371656.455249995},"point_estimate":49823933.4,"standard_error":271604.0267398893},"median":{"confidence_interval":{"confidence_level":0.95,"lower_bound":48945307.0,"upper_bound":50255676.0},"point_estimate":49871675.5,"standard_error":378790.3004741025},"median_abs_dev":{"confidence_interval":{"confidence_level":0.95,"lower_bound":1965544.313004613,"upper_bound":3285036.050578952},"point_estimate":2845056.7171901464,"standard_error":366922.7789641541},"slope":null,"std_dev":{"confidence_interval":{"confidence_level":0.95,"lower_bound":2149136.003897771,"upper_bound":3419740.0085579804},"point_estimate":2733624.228970952,"standard_error":340420.70111029485}}