{"mean":{"confidence_interval":{"confidence_level":0.95,"lower_bound":79362460.06950001,"upper_bound":82597237.91325},"point_estimate":80961918.33,"standard_error":826806.0652545616},"median":{"confidence_interval":{"confidence_level":0.95,"lower_bound":78946347.5,"upper_bound":83223574.0},"point_estimate":80868828.0,"standard_error":1062053.3336212838},"median_abs_dev":{"confidence_interval":{"confidence_level":0.95,"lower_bound":6447522.518571098,"upper_bound":10158954.414242506},"point_estimate":8231443.23836267,"standard_error":964218.9333303932},"slope":null,"std_dev":{"confidence_interval":{"confidence_level":0.95,"lower_bound":7134308.436441314,"upper_bound":9424060.653234797},"point_estimate":8337909.393293733,"standard_error":585704.2493993007}}