{"mean":{"confidence_interval":{"confidence_level":0.95,"lower_bound":210166417.2775,"upper_bound":212499184.7},"point_estimate":211337118.88,"standard_error":594863.7835687376},"median":{"confidence_interval":{"confidence_level":0.95,"lower_bound":210194216.0,"upper_bound":213087256.0},"point_estimate":211809635.0,"standard_error":778070.8088963574},"median_abs_dev":{"confidence_interval":{"confidence_level":0.95,"lower_bound":4458644.398543239,"upper_bound":7063348.679700494},"point_estimate":5708832.741647959,"standard_error":675073.8775767992},"slope":null,"std_dev":{"confidence_interval":{"confidence_level":0.95,"lower_bound":5078109.369800222,"upper_bound":6818621.157662722},"point_estimate":5981792.895769234,"standard_error":445703.9309049492}}