{"mean":{"confidence_interval":{"confidence_level":0.95,"lower_bound":48961163.723125,"upper_bound":49710995.318},"point_estimate":49332575.185,"standard_error":191705.15231028746},"median":{"confidence_interval":{"confidence_level":0.95,"lower_bound":49046773.0,"upper_bound":49639234.0},"point_estimate":49363965.25,"standard_error":138263.19190686863},"median_abs_dev":{"confidence_interval":{"confidence_level":0.95,"lower_bound":1091491.9538721442,"upper_bound":1982504.5154035091},"point_estimate":1517979.6275004745,"standard_error":226034.90587860477},"slope":null,"std_dev":{"confidence_interval":{"confidence_level":0.95,"lower_bound":1591103.9277666707,"upper_bound":2224473.9990788004},"point_estimate":1922455.933484,"standard_error":162498.92040126616}}