{"mean":{"confidence_interval":{"confidence_level":0.95,"lower_bound":176454681.58725002,"upper_bound":187692773.20999998},"point_estimate":182033490.67,"standard_error":2866990.2783017936},"median":{"confidence_interval":{"confidence_level":0.95,"lower_bound":174505428.0,"upper_bound":186674424.0},"point_estimate":181051216.5,"standard_error":3270320.2115585203},"median_abs_dev":{"confidence_interval":{"confidence_level":0.95,"lower_bound":21323356.98093474,"upper_bound":34278138.380241394},"point_estimate":29461409.76435542,"standard_error":3306689.1325995917},"slope":null,"std_dev":{"confidence_interval":{"confidence_level":0.95,"lower_bound":24165017.15191257,"upper_bound":33138522.58756864},"point_estimate":28755038.324162297,"standard_error":2296070.8647515276}}