{"mean":{"confidence_interval":{"confidence_level":0.95,"lower_bound":190252845.57975,"upper_bound":194691047.588},"point_estimate":192471895.93,"standard_error":1134376.710347867},"median":{"confidence_interval":{"confidence_level":0.95,"lower_bound":190745038.0,"upper_bound":195236601.0},"point_estimate":193542438.5,"standard_error":1194971.8891865986},"median_abs_dev":{"confidence_interval":{"confidence_level":0.95,"lower_bound":7558524.468809366,"upper_bound":13233989.074149728},"point_estimate":9722628.207188845,"standard_error":1419728.3175914045},"slope":null,"std_dev":{"confidence_interval":{"confidence_level":0.95,"lower_bound":9829298.657382056,"upper_bound":12686960.590199318},"point_estimate":11368617.488942362,"standard_error":729849.5971588776}}