{"mean":{"confidence_interval":{"confidence_level":0.95,"lower_bound":101104621.71775,"upper_bound":102767679.08275},"point_estimate":101937446.53,"standard_error":424257.6561560334},"median":{"confidence_interval":{"confidence_level":0.95,"lower_bound":100628568.0,"upper_bound":103328912.0},"point_estimate":102243697.0,"standard_error":714679.6610693887},"median_abs_dev":{"confidence_interval":{"confidence_level":0.95,"lower_bound":3451995.5254398296,"upper_bound":5290276.236578822},"point_estimate":4320942.736887932,"standard_error":466896.11834963295},"slope":null,"std_dev":{"confidence_interval":{"confidence_level":0.95,"lower_bound":3628202.817768969,"upper_bound":4892719.170815571},"point_estimate":4278411.96518264,"standard_error":323270.82701170875}}