{"mean":{"confidence_interval":{"confidence_level":0.95,"lower_bound":240769808.01625,"upper_bound":248195626.5575},"point_estimate":244492378.24,"standard_error":1896201.21254582},"median":{"confidence_interval":{"confidence_level":0.95,"lower_bound":240711697.0,"upper_bound":249611157.0},"point_estimate":243713927.5,"standard_error":2456611.040840967},"median_abs_dev":{"confidence_interval":{"confidence_level":0.95,"lower_bound":12996137.042972445,"upper_bound":25612646.94968462},"point_estimate":17839794.122180343,"standard_error":3435679.715351446},"slope":null,"std_dev":{"confidence_interval":{"confidence_level":0.95,"lower_bound":16342356.77357449,"upper_bound":21488692.507477656},"point_estimate":19036430.61565117,"standard_error":1314665.7682530843}}