{"mean":{"confidence_interval":{"confidence_level":0.95,"lower_bound":99645252.1295,"upper_bound":101601898.99},"point_estimate":100619241.92,"standard_error":500030.8543873897},"median":{"confidence_interval":{"confidence_level":0.95,"lower_bound":99493416.0,"upper_bound":101501301.5},"point_estimate":100968587.5,"standard_error":540242.2732349087},"median_abs_dev":{"confidence_interval":{"confidence_level":0.95,"lower_bound":3794309.141537547,"upper_bound":6472035.919198394},"point_estimate":5043971.161651611,"standard_error":724272.0683267453},"slope":null,"std_dev":{"confidence_interval":{"confidence_level":0.95,"lower_bound":4349030.370202233,"upper_bound":5641464.741706304},"point_estimate":5032500.215064838,"standard_error":330145.9512029755}}