{"mean":{"confidence_interval":{"confidence_level":0.95,"lower_bound":2065193851.6775,"upper_bound":2159791741.62375},"point_estimate":2112770067.32,"standard_error":24087986.57522854},"median":{"confidence_interval":{"confidence_level":0.95,"lower_bound":2107812527.5,"upper_bound":2199532689.0},"point_estimate":2150411040.0,"standard_error":20928821.470644243},"median_abs_dev":{"confidence_interval":{"confidence_level":0.95,"lower_bound":159370480.73870838,"upper_bound":303893544.1014111},"point_estimate":219238666.7972356,"standard_error":36855692.06862356},"slope":null,"std_dev":{"confidence_interval":{"confidence_level":0.95,"lower_bound":208156977.66642073,"upper_bound":272170534.0500067},"point_estimate":241924223.13267365,"standard_error":16329772.170173232}}