{"mean":{"confidence_interval":{"confidence_level":0.95,"lower_bound":34104690.372125,"upper_bound":35063732.577625},"point_estimate":34581959.075,"standard_error":244772.86780124012},"median":{"confidence_interval":{"confidence_level":0.95,"lower_bound":33993715.5,"upper_bound":35004882.25},"point_estimate":34306607.5,"standard_error":317226.7747900867},"median_abs_dev":{"confidence_interval":{"confidence_level":0.95,"lower_bound":1612639.1880199313,"upper_bound":3036985.2883127253},"point_estimate":2429706.33456409,"standard_error":385189.3080715143},"slope":null,"std_dev":{"confidence_interval":{"confidence_level":0.95,"lower_bound":2097101.9443043182,"upper_bound":2791447.598703893},"point_estimate":2458507.5451385365,"standard_error":176848.77158571428}}