{"mean":{"confidence_interval":{"confidence_level":0.95,"lower_bound":172145015.9,"upper_bound":176788539.13175002},"point_estimate":174497226.7,"standard_error":1183263.5646327506},"median":{"confidence_interval":{"confidence_level":0.95,"lower_bound":172930029.0,"upper_bound":180470039.5},"point_estimate":176598138.0,"standard_error":1921625.234818687},"median_abs_dev":{"confidence_interval":{"confidence_level":0.95,"lower_bound":8582157.451236248,"upper_bound":15620137.97435961},"point_estimate":12074752.309030294,"standard_error":1816725.2758188169},"slope":null,"std_dev":{"confidence_interval":{"confidence_level":0.95,"lower_bound":10527798.188341964,"upper_bound":13057927.726385618},"point_estimate":11890071.081643526,"standard_error":650413.9664263277}}