{"mean":{"confidence_interval":{"confidence_level":0.95,"lower_bound":225913065.63,"upper_bound":228644245.13},"point_estimate":227271401.18,"standard_error":696916.6034432793},"median":{"confidence_interval":{"confidence_level":0.95,"lower_bound":226092297.0,"upper_bound":228675467.0},"point_estimate":227352039.0,"standard_error":622823.5243745885},"median_abs_dev":{"confidence_interval":{"confidence_level":0.95,"lower_bound":5872455.439943075,"upper_bound":8569224.731665848},"point_estimate":7054592.444255948,"standard_error":707403.1177163915},"slope":null,"std_dev":{"confidence_interval":{"confidence_level":0.95,"lower_bound":5912068.762114398,"upper_bound":8031652.477563254},"point_estimate":6995677.344688143,"standard_error":539415.9323744285}}