{"mean":{"confidence_interval":{"confidence_level":0.95,"lower_bound":161321202.98624998,"upper_bound":165941421.6},"point_estimate":163590899.83,"standard_error":1177382.600631118},"median":{"confidence_interval":{"confidence_level":0.95,"lower_bound":159607227.0,"upper_bound":166846693.0},"point_estimate":162039785.5,"standard_error":1951028.2294200144},"median_abs_dev":{"confidence_interval":{"confidence_level":0.95,"lower_bound":9082774.993821016,"upper_bound":13973098.519527912},"point_estimate":11833978.814604878,"standard_error":1284331.7094395042},"slope":null,"std_dev":{"confidence_interval":{"confidence_level":0.95,"lower_bound":9805065.464959823,"upper_bound":13968681.814728875},"point_estimate":11851349.49346427,"standard_error":1071627.286262114}}