{"mean":{"confidence_interval":{"confidence_level":0.95,"lower_bound":32934179.125875,"upper_bound":34075646.667624995},"point_estimate":33503864.47,"standard_error":290807.00279325683},"median":{"confidence_interval":{"confidence_level":0.95,"lower_bound":32199154.5,"upper_bound":34294221.5},"point_estimate":32994604.0,"standard_error":525765.3841224383},"median_abs_dev":{"confidence_interval":{"confidence_level":0.95,"lower_bound":2779317.1224072576,"upper_bound":4320223.305250704},"point_estimate":3728839.3799498677,"standard_error":400713.6493855485},"slope":null,"std_dev":{"confidence_interval":{"confidence_level":0.95,"lower_bound":2623671.1572609064,"upper_bound":3174123.754531013},"point_estimate":2918371.818260085,"standard_error":140415.5172499878}}