{"mean":{"confidence_interval":{"confidence_level":0.95,"lower_bound":5131733476.2885,"upper_bound":5234464042.48},"point_estimate":5183826104.83,"standard_error":26127633.83205662},"median":{"confidence_interval":{"confidence_level":0.95,"lower_bound":5174014095.0,"upper_bound":5281130833.0},"point_estimate":5231670040.0,"standard_error":25424089.864302013},"median_abs_dev":{"confidence_interval":{"confidence_level":0.95,"lower_bound":169600274.52099323,"upper_bound":314620122.2937763},"point_estimate":241892815.15144408,"standard_error":36214568.16753883},"slope":null,"std_dev":{"confidence_interval":{"confidence_level":0.95,"lower_bound":221365597.6546905,"upper_bound":302824538.05913097},"point_estimate":263251525.354681,"standard_error":20781218.113213714}}