{"mean":{"confidence_interval":{"confidence_level":0.95,"lower_bound":82765464.7705,"upper_bound":84730744.14175001},"point_estimate":83748980.77,"standard_error":501136.5962751214},"median":{"confidence_interval":{"confidence_level":0.95,"lower_bound":83177370.0,"upper_bound":85192681.0},"point_estimate":83785491.5,"standard_error":497782.3625217449},"median_abs_dev":{"confidence_interval":{"confidence_level":0.95,"lower_bound":3585828.1571388245,"upper_bound":5858277.336394787},"point_estimate":4785248.5706448555,"standard_error":574486.0939972991},"slope":null,"std_dev":{"confidence_interval":{"confidence_level":0.95,"lower_bound":4243360.879606076,"upper_bound":5782658.219592623},"point_estimate":5040191.25988707,"standard_error":393390.94766278495}}