{"mean":{"confidence_interval":{"confidence_level":0.95,"lower_bound":29692314086.3315,"upper_bound":29768110501.996002},"point_estimate":29729847234.63,"standard_error":19385032.03214837},"median":{"confidence_interval":{"confidence_level":0.95,"lower_bound":29665814803.5,"upper_bound":29752615551.0},"point_estimate":29711751110.5,"standard_error":23374720.857283518},"median_abs_dev":{"confidence_interval":{"confidence_level":0.95,"lower_bound":230455335.46079993,"upper_bound":318006484.4156563},"point_estimate":293469213.18748,"standard_error":21612634.66515195},"slope":null,"std_dev":{"confidence_interval":{"confidence_level":0.95,"lower_bound":178248194.38627452,"upper_bound":208038731.12374723},"point_estimate":194652123.89820805,"standard_error":7587190.808343732}}