{"mean":{"confidence_interval":{"confidence_level":0.95,"lower_bound":649121926.11525,"upper_bound":676642709.14175},"point_estimate":662788838.18,"standard_error":7007730.197237596},"median":{"confidence_interval":{"confidence_level":0.95,"lower_bound":638585031.0,"upper_bound":683670546.5},"point_estimate":659892319.0,"standard_error":11232668.999745736},"median_abs_dev":{"confidence_interval":{"confidence_level":0.95,"lower_bound":54395907.3317796,"upper_bound":89456510.08712947},"point_estimate":77572806.35200739,"standard_error":9197554.9369893},"slope":null,"std_dev":{"confidence_interval":{"confidence_level":0.95,"lower_bound":60241303.05929105,"upper_bound":80454344.07368183},"point_estimate":70544939.91621456,"standard_error":5185016.069189627}}