{"mean":{"confidence_interval":{"confidence_level":0.95,"lower_bound":54846212.5385,"upper_bound":57185482.858500004},"point_estimate":56007731.39,"standard_error":595980.2094197336},"median":{"confidence_interval":{"confidence_level":0.95,"lower_bound":53709042.0,"upper_bound":56636147.0},"point_estimate":55363962.0,"standard_error":794462.0095736833},"median_abs_dev":{"confidence_interval":{"confidence_level":0.95,"lower_bound":4311035.262563825,"upper_bound":7529294.269028306},"point_estimate":5770479.2485535145,"standard_error":810661.2993555804},"slope":null,"std_dev":{"confidence_interval":{"confidence_level":0.95,"lower_bound":5200577.116579802,"upper_bound":6657423.05203867},"point_estimate":5974212.262403471,"standard_error":371191.60755083855}}