{"mean":{"confidence_interval":{"confidence_level":0.95,"lower_bound":24894003.385624997,"upper_bound":25554914.577125},"point_estimate":25218738.045,"standard_error":168783.83290504062},"median":{"confidence_interval":{"confidence_level":0.95,"lower_bound":24765511.5,"upper_bound":25632375.5},"point_estimate":25224730.5,"standard_error":236490.74900536027},"median_abs_dev":{"confidence_interval":{"confidence_level":0.95,"lower_bound":1267569.603896141,"upper_bound":1975728.2922238111},"point_estimate":1622149.696201086,"standard_error":181129.4393019924},"slope":null,"std_dev":{"confidence_interval":{"confidence_level":0.95,"lower_bound":1340665.9945237015,"upper_bound":2087621.6275024926},"point_estimate":1700222.0719323861,"standard_error":195540.6172141611}}