{"mean":{"confidence_interval":{"confidence_level":0.95,"lower_bound":179419961.287,"upper_bound":184568827.8995},"point_estimate":181979923.76,"standard_error":1312131.1676082977},"median":{"confidence_interval":{"confidence_level":0.95,"lower_bound":178155443.5,"upper_bound":185407157.0},"point_estimate":181924489.0,"standard_error":1936513.09263713},"median_abs_dev":{"confidence_interval":{"confidence_level":0.95,"lower_bound":10724667.862299085,"upper_bound":16100862.991252542},"point_estimate":13891574.05347526,"standard_error":1358423.2407678806},"slope":null,"std_dev":{"confidence_interval":{"confidence_level":0.95,"lower_bound":11413476.355372462,"upper_bound":14782689.472868603},"point_estimate":13193039.851262681,"standard_error":858557.9559834107}}