{"mean":{"confidence_interval":{"confidence_level":0.95,"lower_bound":54929427.15775,"upper_bound":55805642.57924999},"point_estimate":55367415.27,"standard_error":223367.9857937271},"median":{"confidence_interval":{"confidence_level":0.95,"lower_bound":55053609.0,"upper_bound":56172958.5},"point_estimate":55512410.0,"standard_error":275758.70997569995},"median_abs_dev":{"confidence_interval":{"confidence_level":0.95,"lower_bound":1702185.6318801641,"upper_bound":2931260.2687597275},"point_estimate":2281054.9308031797,"standard_error":312786.3182130252},"slope":null,"std_dev":{"confidence_interval":{"confidence_level":0.95,"lower_bound":1973738.9906396612,"upper_bound":2467515.5950220106},"point_estimate":2238194.3800911014,"standard_error":125993.92788121561}}