{"mean":{"confidence_interval":{"confidence_level":0.95,"lower_bound":53154289.08975,"upper_bound":53808329.7465},"point_estimate":53473418.04,"standard_error":166799.34774620467},"median":{"confidence_interval":{"confidence_level":0.95,"lower_bound":52944605.0,"upper_bound":53557254.0},"point_estimate":53353122.0,"standard_error":162440.25345533743},"median_abs_dev":{"confidence_interval":{"confidence_level":0.95,"lower_bound":1125522.4417179823,"upper_bound":1716838.4454075238},"point_estimate":1468311.4164322615,"standard_error":149023.44931328957},"slope":null,"std_dev":{"confidence_interval":{"confidence_level":0.95,"lower_bound":1334364.81627672,"upper_bound":2020566.1408517796},"point_estimate":1673525.7583946122,"standard_error":177195.78633810004}}