{"mean":{"confidence_interval":{"confidence_level":0.95,"lower_bound":180695275.24,"upper_bound":186078008.95225},"point_estimate":183340734.39,"standard_error":1368192.4832209724},"median":{"confidence_interval":{"confidence_level":0.95,"lower_bound":178175149.5,"upper_bound":184625341.0},"point_estimate":181048557.5,"standard_error":1542585.586791189},"median_abs_dev":{"confidence_interval":{"confidence_level":0.95,"lower_bound":9258979.906520247,"upper_bound":16587045.32892106},"point_estimate":12092606.519213319,"standard_error":1822283.9515940337},"slope":null,"std_dev":{"confidence_interval":{"confidence_level":0.95,"lower_bound":11497680.489454303,"upper_bound":15881366.311057266},"point_estimate":13756808.153983112,"standard_error":1116824.832352085}}