{"mean":{"confidence_interval":{"confidence_level":0.95,"lower_bound":47393481.5065,"upper_bound":49062816.725125},"point_estimate":48226727.625,"standard_error":425718.5102517809},"median":{"confidence_interval":{"confidence_level":0.95,"lower_bound":46654476.5,"upper_bound":49014878.75},"point_estimate":47759421.5,"standard_error":593951.2859188798},"median_abs_dev":{"confidence_interval":{"confidence_level":0.95,"lower_bound":3274477.3442164063,"upper_bound":5804341.090652347},"point_estimate":4659332.837480307,"standard_error":689698.3393489101},"slope":null,"std_dev":{"confidence_interval":{"confidence_level":0.95,"lower_bound":3775156.197599014,"upper_bound":4744220.113527852},"point_estimate":4291843.380106117,"standard_error":246648.8495011361}}