{"mean":{"confidence_interval":{"confidence_level":0.95,"lower_bound":125226195.94475,"upper_bound":129483893.21975},"point_estimate":127328950.77,"standard_error":1088340.062948616},"median":{"confidence_interval":{"confidence_level":0.95,"lower_bound":122958849.5,"upper_bound":127128916.0},"point_estimate":124017676.0,"standard_error":1011955.485055166},"median_abs_dev":{"confidence_interval":{"confidence_level":0.95,"lower_bound":6434821.547909084,"upper_bound":13202255.708170583},"point_estimate":8750250.188452005,"standard_error":1877500.879084651},"slope":null,"std_dev":{"confidence_interval":{"confidence_level":0.95,"lower_bound":9399439.089974258,"upper_bound":12241792.029474894},"point_estimate":10916882.91066271,"standard_error":722848.7827443808}}