{"mean":{"confidence_interval":{"confidence_level":0.95,"lower_bound":2946494136.475,"upper_bound":2969099729.989},"point_estimate":2957768823.53,"standard_error":5775269.725898781},"median":{"confidence_interval":{"confidence_level":0.95,"lower_bound":2936354323.0,"upper_bound":2971393106.0},"point_estimate":2949817852.5,"standard_error":7935963.011123348},"median_abs_dev":{"confidence_interval":{"confidence_level":0.95,"lower_bound":48765629.40843701,"upper_bound":76773392.9681298},"point_estimate":64464380.89352846,"standard_error":7294016.586157457},"slope":null,"std_dev":{"confidence_interval":{"confidence_level":0.95,"lower_bound":51279136.24560072,"upper_bound":64297422.64000935},"point_estimate":58222038.98081011,"standard_error":3329334.6449065953}}