{"mean":{"confidence_interval":{"confidence_level":0.95,"lower_bound":1085318558.4737499,"upper_bound":1177520449.47575},"point_estimate":1132101998.04,"standard_error":23515063.61545423},"median":{"confidence_interval":{"confidence_level":0.95,"lower_bound":1126031380.0,"upper_bound":1219173076.0},"point_estimate":1160136220.5,"standard_error":22558942.35733684},"median_abs_dev":{"confidence_interval":{"confidence_level":0.95,"lower_bound":128289603.80188175,"upper_bound":244680013.0525439},"point_estimate":172850169.24569607,"standard_error":29199956.166904304},"slope":null,"std_dev":{"confidence_interval":{"confidence_level":0.95,"lower_bound":197149290.7439506,"upper_bound":272517368.34307694},"point_estimate":236590253.2772904,"standard_error":19272592.309972677}}