{"mean":{"confidence_interval":{"confidence_level":0.95,"lower_bound":113451681.66700001,"upper_bound":116501388.03625},"point_estimate":114976069.68,"standard_error":775690.4508691676},"median":{"confidence_interval":{"confidence_level":0.95,"lower_bound":112716639.5,"upper_bound":117344659.0},"point_estimate":114773453.0,"standard_error":1149767.3045355806},"median_abs_dev":{"confidence_interval":{"confidence_level":0.95,"lower_bound":6393329.134395719,"upper_bound":9954967.190364003},"point_estimate":8703662.449479103,"standard_error":916812.1482036678},"slope":null,"std_dev":{"confidence_interval":{"confidence_level":0.95,"lower_bound":6642949.612142701,"upper_bound":8878966.326415472},"point_estimate":7801579.198368506,"standard_error":574048.9100686342}}