{"mean":{"confidence_interval":{"confidence_level":0.95,"lower_bound":4299085701.0945,"upper_bound":4325701791.34175},"point_estimate":4312453497.24,"standard_error":6764108.484803514},"median":{"confidence_interval":{"confidence_level":0.95,"lower_bound":4310278494.0,"upper_bound":4334324214.0},"point_estimate":4320354032.0,"standard_error":6292787.450630279},"median_abs_dev":{"confidence_interval":{"confidence_level":0.95,"lower_bound":42282564.279774435,"upper_bound":77582704.18943167},"point_estimate":59053065.936398506,"standard_error":9463040.854031801},"slope":null,"std_dev":{"confidence_interval":{"confidence_level":0.95,"lower_bound":58091221.240644485,"upper_bound":76412445.07089117},"point_estimate":68023172.56352744,"standard_error":4676285.208838951}}