{"mean":{"confidence_interval":{"confidence_level":0.95,"lower_bound":193615576.27574998,"upper_bound":200802084.299},"point_estimate":197230538.23,"standard_error":1834102.6073685705},"median":{"confidence_interval":{"confidence_level":0.95,"lower_bound":195139447.0,"upper_bound":203390383.0},"point_estimate":197820690.0,"standard_error":2285961.3723145686},"median_abs_dev":{"confidence_interval":{"confidence_level":0.95,"lower_bound":13790478.248482572,"upper_bound":22501895.715111494},"point_estimate":19518521.315976977,"standard_error":2207695.5785574308},"slope":null,"std_dev":{"confidence_interval":{"confidence_level":0.95,"lower_bound":15572130.761656288,"upper_bound":21186304.68235603},"point_estimate":18467250.48002981,"standard_error":1438283.1178581144}}