{"mean":{"confidence_interval":{"confidence_level":0.95,"lower_bound":121387248.35325,"upper_bound":124546980.4415},"point_estimate":122969523.48,"standard_error":805516.7305576253},"median":{"confidence_interval":{"confidence_level":0.95,"lower_bound":121251168.0,"upper_bound":125282231.0},"point_estimate":123537217.5,"standard_error":1198411.0640578372},"median_abs_dev":{"confidence_interval":{"confidence_level":0.95,"lower_bound":6089839.437183738,"upper_bound":9733105.741202831},"point_estimate":8043211.604404449,"standard_error":983056.031433281},"slope":null,"std_dev":{"confidence_interval":{"confidence_level":0.95,"lower_bound":7006623.69660153,"upper_bound":9049602.333750986},"point_estimate":8093208.660918465,"standard_error":522572.566217609}}