{"mean":{"confidence_interval":{"confidence_level":0.95,"lower_bound":277959669.35,"upper_bound":279190444.26949996},"point_estimate":278558793.39,"standard_error":313602.4165200829},"median":{"confidence_interval":{"confidence_level":0.95,"lower_bound":277023152.5,"upper_bound":278019621.5},"point_estimate":277605259.0,"standard_error":256660.10744588895},"median_abs_dev":{"confidence_interval":{"confidence_level":0.95,"lower_bound":1495300.6663531065,"upper_bound":2953333.2171678543},"point_estimate":2143596.415543556,"standard_error":381598.25289608014},"slope":null,"std_dev":{"confidence_interval":{"confidence_level":0.95,"lower_bound":2696897.07611418,"upper_bound":3529766.9403676186},"point_estimate":3152498.0524122217,"standard_error":212492.4189034167}}