{"mean":{"confidence_interval":{"confidence_level":0.95,"lower_bound":56437190.646749996,"upper_bound":57151576.850999996},"point_estimate":56792000.43,"standard_error":182396.12927847749},"median":{"confidence_interval":{"confidence_level":0.95,"lower_bound":56235937.0,"upper_bound":57198392.0},"point_estimate":56650218.5,"standard_error":250498.28386368518},"median_abs_dev":{"confidence_interval":{"confidence_level":0.95,"lower_bound":1330178.3181846142,"upper_bound":2177202.509146929},"point_estimate":1645614.0646845102,"standard_error":210024.34396519777},"slope":null,"std_dev":{"confidence_interval":{"confidence_level":0.95,"lower_bound":1578743.7592059548,"upper_bound":2055999.0729977149},"point_estimate":1830883.7928889643,"standard_error":121765.02992813049}}