{"mean":{"confidence_interval":{"confidence_level":0.95,"lower_bound":853799731.83375,"upper_bound":946650292.3269999},"point_estimate":899623067.58,"standard_error":23615984.333644424},"median":{"confidence_interval":{"confidence_level":0.95,"lower_bound":845227644.5,"upper_bound":939018575.0},"point_estimate":901213331.5,"standard_error":25513744.48560429},"median_abs_dev":{"confidence_interval":{"confidence_level":0.95,"lower_bound":178626994.7634369,"upper_bound":287751570.8367884},"point_estimate":228115311.59864366,"standard_error":28467590.839021947},"slope":null,"std_dev":{"confidence_interval":{"confidence_level":0.95,"lower_bound":200549185.450885,"upper_bound":271588269.7915563},"point_estimate":237362884.99736837,"standard_error":18143768.957012843}}