{"mean":{"confidence_interval":{"confidence_level":0.95,"lower_bound":69508769.88800001,"upper_bound":71473778.17275},"point_estimate":70501927.95,"standard_error":504221.0796648168},"median":{"confidence_interval":{"confidence_level":0.95,"lower_bound":69791499.5,"upper_bound":72587828.5},"point_estimate":71232607.0,"standard_error":713288.05240088},"median_abs_dev":{"confidence_interval":{"confidence_level":0.95,"lower_bound":3715067.8794443607,"upper_bound":6062997.705960271},"point_estimate":5129489.010733366,"standard_error":575779.3571670078},"slope":null,"std_dev":{"confidence_interval":{"confidence_level":0.95,"lower_bound":4401537.130693099,"upper_bound":5588979.389651329},"point_estimate":5033738.491382587,"standard_error":303336.07117657963}}