{"mean":{"confidence_interval":{"confidence_level":0.95,"lower_bound":113446853.46425,"upper_bound":116193387.9195},"point_estimate":114812487.32,"standard_error":701655.910540303},"median":{"confidence_interval":{"confidence_level":0.95,"lower_bound":112683928.0,"upper_bound":116253716.5},"point_estimate":114723400.5,"standard_error":925496.0492709102},"median_abs_dev":{"confidence_interval":{"confidence_level":0.95,"lower_bound":5543138.851189613,"upper_bound":9105735.408040881},"point_estimate":7064284.941583872,"standard_error":900326.2603015706},"slope":null,"std_dev":{"confidence_interval":{"confidence_level":0.95,"lower_bound":6111055.17694618,"upper_bound":7948630.19500217},"point_estimate":7068872.744292602,"standard_error":469108.21165656147}}