{"mean":{"confidence_interval":{"confidence_level":0.95,"lower_bound":52757177.16,"upper_bound":53664038.14475},"point_estimate":53204074.69,"standard_error":231768.83078403978},"median":{"confidence_interval":{"confidence_level":0.95,"lower_bound":52519377.5,"upper_bound":53537572.0},"point_estimate":53118812.0,"standard_error":275831.7466009659},"median_abs_dev":{"confidence_interval":{"confidence_level":0.95,"lower_bound":1609104.2990326881,"upper_bound":2733370.237272978},"point_estimate":2364415.596923232,"standard_error":294040.24346529157},"slope":null,"std_dev":{"confidence_interval":{"confidence_level":0.95,"lower_bound":1925031.2961289638,"upper_bound":2739001.757787327},"point_estimate":2333644.6060510078,"standard_error":209182.8747456604}}