{"mean":{"confidence_interval":{"confidence_level":0.95,"lower_bound":35332058.500875,"upper_bound":36308955.489625},"point_estimate":35813657.82,"standard_error":248639.60791927724},"median":{"confidence_interval":{"confidence_level":0.95,"lower_bound":35105764.5,"upper_bound":36155070.0},"point_estimate":35719225.0,"standard_error":250953.59507976795},"median_abs_dev":{"confidence_interval":{"confidence_level":0.95,"lower_bound":1699341.2638306618,"upper_bound":2738861.7875754833},"point_estimate":2166512.2220367193,"standard_error":260426.81870497062},"slope":null,"std_dev":{"confidence_interval":{"confidence_level":0.95,"lower_bound":2092409.2197305888,"upper_bound":2877000.0425514206},"point_estimate":2503704.8610442965,"standard_error":200587.50423996712}}