{"mean":{"confidence_interval":{"confidence_level":0.95,"lower_bound":28392386.283875,"upper_bound":28850281.321624998},"point_estimate":28621041.735,"standard_error":116797.06714805265},"median":{"confidence_interval":{"confidence_level":0.95,"lower_bound":28280004.5,"upper_bound":28859280.5},"point_estimate":28531032.5,"standard_error":136241.75258811473},"median_abs_dev":{"confidence_interval":{"confidence_level":0.95,"lower_bound":894509.6442192793,"upper_bound":1492771.8233767524},"point_estimate":1128863.1101086736,"standard_error":149723.03088103142},"slope":null,"std_dev":{"confidence_interval":{"confidence_level":0.95,"lower_bound":1018372.093202088,"upper_bound":1309886.9533595345},"point_estimate":1173040.654481274,"standard_error":74675.93156727546}}