{"mean":{"confidence_interval":{"confidence_level":0.95,"lower_bound":35275501.39525,"upper_bound":35568745.84},"point_estimate":35422410.475,"standard_error":75031.5567068199},"median":{"confidence_interval":{"confidence_level":0.95,"lower_bound":35287410.0,"upper_bound":35691866.25},"point_estimate":35549619.5,"standard_error":120737.94824741401},"median_abs_dev":{"confidence_interval":{"confidence_level":0.95,"lower_bound":518366.6178971529,"upper_bound":808892.8315892816},"point_estimate":651133.816190064,"standard_error":73412.69061968391},"slope":null,"std_dev":{"confidence_interval":{"confidence_level":0.95,"lower_bound":621517.0788453497,"upper_bound":882916.7112705322},"point_estimate":755516.5981264393,"standard_error":66775.86333328906}}