{"mean":{"confidence_interval":{"confidence_level":0.95,"lower_bound":278203867.66975003,"upper_bound":286000818.0965},"point_estimate":282101860.92,"standard_error":1983253.5413147088},"median":{"confidence_interval":{"confidence_level":0.95,"lower_bound":277110102.0,"upper_bound":288842765.0},"point_estimate":283884336.0,"standard_error":2888177.58267135},"median_abs_dev":{"confidence_interval":{"confidence_level":0.95,"lower_bound":14312990.493893623,"upper_bound":22873602.802312374},"point_estimate":18421152.706459165,"standard_error":2310176.922953972},"slope":null,"std_dev":{"confidence_interval":{"confidence_level":0.95,"lower_bound":16592499.750466,"upper_bound":22888456.72375883},"point_estimate":19844294.03182542,"standard_error":1604150.9843766298}}