{"mean":{"confidence_interval":{"confidence_level":0.95,"lower_bound":14781845045.23,"upper_bound":14915335051.48725},"point_estimate":14849134213.2,"standard_error":34080892.10250295},"median":{"confidence_interval":{"confidence_level":0.95,"lower_bound":14753130735.0,"upper_bound":14957470624.0},"point_estimate":14851103397.0,"standard_error":52652365.72632642},"median_abs_dev":{"confidence_interval":{"confidence_level":0.95,"lower_bound":305759078.89189124,"upper_bound":469002612.6219392},"point_estimate":400598241.5721595,"standard_error":41617150.869849816},"slope":null,"std_dev":{"confidence_interval":{"confidence_level":0.95,"lower_bound":301093307.7062876,"upper_bound":381005738.9651171},"point_estimate":342680896.15196806,"standard_error":20473149.583439756}}