{"mean":{"confidence_interval":{"confidence_level":0.95,"lower_bound":38975553.360875,"upper_bound":39407820.9285},"point_estimate":39189955.405,"standard_error":110186.72950243508},"median":{"confidence_interval":{"confidence_level":0.95,"lower_bound":38907468.0,"upper_bound":39460821.0},"point_estimate":39157118.75,"standard_error":147607.5359507077},"median_abs_dev":{"confidence_interval":{"confidence_level":0.95,"lower_bound":779539.2053604126,"upper_bound":1391308.1482655923},"point_estimate":1126561.744299531,"standard_error":159824.04687380994},"slope":null,"std_dev":{"confidence_interval":{"confidence_level":0.95,"lower_bound":949449.6130370775,"upper_bound":1253916.5173168255},"point_estimate":1109527.2720012055,"standard_error":77929.98628244291}}