{"mean":{"confidence_interval":{"confidence_level":0.95,"lower_bound":110640352.784,"upper_bound":112560242.93800001},"point_estimate":111572555.87,"standard_error":489456.74810153287},"median":{"confidence_interval":{"confidence_level":0.95,"lower_bound":110056801.0,"upper_bound":111608646.5},"point_estimate":110961032.5,"standard_error":412011.37423323846},"median_abs_dev":{"confidence_interval":{"confidence_level":0.95,"lower_bound":3073670.6679314375,"upper_bound":5780622.456273437},"point_estimate":4636727.635681629,"standard_error":698006.9315317664},"slope":null,"std_dev":{"confidence_interval":{"confidence_level":0.95,"lower_bound":3881623.2452154863,"upper_bound":6150345.289989592},"point_estimate":4923705.914966548,"standard_error":601021.3615883758}}