{"mean":{"confidence_interval":{"confidence_level":0.95,"lower_bound":108054895.00625,"upper_bound":111397693.54},"point_estimate":109704402.37,"standard_error":852875.2822340406},"median":{"confidence_interval":{"confidence_level":0.95,"lower_bound":107276830.0,"upper_bound":111273551.0},"point_estimate":108787869.0,"standard_error":838777.5869253326},"median_abs_dev":{"confidence_interval":{"confidence_level":0.95,"lower_bound":5270029.1100382805,"upper_bound":9561775.00564456},"point_estimate":6977279.303428531,"standard_error":1090410.7103092847},"slope":null,"std_dev":{"confidence_interval":{"confidence_level":0.95,"lower_bound":7321514.93588237,"upper_bound":9641706.78387373},"point_estimate":8566849.796041107,"standard_error":592105.4225960084}}