{"mean":{"confidence_interval":{"confidence_level":0.95,"lower_bound":17969738.655666668,"upper_bound":18173561.576666668},"point_estimate":18071932.67333333,"standard_error":52283.71061159871},"median":{"confidence_interval":{"confidence_level":0.95,"lower_bound":18045683.166666668,"upper_bound":18255590.166666668},"point_estimate":18139706.333333336,"standard_error":61170.24636922372},"median_abs_dev":{"confidence_interval":{"confidence_level":0.95,"lower_bound":307635.788038373,"upper_bound":564958.8046699762},"point_estimate":443701.8948227121,"standard_error":65874.70605785091},"slope":null,"std_dev":{"confidence_interval":{"confidence_level":0.95,"lower_bound":441394.74630343425,"upper_bound":601758.9918038046},"point_estimate":527765.9173790194,"standard_error":40706.92131792623}}