{"mean":{"confidence_interval":{"confidence_level":0.95,"lower_bound":139958338.61249998,"upper_bound":143451457.4725},"point_estimate":141703009.77,"standard_error":889914.6450944401},"median":{"confidence_interval":{"confidence_level":0.95,"lower_bound":139589112.5,"upper_bound":145083559.0},"point_estimate":140789244.0,"standard_error":1431020.8945013818},"median_abs_dev":{"confidence_interval":{"confidence_level":0.95,"lower_bound":6860806.990796328,"upper_bound":10629818.528982997},"point_estimate":8510966.707000136,"standard_error":923778.8962374548},"slope":null,"std_dev":{"confidence_interval":{"confidence_level":0.95,"lower_bound":7719823.346554232,"upper_bound":10008220.657645663},"point_estimate":8938057.68088806,"standard_error":587687.1792567306}}