{"mean":{"confidence_interval":{"confidence_level":0.95,"lower_bound":47638051.197625004,"upper_bound":49228683.63825},"point_estimate":48427217.025,"standard_error":406318.8919900761},"median":{"confidence_interval":{"confidence_level":0.95,"lower_bound":46888413.0,"upper_bound":48885280.5},"point_estimate":47823727.0,"standard_error":525787.630180808},"median_abs_dev":{"confidence_interval":{"confidence_level":0.95,"lower_bound":2664939.723537863,"upper_bound":5024525.380396843},"point_estimate":3657554.4906154275,"standard_error":604501.7248185916},"slope":null,"std_dev":{"confidence_interval":{"confidence_level":0.95,"lower_bound":3500469.026817221,"upper_bound":4562294.198526525},"point_estimate":4066640.5749917524,"standard_error":270451.46756012616}}