{"mean":{"confidence_interval":{"confidence_level":0.95,"lower_bound":181348780.74850002,"upper_bound":186392368.68175},"point_estimate":183867204.86,"standard_error":1285553.7463418578},"median":{"confidence_interval":{"confidence_level":0.95,"lower_bound":178886029.0,"upper_bound":187073619.0},"point_estimate":181507325.5,"standard_error":1916781.9370944928},"median_abs_dev":{"confidence_interval":{"confidence_level":0.95,"lower_bound":11747254.870444536,"upper_bound":18727552.00611949},"point_estimate":15617784.4766289,"standard_error":1736007.2292539894},"slope":null,"std_dev":{"confidence_interval":{"confidence_level":0.95,"lower_bound":11558029.027318342,"upper_bound":13982223.78506647},"point_estimate":12864470.626680566,"standard_error":619747.1703572505}}