{"mean":{"confidence_interval":{"confidence_level":0.95,"lower_bound":16411886.705,"upper_bound":16696294.93},"point_estimate":16555057.185,"standard_error":72536.41765988556},"median":{"confidence_interval":{"confidence_level":0.95,"lower_bound":16461001.0,"upper_bound":16830842.52499998},"point_estimate":16652740.375,"standard_error":85237.35552243957},"median_abs_dev":{"confidence_interval":{"confidence_level":0.95,"lower_bound":469057.0106975734,"upper_bound":878568.5439772904},"point_estimate":687911.7471121252,"standard_error":107925.736142675},"slope":null,"std_dev":{"confidence_interval":{"confidence_level":0.95,"lower_bound":626205.7770019504,"upper_bound":812278.1547147332},"point_estimate":725073.5074857107,"standard_error":47530.80127993735}}