{"mean":{"confidence_interval":{"confidence_level":0.95,"lower_bound":767765041.5,"upper_bound":769866857.4697499},"point_estimate":768779332.31,"standard_error":537697.2529134067},"median":{"confidence_interval":{"confidence_level":0.95,"lower_bound":767553806.0,"upper_bound":769505101.425},"point_estimate":768500209.5,"standard_error":472145.8288443131},"median_abs_dev":{"confidence_interval":{"confidence_level":0.95,"lower_bound":2913489.5660202205,"upper_bound":4778529.427564144},"point_estimate":3722778.1406074762,"standard_error":465903.1846183871},"slope":null,"std_dev":{"confidence_interval":{"confidence_level":0.95,"lower_bound":3954589.5752122537,"upper_bound":6727553.548727473},"point_estimate":5390945.002895259,"standard_error":711573.187336394}}