{"mean":{"confidence_interval":{"confidence_level":0.95,"lower_bound":55393213.489750005,"upper_bound":56347983.8475},"point_estimate":55870278.97,"standard_error":243570.51078964127},"median":{"confidence_interval":{"confidence_level":0.95,"lower_bound":55167718.5,"upper_bound":56828298.0},"point_estimate":56263954.5,"standard_error":381436.76814074675},"median_abs_dev":{"confidence_interval":{"confidence_level":0.95,"lower_bound":1908814.4782617695,"upper_bound":3076351.949983835},"point_estimate":2459509.559234977,"standard_error":303565.3571858672},"slope":null,"std_dev":{"confidence_interval":{"confidence_level":0.95,"lower_bound":2133107.012451016,"upper_bound":2721062.951176126},"point_estimate":2444683.9808139065,"standard_error":150090.3189314117}}