{"mean":{"confidence_interval":{"confidence_level":0.95,"lower_bound":184764560.69,"upper_bound":191211890.65},"point_estimate":187964928.64,"standard_error":1653108.8494751654},"median":{"confidence_interval":{"confidence_level":0.95,"lower_bound":179637517.5,"upper_bound":192496979.0},"point_estimate":182420100.5,"standard_error":3153693.7037442666},"median_abs_dev":{"confidence_interval":{"confidence_level":0.95,"lower_bound":13839353.175902367,"upper_bound":25118050.11586547},"point_estimate":19907337.60687411,"standard_error":2972695.972257018},"slope":null,"std_dev":{"confidence_interval":{"confidence_level":0.95,"lower_bound":15165872.200703038,"upper_bound":17778106.208158508},"point_estimate":16607058.529125439,"standard_error":668193.6755400233}}