{"mean":{"confidence_interval":{"confidence_level":0.95,"lower_bound":29137025.99725,"upper_bound":30037879.785875},"point_estimate":29575836.265,"standard_error":230595.18441251307},"median":{"confidence_interval":{"confidence_level":0.95,"lower_bound":28542559.0,"upper_bound":29625894.0},"point_estimate":29180140.5,"standard_error":255723.49676275195},"median_abs_dev":{"confidence_interval":{"confidence_level":0.95,"lower_bound":1369882.7161297202,"upper_bound":2311562.0198115706},"point_estimate":1792215.7739818096,"standard_error":234659.65106239167},"slope":null,"std_dev":{"confidence_interval":{"confidence_level":0.95,"lower_bound":1911871.81897346,"upper_bound":2670243.8617260293},"point_estimate":2312543.1654376225,"standard_error":194369.62609669432}}