{"mean":{"confidence_interval":{"confidence_level":0.95,"lower_bound":22946768.563500002,"upper_bound":23647279.04325001},"point_estimate":23289054.569999997,"standard_error":178564.2900411906},"median":{"confidence_interval":{"confidence_level":0.95,"lower_bound":22414971.166666664,"upper_bound":23844780.0},"point_estimate":22991105.0,"standard_error":417514.3198066766},"median_abs_dev":{"confidence_interval":{"confidence_level":0.95,"lower_bound":1452828.2480796445,"upper_bound":2354772.7666944265},"point_estimate":1740624.5071977368,"standard_error":221951.97432465805},"slope":null,"std_dev":{"confidence_interval":{"confidence_level":0.95,"lower_bound":1444129.6698931279,"upper_bound":2170779.2808178887},"point_estimate":1790317.825639124,"standard_error":190120.21604414334}}