{"mean":{"confidence_interval":{"confidence_level":0.95,"lower_bound":28768470.639875,"upper_bound":29193380.6285},"point_estimate":28979885.325,"standard_error":108515.60184524694},"median":{"confidence_interval":{"confidence_level":0.95,"lower_bound":28693429.5,"upper_bound":29245870.5},"point_estimate":29028438.0,"standard_error":141674.68486308728},"median_abs_dev":{"confidence_interval":{"confidence_level":0.95,"lower_bound":821871.1411088705,"upper_bound":1494316.5906205773},"point_estimate":1093199.1677418351,"standard_error":173992.54535872134},"slope":null,"std_dev":{"confidence_interval":{"confidence_level":0.95,"lower_bound":960787.0506368777,"upper_bound":1204378.6883682555},"point_estimate":1091297.3925289875,"standard_error":62240.31715478414}}