{"mean":{"confidence_interval":{"confidence_level":0.95,"lower_bound":30113964.366,"upper_bound":30661293.246875},"point_estimate":30389604.055,"standard_error":140150.01880998202},"median":{"confidence_interval":{"confidence_level":0.95,"lower_bound":29856320.0,"upper_bound":31311694.5},"point_estimate":30649981.5,"standard_error":488545.4702535287},"median_abs_dev":{"confidence_interval":{"confidence_level":0.95,"lower_bound":1165894.0096512437,"upper_bound":2214271.585638821},"point_estimate":1267397.6222991943,"standard_error":331318.4478782139},"slope":null,"std_dev":{"confidence_interval":{"confidence_level":0.95,"lower_bound":1234231.0497035605,"upper_bound":1563262.7874325379},"point_estimate":1412820.8198014135,"standard_error":83938.4688370966}}