{"mean":{"confidence_interval":{"confidence_level":0.95,"lower_bound":939119230.469,"upper_bound":1020446359.81725},"point_estimate":979469545.03,"standard_error":20796234.468961574},"median":{"confidence_interval":{"confidence_level":0.95,"lower_bound":901689644.5,"upper_bound":1010686030.0},"point_estimate":971019048.5,"standard_error":21810574.15821701},"median_abs_dev":{"confidence_interval":{"confidence_level":0.95,"lower_bound":180637578.9810419,"upper_bound":275998408.54674876},"point_estimate":236004213.45648766,"standard_error":24269334.216757983},"slope":null,"std_dev":{"confidence_interval":{"confidence_level":0.95,"lower_bound":182073797.35041207,"upper_bound":230101082.3410084},"point_estimate":207844242.0296419,"standard_error":12212524.181672169}}