{"mean":{"confidence_interval":{"confidence_level":0.95,"lower_bound":67703163.41,"upper_bound":70810831.11625},"point_estimate":69248366.11,"standard_error":793358.9085763267},"median":{"confidence_interval":{"confidence_level":0.95,"lower_bound":66901164.0,"upper_bound":71208323.0},"point_estimate":70164830.5,"standard_error":1015807.3299651268},"median_abs_dev":{"confidence_interval":{"confidence_level":0.95,"lower_bound":6081355.258834362,"upper_bound":10441171.02573216},"point_estimate":8357055.038532615,"standard_error":1199620.4798213476},"slope":null,"std_dev":{"confidence_interval":{"confidence_level":0.95,"lower_bound":6759158.024792114,"upper_bound":9085579.50963384},"point_estimate":7957591.298524014,"standard_error":594394.6853123757}}