{"mean":{"confidence_interval":{"confidence_level":0.95,"lower_bound":11975585.906000001,"upper_bound":12038998.755150003},"point_estimate":12006461.077999994,"standard_error":16210.071850536448},"median":{"confidence_interval":{"confidence_level":0.95,"lower_bound":11971796.8,"upper_bound":11991341.5},"point_estimate":11979848.9,"standard_error":5006.065684258052},"median_abs_dev":{"confidence_interval":{"confidence_level":0.95,"lower_bound":28277.332777978096,"upper_bound":53281.08481406896},"point_estimate":42156.692431570205,"standard_error":6218.48655092396},"slope":null,"std_dev":{"confidence_interval":{"confidence_level":0.95,"lower_bound":121304.71875456178,"upper_bound":198836.94034426034},"point_estimate":162520.96833114943,"standard_error":19857.433631905526}}