{"mean":{"confidence_interval":{"confidence_level":0.95,"lower_bound":183856008.25125,"upper_bound":189736131.28225002},"point_estimate":186791888.14,"standard_error":1501562.102168768},"median":{"confidence_interval":{"confidence_level":0.95,"lower_bound":179780899.0,"upper_bound":193746546.5},"point_estimate":187588076.0,"standard_error":3842656.264477113},"median_abs_dev":{"confidence_interval":{"confidence_level":0.95,"lower_bound":15082584.029448114,"upper_bound":21922259.1707021},"point_estimate":19205964.778625965,"standard_error":1691539.084222694},"slope":null,"std_dev":{"confidence_interval":{"confidence_level":0.95,"lower_bound":13671392.430559134,"upper_bound":16370164.04258183},"point_estimate":15115597.00569925,"standard_error":686526.9521270404}}