{"mean":{"confidence_interval":{"confidence_level":0.95,"lower_bound":192139610.29,"upper_bound":202716273.13975},"point_estimate":197285382.09,"standard_error":2699176.737221861},"median":{"confidence_interval":{"confidence_level":0.95,"lower_bound":191103335.0,"upper_bound":199078425.0},"point_estimate":194681875.5,"standard_error":1933444.652342404},"median_abs_dev":{"confidence_interval":{"confidence_level":0.95,"lower_bound":15722119.484576583,"upper_bound":25630057.862475514},"point_estimate":20558855.04580736,"standard_error":2503034.170440331},"slope":null,"std_dev":{"confidence_interval":{"confidence_level":0.95,"lower_bound":21978578.354183592,"upper_bound":31899810.308213547},"point_estimate":27190411.955951985,"standard_error":2541115.7943367437}}