{"mean":{"confidence_interval":{"confidence_level":0.95,"lower_bound":49525771.885,"upper_bound":50051030.385},"point_estimate":49786508.22,"standard_error":133952.46301027274},"median":{"confidence_interval":{"confidence_level":0.95,"lower_bound":49319682.25,"upper_bound":49886197.25},"point_estimate":49548839.25,"standard_error":139447.3558783557},"median_abs_dev":{"confidence_interval":{"confidence_level":0.95,"lower_bound":915539.9541959167,"upper_bound":1589607.3680788279},"point_estimate":1183889.8081317544,"standard_error":178392.88499708907},"slope":null,"std_dev":{"confidence_interval":{"confidence_level":0.95,"lower_bound":1137758.2313363426,"upper_bound":1529033.62723464},"point_estimate":1344157.4135176018,"standard_error":100456.78026765908}}