{"mean":{"confidence_interval":{"confidence_level":0.95,"lower_bound":92358218.896,"upper_bound":93554340.38275},"point_estimate":92949318.62,"standard_error":304734.135960126},"median":{"confidence_interval":{"confidence_level":0.95,"lower_bound":92232835.0,"upper_bound":92880621.0},"point_estimate":92460778.5,"standard_error":184593.69388971504},"median_abs_dev":{"confidence_interval":{"confidence_level":0.95,"lower_bound":1183606.2608867884,"upper_bound":2560612.499240041},"point_estimate":1796165.4203116894,"standard_error":365409.96179145214},"slope":null,"std_dev":{"confidence_interval":{"confidence_level":0.95,"lower_bound":2495320.9052285175,"upper_bound":3531943.281279473},"point_estimate":3053990.9520620094,"standard_error":264930.24676320195}}