{"mean":{"confidence_interval":{"confidence_level":0.95,"lower_bound":60991465.33725,"upper_bound":63034317.592250004},"point_estimate":62008083.6,"standard_error":521873.1751666693},"median":{"confidence_interval":{"confidence_level":0.95,"lower_bound":59860264.0,"upper_bound":63422965.0},"point_estimate":61706506.0,"standard_error":794463.3897876076},"median_abs_dev":{"confidence_interval":{"confidence_level":0.95,"lower_bound":4150568.278312683,"upper_bound":6668274.3343144655},"point_estimate":5246819.748750329,"standard_error":677130.5048593116},"slope":null,"std_dev":{"confidence_interval":{"confidence_level":0.95,"lower_bound":4542039.2801757185,"upper_bound":5903206.349224621},"point_estimate":5247567.62614219,"standard_error":348088.57099497283}}