{"mean":{"confidence_interval":{"confidence_level":0.95,"lower_bound":42273524.20475,"upper_bound":43261116.3855},"point_estimate":42771204.425,"standard_error":252992.72858495786},"median":{"confidence_interval":{"confidence_level":0.95,"lower_bound":41993291.5,"upper_bound":43561288.0},"point_estimate":42933981.75,"standard_error":449022.2421975335},"median_abs_dev":{"confidence_interval":{"confidence_level":0.95,"lower_bound":2093511.2232327461,"upper_bound":3143290.2268454432},"point_estimate":2604368.8429132104,"standard_error":266031.92735017015},"slope":null,"std_dev":{"confidence_interval":{"confidence_level":0.95,"lower_bound":2181805.3211646206,"upper_bound":2870737.0450624735},"point_estimate":2541951.6837907103,"standard_error":175605.9570039671}}