{"mean":{"confidence_interval":{"confidence_level":0.95,"lower_bound":6334165724.7885,"upper_bound":6472857433.64225},"point_estimate":6405492211.07,"standard_error":35412801.2060392},"median":{"confidence_interval":{"confidence_level":0.95,"lower_bound":6383586760.0,"upper_bound":6594298857.0},"point_estimate":6558748730.0,"standard_error":40578220.21189948},"median_abs_dev":{"confidence_interval":{"confidence_level":0.95,"lower_bound":136057035.00220478,"upper_bound":324443311.3838866},"point_estimate":246735809.50846374,"standard_error":46611873.42146377},"slope":null,"std_dev":{"confidence_interval":{"confidence_level":0.95,"lower_bound":290472068.02028865,"upper_bound":409534975.6752729},"point_estimate":356091592.51636916,"standard_error":30489607.776986368}}