{"mean":{"confidence_interval":{"confidence_level":0.95,"lower_bound":129726480.268,"upper_bound":135168644.73075},"point_estimate":132425580.2,"standard_error":1390869.0277506888},"median":{"confidence_interval":{"confidence_level":0.95,"lower_bound":127468457.0,"upper_bound":136016167.0},"point_estimate":130932398.0,"standard_error":1899065.8690228348},"median_abs_dev":{"confidence_interval":{"confidence_level":0.95,"lower_bound":11243663.843885064,"upper_bound":17562785.384020723},"point_estimate":15041763.993555307,"standard_error":1583841.9248513859},"slope":null,"std_dev":{"confidence_interval":{"confidence_level":0.95,"lower_bound":11949756.213054853,"upper_bound":15924740.755558154},"point_estimate":13971488.670849936,"standard_error":1022220.9880606569}}