{"mean":{"confidence_interval":{"confidence_level":0.95,"lower_bound":43472137.019999996,"upper_bound":43986450.854499996},"point_estimate":43710069.275,"standard_error":131431.67638853125},"median":{"confidence_interval":{"confidence_level":0.95,"lower_bound":43427097.5,"upper_bound":43879428.25},"point_estimate":43616172.5,"standard_error":118808.38905261623},"median_abs_dev":{"confidence_interval":{"confidence_level":0.95,"lower_bound":833109.0357856086,"upper_bound":1274170.880278945},"point_estimate":1175984.2144221067,"standard_error":118994.66492240028},"slope":null,"std_dev":{"confidence_interval":{"confidence_level":0.95,"lower_bound":883940.142876151,"upper_bound":1824332.0312001032},"point_estimate":1318609.419687987,"standard_error":268685.86909725104}}