{"mean":{"confidence_interval":{"confidence_level":0.95,"lower_bound":46356160.229625,"upper_bound":47201985.898375},"point_estimate":46776657.92,"standard_error":215741.07516999988},"median":{"confidence_interval":{"confidence_level":0.95,"lower_bound":46251713.5,"upper_bound":47320636.0},"point_estimate":46663240.25,"standard_error":218868.9768814664},"median_abs_dev":{"confidence_interval":{"confidence_level":0.95,"lower_bound":1582805.570049584,"upper_bound":2645774.153678119},"point_estimate":1970818.291760981,"standard_error":268846.12392882846},"slope":null,"std_dev":{"confidence_interval":{"confidence_level":0.95,"lower_bound":1852779.3123265964,"upper_bound":2454122.2763947058},"point_estimate":2161624.0302593745,"standard_error":153568.90446763195}}