{"mean":{"confidence_interval":{"confidence_level":0.95,"lower_bound":66165793.8375,"upper_bound":67738396.49075},"point_estimate":66959507.25,"standard_error":401362.3181033103},"median":{"confidence_interval":{"confidence_level":0.95,"lower_bound":66090927.5,"upper_bound":67809846.5},"point_estimate":66764665.5,"standard_error":463802.91264805425},"median_abs_dev":{"confidence_interval":{"confidence_level":0.95,"lower_bound":2833849.002689123,"upper_bound":4800424.46397543},"point_estimate":3514088.109612465,"standard_error":519237.11840414803},"slope":null,"std_dev":{"confidence_interval":{"confidence_level":0.95,"lower_bound":3460093.3189639347,"upper_bound":4534105.318100108},"point_estimate":4028750.9463459817,"standard_error":273213.2447534557}}