{"mean":{"confidence_interval":{"confidence_level":0.95,"lower_bound":29600544.285,"upper_bound":30899694.098875},"point_estimate":30216745.0,"standard_error":332767.4331342173},"median":{"confidence_interval":{"confidence_level":0.95,"lower_bound":28745342.0,"upper_bound":30115687.0},"point_estimate":29379035.0,"standard_error":307932.1405204577},"median_abs_dev":{"confidence_interval":{"confidence_level":0.95,"lower_bound":1435312.4475181103,"upper_bound":2549381.721043174},"point_estimate":1958592.0310780406,"standard_error":251793.60323762972},"slope":null,"std_dev":{"confidence_interval":{"confidence_level":0.95,"lower_bound":2491983.164792329,"upper_bound":4081712.3204193297},"point_estimate":3343918.159994143,"standard_error":405648.2557025663}}