{"mean":{"confidence_interval":{"confidence_level":0.95,"lower_bound":60087010.01775,"upper_bound":61409863.03},"point_estimate":60744997.62,"standard_error":337238.8871833754},"median":{"confidence_interval":{"confidence_level":0.95,"lower_bound":59809402.5,"upper_bound":61203734.0},"point_estimate":60595653.0,"standard_error":501679.37733258016},"median_abs_dev":{"confidence_interval":{"confidence_level":0.95,"lower_bound":2953088.5881721973,"upper_bound":4511008.347013593},"point_estimate":3965342.615801096,"standard_error":383953.62468663376},"slope":null,"std_dev":{"confidence_interval":{"confidence_level":0.95,"lower_bound":2943177.1451028055,"upper_bound":3771859.489906107},"point_estimate":3378426.9239907847,"standard_error":212002.0439942335}}