{"mean":{"confidence_interval":{"confidence_level":0.95,"lower_bound":13741522.02825,"upper_bound":14000383.7518125},"point_estimate":13870752.1375,"standard_error":65968.5831378168},"median":{"confidence_interval":{"confidence_level":0.95,"lower_bound":13754550.5,"upper_bound":13968722.25},"point_estimate":13894523.125,"standard_error":52939.38930614862},"median_abs_dev":{"confidence_interval":{"confidence_level":0.95,"lower_bound":382377.54453644156,"upper_bound":795648.9513494074},"point_estimate":593699.9317847192,"standard_error":96111.80682143905},"slope":null,"std_dev":{"confidence_interval":{"confidence_level":0.95,"lower_bound":557895.5293452422,"upper_bound":756623.1015753384},"point_estimate":661716.3083253475,"standard_error":50684.757963295546}}