{"mean":{"confidence_interval":{"confidence_level":0.95,"lower_bound":26789613806.13375,"upper_bound":26904275296.11025},"point_estimate":26847275366.89,"standard_error":29193534.98867725},"median":{"confidence_interval":{"confidence_level":0.95,"lower_bound":26825046144.0,"upper_bound":26976552807.0},"point_estimate":26915520151.0,"standard_error":34695336.77684557},"median_abs_dev":{"confidence_interval":{"confidence_level":0.95,"lower_bound":241522049.51522648,"upper_bound":399615664.00690377},"point_estimate":304695735.21046937,"standard_error":40340776.00753673},"slope":null,"std_dev":{"confidence_interval":{"confidence_level":0.95,"lower_bound":257531056.17031923,"upper_bound":321242651.0362708},"point_estimate":292518634.0550122,"standard_error":16321995.44091378}}