{"mean":{"confidence_interval":{"confidence_level":0.95,"lower_bound":48498598.462,"upper_bound":49062604.385875},"point_estimate":48775627.815,"standard_error":142998.93804239217},"median":{"confidence_interval":{"confidence_level":0.95,"lower_bound":48139838.5,"upper_bound":48631501.0},"point_estimate":48356194.25,"standard_error":147721.92791172638},"median_abs_dev":{"confidence_interval":{"confidence_level":0.95,"lower_bound":555909.3850806355,"upper_bound":1428681.5191358328},"point_estimate":1034627.5731816888,"standard_error":230283.01334075187},"slope":null,"std_dev":{"confidence_interval":{"confidence_level":0.95,"lower_bound":1190022.9588538588,"upper_bound":1647275.6302237783},"point_estimate":1436392.5049139452,"standard_error":116602.9394234312}}