{"mean":{"confidence_interval":{"confidence_level":0.95,"lower_bound":59909216.07,"upper_bound":61480722.81125},"point_estimate":60698864.79,"standard_error":400812.68694045255},"median":{"confidence_interval":{"confidence_level":0.95,"lower_bound":59986750.5,"upper_bound":61303721.0},"point_estimate":60567184.5,"standard_error":448575.3017395842},"median_abs_dev":{"confidence_interval":{"confidence_level":0.95,"lower_bound":2800168.7790870667,"upper_bound":5389673.445314169},"point_estimate":3856961.5925252438,"standard_error":702083.7950845859},"slope":null,"std_dev":{"confidence_interval":{"confidence_level":0.95,"lower_bound":3452906.676289192,"upper_bound":4529125.375217577},"point_estimate":4015086.6473918012,"standard_error":274003.41271407733}}