{"mean":{"confidence_interval":{"confidence_level":0.95,"lower_bound":61385480.84075,"upper_bound":64191412.75225},"point_estimate":62776911.0,"standard_error":715623.3037724205},"median":{"confidence_interval":{"confidence_level":0.95,"lower_bound":60545078.5,"upper_bound":64396585.5},"point_estimate":61754532.0,"standard_error":972648.6669205445},"median_abs_dev":{"confidence_interval":{"confidence_level":0.95,"lower_bound":5489182.590347528,"upper_bound":8831002.961218357},"point_estimate":7197159.999024868,"standard_error":829353.5272943267},"slope":null,"std_dev":{"confidence_interval":{"confidence_level":0.95,"lower_bound":6081061.285966344,"upper_bound":8169492.193487728},"point_estimate":7178842.494465856,"standard_error":533384.1717346194}}