{"mean":{"confidence_interval":{"confidence_level":0.95,"lower_bound":174156552.76,"upper_bound":178480929.406},"point_estimate":176326901.53,"standard_error":1103660.376333446},"median":{"confidence_interval":{"confidence_level":0.95,"lower_bound":171901832.0,"upper_bound":178803335.0},"point_estimate":175026006.0,"standard_error":1680736.926254283},"median_abs_dev":{"confidence_interval":{"confidence_level":0.95,"lower_bound":8406370.0016246,"upper_bound":13776388.63762021},"point_estimate":10936144.439944625,"standard_error":1363368.478016826},"slope":null,"std_dev":{"confidence_interval":{"confidence_level":0.95,"lower_bound":9661025.449835652,"upper_bound":12332785.602609003},"point_estimate":11072442.766155219,"standard_error":683442.1333140706}}