{"mean":{"confidence_interval":{"confidence_level":0.95,"lower_bound":36283720.975875,"upper_bound":36821065.628249995},"point_estimate":36537672.715,"standard_error":137095.83725858753},"median":{"confidence_interval":{"confidence_level":0.95,"lower_bound":36110711.5,"upper_bound":36501291.5},"point_estimate":36363688.5,"standard_error":116140.13831710113},"median_abs_dev":{"confidence_interval":{"confidence_level":0.95,"lower_bound":677499.6328219771,"upper_bound":1169129.0427938104},"point_estimate":1000935.1181298494,"standard_error":116513.17153526277},"slope":null,"std_dev":{"confidence_interval":{"confidence_level":0.95,"lower_bound":963184.8151006411,"upper_bound":1838485.7408906976},"point_estimate":1381822.5930784573,"standard_error":233173.45007568257}}