{"mean":{"confidence_interval":{"confidence_level":0.95,"lower_bound":130609267.85325001,"upper_bound":134252168.29825},"point_estimate":132417944.4,"standard_error":931155.1160768629},"median":{"confidence_interval":{"confidence_level":0.95,"lower_bound":130926609.0,"upper_bound":135275132.5},"point_estimate":133049075.5,"standard_error":1088037.5178593623},"median_abs_dev":{"confidence_interval":{"confidence_level":0.95,"lower_bound":6229487.2336945,"upper_bound":10096906.122744083},"point_estimate":7824904.688680172,"standard_error":978653.5896427619},"slope":null,"std_dev":{"confidence_interval":{"confidence_level":0.95,"lower_bound":7717916.118166611,"upper_bound":10915989.724177672},"point_estimate":9342021.564453922,"standard_error":818986.1814407858}}