{"mean":{"confidence_interval":{"confidence_level":0.95,"lower_bound":83232280.04650001,"upper_bound":87134708.4315},"point_estimate":85160615.22,"standard_error":993474.9405920666},"median":{"confidence_interval":{"confidence_level":0.95,"lower_bound":81632765.0,"upper_bound":87080141.0},"point_estimate":84807935.0,"standard_error":1478345.9533964025},"median_abs_dev":{"confidence_interval":{"confidence_level":0.95,"lower_bound":7191580.9753239155,"upper_bound":12564224.999352908},"point_estimate":9488746.578741074,"standard_error":1365820.788732225},"slope":null,"std_dev":{"confidence_interval":{"confidence_level":0.95,"lower_bound":8482200.491927613,"upper_bound":11326705.025926657},"point_estimate":9961403.895045657,"standard_error":726098.1731666308}}