{"mean":{"confidence_interval":{"confidence_level":0.95,"lower_bound":61543684.86175,"upper_bound":63233353.19},"point_estimate":62375570.11,"standard_error":430178.5330258327},"median":{"confidence_interval":{"confidence_level":0.95,"lower_bound":61501444.0,"upper_bound":63381339.0},"point_estimate":62553777.0,"standard_error":489715.2886701193},"median_abs_dev":{"confidence_interval":{"confidence_level":0.95,"lower_bound":2570645.253261924,"upper_bound":4576672.699847817},"point_estimate":3239357.8866899014,"standard_error":512033.74729097215},"slope":null,"std_dev":{"confidence_interval":{"confidence_level":0.95,"lower_bound":3556447.4298116346,"upper_bound":5079306.04184084},"point_estimate":4326052.035219597,"standard_error":391187.12661045266}}