{"mean":{"confidence_interval":{"confidence_level":0.95,"lower_bound":49290204.42725,"upper_bound":50624446.38925},"point_estimate":49951718.56,"standard_error":340072.82267948077},"median":{"confidence_interval":{"confidence_level":0.95,"lower_bound":49181973.0,"upper_bound":50472253.0},"point_estimate":50106101.5,"standard_error":372388.1593192603},"median_abs_dev":{"confidence_interval":{"confidence_level":0.95,"lower_bound":2237875.6891697645,"upper_bound":3936456.564538925},"point_estimate":3025212.6290917397,"standard_error":422671.20091236447},"slope":null,"std_dev":{"confidence_interval":{"confidence_level":0.95,"lower_bound":2861372.115160286,"upper_bound":3941395.9705505427},"point_estimate":3425085.0494394917,"standard_error":276119.32515404304}}