{"mean":{"confidence_interval":{"confidence_level":0.95,"lower_bound":156252645.30275,"upper_bound":168384777.912},"point_estimate":162320546.31,"standard_error":3095495.978992984},"median":{"confidence_interval":{"confidence_level":0.95,"lower_bound":160095518.0,"upper_bound":174084713.0},"point_estimate":166427650.0,"standard_error":3824378.6734228563},"median_abs_dev":{"confidence_interval":{"confidence_level":0.95,"lower_bound":21111082.023203373,"upper_bound":37457756.38359189},"point_estimate":27827715.803459287,"standard_error":4095180.8970721997},"slope":null,"std_dev":{"confidence_interval":{"confidence_level":0.95,"lower_bound":27236220.154180266,"upper_bound":34469996.30186685},"point_estimate":31139137.703069977,"standard_error":1848347.8996683643}}