{"mean":{"confidence_interval":{"confidence_level":0.95,"lower_bound":197106181.11425,"upper_bound":204216414.65475},"point_estimate":200731134.85,"standard_error":1810971.937168327},"median":{"confidence_interval":{"confidence_level":0.95,"lower_bound":196793461.5,"upper_bound":206964298.0},"point_estimate":203100891.5,"standard_error":2641740.772225345},"median_abs_dev":{"confidence_interval":{"confidence_level":0.95,"lower_bound":13562220.399722457,"upper_bound":21634986.893302202},"point_estimate":16628308.310088515,"standard_error":2127441.575974785},"slope":null,"std_dev":{"confidence_interval":{"confidence_level":0.95,"lower_bound":15267522.105028596,"upper_bound":21046226.803807713},"point_estimate":18232997.244998883,"standard_error":1480779.1681876697}}