{"mean":{"confidence_interval":{"confidence_level":0.95,"lower_bound":62606844.80675,"upper_bound":64655164.63125},"point_estimate":63610228.97,"standard_error":523223.4489084447},"median":{"confidence_interval":{"confidence_level":0.95,"lower_bound":61629925.0,"upper_bound":63939215.0},"point_estimate":62192850.0,"standard_error":688080.9624418828},"median_abs_dev":{"confidence_interval":{"confidence_level":0.95,"lower_bound":3791736.089283228,"upper_bound":6126257.281637192},"point_estimate":4911968.614295125,"standard_error":631093.9670144877},"slope":null,"std_dev":{"confidence_interval":{"confidence_level":0.95,"lower_bound":4390370.765066292,"upper_bound":6055901.2851691535},"point_estimate":5242268.218143694,"standard_error":426655.0155232108}}