{"mean":{"confidence_interval":{"confidence_level":0.95,"lower_bound":94468008.701,"upper_bound":95995682.32374999},"point_estimate":95227452.57,"standard_error":389114.5723850658},"median":{"confidence_interval":{"confidence_level":0.95,"lower_bound":94207906.0,"upper_bound":96038654.5},"point_estimate":94935330.0,"standard_error":440542.5612445172},"median_abs_dev":{"confidence_interval":{"confidence_level":0.95,"lower_bound":3048530.9614777565,"upper_bound":5194304.57508266},"point_estimate":3787814.612352848,"standard_error":567600.8864263583},"slope":null,"std_dev":{"confidence_interval":{"confidence_level":0.95,"lower_bound":3370742.2584191537,"upper_bound":4413113.551941015},"point_estimate":3913002.8543426725,"standard_error":266200.651010969}}