{"mean":{"confidence_interval":{"confidence_level":0.95,"lower_bound":31790495.409624998,"upper_bound":32082659.566749997},"point_estimate":31937490.98,"standard_error":74695.89903842649},"median":{"confidence_interval":{"confidence_level":0.95,"lower_bound":31840637.0,"upper_bound":32046698.0},"point_estimate":31982738.25,"standard_error":50786.280294338416},"median_abs_dev":{"confidence_interval":{"confidence_level":0.95,"lower_bound":374721.95424735546,"upper_bound":725581.461918354},"point_estimate":559351.9822195172,"standard_error":90755.27301768852},"slope":null,"std_dev":{"confidence_interval":{"confidence_level":0.95,"lower_bound":620582.4880914979,"upper_bound":868457.9153593974},"point_estimate":752223.0249149393,"standard_error":63252.28627415187}}