{"mean":{"confidence_interval":{"confidence_level":0.95,"lower_bound":107592079.47999999,"upper_bound":110297196.88250001},"point_estimate":108940061.78,"standard_error":691838.4863328733},"median":{"confidence_interval":{"confidence_level":0.95,"lower_bound":106640660.0,"upper_bound":109876859.5},"point_estimate":108246336.5,"standard_error":868374.8396541122},"median_abs_dev":{"confidence_interval":{"confidence_level":0.95,"lower_bound":4685545.946314931,"upper_bound":8535465.188965201},"point_estimate":6413858.696231246,"standard_error":979311.7912113589},"slope":null,"std_dev":{"confidence_interval":{"confidence_level":0.95,"lower_bound":6021957.702073957,"upper_bound":7764579.018084011},"point_estimate":6952408.998842018,"standard_error":444690.22354873025}}