{"mean":{"confidence_interval":{"confidence_level":0.95,"lower_bound":39341918.41525,"upper_bound":39882791.696875},"point_estimate":39588152.225,"standard_error":138206.36292000406},"median":{"confidence_interval":{"confidence_level":0.95,"lower_bound":39490872.75,"upper_bound":39785074.0},"point_estimate":39636876.25,"standard_error":81356.53275203204},"median_abs_dev":{"confidence_interval":{"confidence_level":0.95,"lower_bound":593912.4995559454,"upper_bound":1127778.958877921},"point_estimate":838317.9932668805,"standard_error":129106.76470864107},"slope":null,"std_dev":{"confidence_interval":{"confidence_level":0.95,"lower_bound":828540.1142109279,"upper_bound":1998219.5898293613},"point_estimate":1385475.2796621583,"standard_error":332133.7116232793}}