{"mean":{"confidence_interval":{"confidence_level":0.95,"lower_bound":76760469.5625,"upper_bound":80154173.056},"point_estimate":78455047.9,"standard_error":867866.791008436},"median":{"confidence_interval":{"confidence_level":0.95,"lower_bound":77031061.0,"upper_bound":81024143.5},"point_estimate":78796786.5,"standard_error":1066038.3534043145},"median_abs_dev":{"confidence_interval":{"confidence_level":0.95,"lower_bound":6625006.13668263,"upper_bound":11201315.599536896},"point_estimate":8959325.695440173,"standard_error":1186269.546994614},"slope":null,"std_dev":{"confidence_interval":{"confidence_level":0.95,"lower_bound":7627847.679687511,"upper_bound":9677029.774096962},"point_estimate":8723430.435806315,"standard_error":523311.75128788146}}