{"mean":{"confidence_interval":{"confidence_level":0.95,"lower_bound":50493866.62575,"upper_bound":51039578.598500006},"point_estimate":50765660.79,"standard_error":139588.76828053046},"median":{"confidence_interval":{"confidence_level":0.95,"lower_bound":50091152.0,"upper_bound":51261266.0},"point_estimate":50691457.5,"standard_error":307590.19205180276},"median_abs_dev":{"confidence_interval":{"confidence_level":0.95,"lower_bound":1190299.4584679604,"upper_bound":1810989.1961485147},"point_estimate":1403526.986682415,"standard_error":161090.88300342564},"slope":null,"std_dev":{"confidence_interval":{"confidence_level":0.95,"lower_bound":1191225.0922032325,"upper_bound":1587606.178388602},"point_estimate":1395928.164263189,"standard_error":101137.4924509413}}