{"mean":{"confidence_interval":{"confidence_level":0.95,"lower_bound":17432841.983250003,"upper_bound":17745897.49441666},"point_estimate":17589382.726666674,"standard_error":79720.72798500049},"median":{"confidence_interval":{"confidence_level":0.95,"lower_bound":17467806.333333332,"upper_bound":17840438.333333332},"point_estimate":17634951.166666664,"standard_error":82956.64004228968},"median_abs_dev":{"confidence_interval":{"confidence_level":0.95,"lower_bound":572098.5119432174,"upper_bound":1020932.6736748209},"point_estimate":821079.1856229315,"standard_error":117095.00273037545},"slope":null,"std_dev":{"confidence_interval":{"confidence_level":0.95,"lower_bound":698764.8226192804,"upper_bound":900474.74294036},"point_estimate":804426.0885573153,"standard_error":51498.40963515618}}