{"mean":{"confidence_interval":{"confidence_level":0.95,"lower_bound":55462900.31325,"upper_bound":56167117.84025},"point_estimate":55809715.09,"standard_error":179681.2802088588},"median":{"confidence_interval":{"confidence_level":0.95,"lower_bound":55400580.0,"upper_bound":56134085.5},"point_estimate":55729061.5,"standard_error":184907.11122571045},"median_abs_dev":{"confidence_interval":{"confidence_level":0.95,"lower_bound":1126672.19799757,"upper_bound":1992563.2149249315},"point_estimate":1482897.2349733114,"standard_error":218723.46095694086},"slope":null,"std_dev":{"confidence_interval":{"confidence_level":0.95,"lower_bound":1512333.1732234228,"upper_bound":2057222.5217182778},"point_estimate":1801098.608474452,"standard_error":139359.36094692038}}