{"mean":{"confidence_interval":{"confidence_level":0.95,"lower_bound":58182277.853,"upper_bound":59739577.33625},"point_estimate":58931560.32,"standard_error":396729.75111622637},"median":{"confidence_interval":{"confidence_level":0.95,"lower_bound":57232238.0,"upper_bound":59189613.5},"point_estimate":58109693.5,"standard_error":492696.52327090525},"median_abs_dev":{"confidence_interval":{"confidence_level":0.95,"lower_bound":2710262.230225728,"upper_bound":4533486.786514521},"point_estimate":3558205.095729232,"standard_error":473636.98400136887},"slope":null,"std_dev":{"confidence_interval":{"confidence_level":0.95,"lower_bound":3107817.7709929794,"upper_bound":4993605.608990704},"point_estimate":3981669.8275648393,"standard_error":501928.76105101506}}