{"mean":{"confidence_interval":{"confidence_level":0.95,"lower_bound":1569258591.52225,"upper_bound":1702791375.38925},"point_estimate":1637158312.66,"standard_error":34174647.72398693},"median":{"confidence_interval":{"confidence_level":0.95,"lower_bound":1641760464.0,"upper_bound":1789065702.0},"point_estimate":1705293427.0,"standard_error":46771807.75643595},"median_abs_dev":{"confidence_interval":{"confidence_level":0.95,"lower_bound":194291770.98753154,"upper_bound":373876400.05426705},"point_estimate":270362624.9884039,"standard_error":48619149.99079904},"slope":null,"std_dev":{"confidence_interval":{"confidence_level":0.95,"lower_bound":286470249.61595756,"upper_bound":396326242.559992},"point_estimate":344230535.55183506,"standard_error":28036027.477282483}}