{"mean":{"confidence_interval":{"confidence_level":0.95,"lower_bound":100868555.42725,"upper_bound":102422098.04800001},"point_estimate":101642935.17,"standard_error":395921.0385344729},"median":{"confidence_interval":{"confidence_level":0.95,"lower_bound":100248595.0,"upper_bound":102898254.5},"point_estimate":101877020.0,"standard_error":637607.5887891224},"median_abs_dev":{"confidence_interval":{"confidence_level":0.95,"lower_bound":3333665.941288099,"upper_bound":5109955.756080151},"point_estimate":4227944.429638982,"standard_error":462785.1790642066},"slope":null,"std_dev":{"confidence_interval":{"confidence_level":0.95,"lower_bound":3453619.298237584,"upper_bound":4447333.7704562675},"point_estimate":3976679.981066159,"standard_error":253755.38916440043}}