{"mean":{"confidence_interval":{"confidence_level":0.95,"lower_bound":70009096.11600001,"upper_bound":72245172.5},"point_estimate":71122845.4,"standard_error":570671.478570692},"median":{"confidence_interval":{"confidence_level":0.95,"lower_bound":69641732.0,"upper_bound":72748217.0},"point_estimate":70852432.0,"standard_error":798035.6789525292},"median_abs_dev":{"confidence_interval":{"confidence_level":0.95,"lower_bound":4491322.384563088,"upper_bound":7137826.348078251},"point_estimate":5746955.576071143,"standard_error":693535.4558935108},"slope":null,"std_dev":{"confidence_interval":{"confidence_level":0.95,"lower_bound":5006795.575674121,"upper_bound":6361607.430550419},"point_estimate":5733232.439987828,"standard_error":346169.57601295284}}