{"mean":{"confidence_interval":{"confidence_level":0.95,"lower_bound":68580851.3655,"upper_bound":70664703.37124999},"point_estimate":69603115.07,"standard_error":530706.4898428887},"median":{"confidence_interval":{"confidence_level":0.95,"lower_bound":67749444.0,"upper_bound":69938712.0},"point_estimate":68842899.5,"standard_error":490046.39787186036},"median_abs_dev":{"confidence_interval":{"confidence_level":0.95,"lower_bound":3443083.43167305,"upper_bound":6331092.589765638},"point_estimate":4744997.4639594555,"standard_error":776695.1300141959},"slope":null,"std_dev":{"confidence_interval":{"confidence_level":0.95,"lower_bound":4501822.409607778,"upper_bound":6061917.927498527},"point_estimate":5323896.4342615055,"standard_error":400049.9254430792}}