{"mean":{"confidence_interval":{"confidence_level":0.95,"lower_bound":43781231.78575,"upper_bound":44366992.478125},"point_estimate":44060855.27,"standard_error":149884.20263091254},"median":{"confidence_interval":{"confidence_level":0.95,"lower_bound":43619448.5,"upper_bound":44106261.5},"point_estimate":43970566.75,"standard_error":118914.34655248458},"median_abs_dev":{"confidence_interval":{"confidence_level":0.95,"lower_bound":703300.9495139122,"upper_bound":1248926.6505271196},"point_estimate":1001012.5839784741,"standard_error":136012.39263107686},"slope":null,"std_dev":{"confidence_interval":{"confidence_level":0.95,"lower_bound":1027258.8847390725,"upper_bound":1946498.2615456972},"point_estimate":1509173.5628825107,"standard_error":235365.23543607336}}