{"mean":{"confidence_interval":{"confidence_level":0.95,"lower_bound":38426725.543875,"upper_bound":38994352.09775},"point_estimate":38718699.96,"standard_error":145009.32694367127},"median":{"confidence_interval":{"confidence_level":0.95,"lower_bound":38758638.5,"upper_bound":39260154.5},"point_estimate":39015801.25,"standard_error":135326.971392999},"median_abs_dev":{"confidence_interval":{"confidence_level":0.95,"lower_bound":732410.688047111,"upper_bound":1541883.216226101},"point_estimate":1102758.6017221212,"standard_error":207534.00439045363},"slope":null,"std_dev":{"confidence_interval":{"confidence_level":0.95,"lower_bound":1182931.2916246115,"upper_bound":1706910.795436686},"point_estimate":1459374.8895154137,"standard_error":133850.92483806243}}