{"mean":{"confidence_interval":{"confidence_level":0.95,"lower_bound":92351293.8855,"upper_bound":94032301.605},"point_estimate":93193770.8,"standard_error":429180.2330402062},"median":{"confidence_interval":{"confidence_level":0.95,"lower_bound":92753087.0,"upper_bound":94209569.0},"point_estimate":93569102.5,"standard_error":367306.9888600542},"median_abs_dev":{"confidence_interval":{"confidence_level":0.95,"lower_bound":2858030.949559808,"upper_bound":5416860.6223315},"point_estimate":4082055.109629035,"standard_error":687710.7990376594},"slope":null,"std_dev":{"confidence_interval":{"confidence_level":0.95,"lower_bound":3708970.7014037715,"upper_bound":4832249.010253828},"point_estimate":4302240.381183074,"standard_error":286063.7996943704}}