{"mean":{"confidence_interval":{"confidence_level":0.95,"lower_bound":20018066.17,"upper_bound":20565788.886666663},"point_estimate":20296501.8,"standard_error":139782.54240246274},"median":{"confidence_interval":{"confidence_level":0.95,"lower_bound":20199160.166666664,"upper_bound":20880935.166666664},"point_estimate":20480836.5,"standard_error":181519.96660358977},"median_abs_dev":{"confidence_interval":{"confidence_level":0.95,"lower_bound":962881.718805436,"upper_bound":1598230.663725732},"point_estimate":1308406.8317711335,"standard_error":158890.5122135763},"slope":null,"std_dev":{"confidence_interval":{"confidence_level":0.95,"lower_bound":1127990.2420386283,"upper_bound":1652017.1562169734},"point_estimate":1392143.5874185066,"standard_error":135786.91665790151}}