{"mean":{"confidence_interval":{"confidence_level":0.95,"lower_bound":80714096.89275001,"upper_bound":83220688.14299999},"point_estimate":81949574.67,"standard_error":638171.3860063732},"median":{"confidence_interval":{"confidence_level":0.95,"lower_bound":79857361.5,"upper_bound":82063711.5},"point_estimate":81102673.0,"standard_error":580675.4078766969},"median_abs_dev":{"confidence_interval":{"confidence_level":0.95,"lower_bound":4239814.866328239,"upper_bound":7652527.97884047},"point_estimate":6256257.577729225,"standard_error":861018.893739273},"slope":null,"std_dev":{"confidence_interval":{"confidence_level":0.95,"lower_bound":5503650.933106832,"upper_bound":7146769.589013677},"point_estimate":6384259.977140698,"standard_error":420039.00975599175}}