{"mean":{"confidence_interval":{"confidence_level":0.95,"lower_bound":51568902.936000004,"upper_bound":52994780.165},"point_estimate":52267755.84,"standard_error":364051.33433296124},"median":{"confidence_interval":{"confidence_level":0.95,"lower_bound":51254371.0,"upper_bound":51796217.5},"point_estimate":51678221.0,"standard_error":137524.09774243218},"median_abs_dev":{"confidence_interval":{"confidence_level":0.95,"lower_bound":1421120.259270072,"upper_bound":3368317.342002899},"point_estimate":1773343.7589168549,"standard_error":601459.1880566523},"slope":null,"std_dev":{"confidence_interval":{"confidence_level":0.95,"lower_bound":2869637.2926223846,"upper_bound":4414202.92470328},"point_estimate":3662488.385655538,"standard_error":396107.95640721364}}