{"mean":{"confidence_interval":{"confidence_level":0.95,"lower_bound":183482146.75349998,"upper_bound":189139837.11975002},"point_estimate":186315724.12,"standard_error":1445687.5553955864},"median":{"confidence_interval":{"confidence_level":0.95,"lower_bound":181872690.0,"upper_bound":192391788.0},"point_estimate":187377159.0,"standard_error":2672687.243609298},"median_abs_dev":{"confidence_interval":{"confidence_level":0.95,"lower_bound":13591346.076205373,"upper_bound":20690193.38837564},"point_estimate":17727946.038866043,"standard_error":1822995.3678275612},"slope":null,"std_dev":{"confidence_interval":{"confidence_level":0.95,"lower_bound":12974982.60075473,"upper_bound":15835245.84350473},"point_estimate":14518289.698667051,"standard_error":728434.1890847033}}