{"mean":{"confidence_interval":{"confidence_level":0.95,"lower_bound":127120553.32425,"upper_bound":133982508.886},"point_estimate":130383031.37,"standard_error":1756086.7143451541},"median":{"confidence_interval":{"confidence_level":0.95,"lower_bound":126339944.0,"upper_bound":130831978.0},"point_estimate":128600839.0,"standard_error":1102041.1701335658},"median_abs_dev":{"confidence_interval":{"confidence_level":0.95,"lower_bound":8666563.350337744,"upper_bound":17100961.922997236},"point_estimate":13685540.100333095,"standard_error":1950808.2656612236},"slope":null,"std_dev":{"confidence_interval":{"confidence_level":0.95,"lower_bound":12510168.064954732,"upper_bound":23545380.438093577},"point_estimate":17634652.60437703,"standard_error":3012311.1914457483}}