{"mean":{"confidence_interval":{"confidence_level":0.95,"lower_bound":31751079.047375,"upper_bound":32102607.305},"point_estimate":31925261.555,"standard_error":89787.74807170795},"median":{"confidence_interval":{"confidence_level":0.95,"lower_bound":31833134.25,"upper_bound":32024551.0},"point_estimate":31919804.5,"standard_error":45999.19718594481},"median_abs_dev":{"confidence_interval":{"confidence_level":0.95,"lower_bound":316970.6081226468,"upper_bound":743874.1510435939},"point_estimate":542767.6189139485,"standard_error":110838.4044859399},"slope":null,"std_dev":{"confidence_interval":{"confidence_level":0.95,"lower_bound":727756.5912486947,"upper_bound":1063263.4686253734},"point_estimate":899471.1464027573,"standard_error":86070.80746418545}}