{"mean":{"confidence_interval":{"confidence_level":0.95,"lower_bound":36922512.3415,"upper_bound":37243320.53925},"point_estimate":37079663.67,"standard_error":81883.48885378592},"median":{"confidence_interval":{"confidence_level":0.95,"lower_bound":36888308.5,"upper_bound":37269721.75},"point_estimate":37108133.5,"standard_error":111617.7573636002},"median_abs_dev":{"confidence_interval":{"confidence_level":0.95,"lower_bound":495293.65580677986,"upper_bound":880195.1414734125},"point_estimate":603411.8882372975,"standard_error":102364.82023455961},"slope":null,"std_dev":{"confidence_interval":{"confidence_level":0.95,"lower_bound":640312.7924757295,"upper_bound":1002360.9415853395},"point_estimate":824373.2577415832,"standard_error":93265.7551769126}}