{"mean":{"confidence_interval":{"confidence_level":0.95,"lower_bound":81709383.44575,"upper_bound":84002998.67475},"point_estimate":82828530.75,"standard_error":585493.7900946119},"median":{"confidence_interval":{"confidence_level":0.95,"lower_bound":80735089.0,"upper_bound":83059104.0},"point_estimate":81803087.5,"standard_error":550029.9927270672},"median_abs_dev":{"confidence_interval":{"confidence_level":0.95,"lower_bound":3639659.1382831335,"upper_bound":6122097.8474110365},"point_estimate":4734411.70014739,"standard_error":598021.0316559429},"slope":null,"std_dev":{"confidence_interval":{"confidence_level":0.95,"lower_bound":4856591.660660094,"upper_bound":6781168.537892925},"point_estimate":5874183.084560125,"standard_error":491755.810395556}}