{"mean":{"confidence_interval":{"confidence_level":0.95,"lower_bound":2406147725.4175,"upper_bound":2469492093.71625},"point_estimate":2438554009.17,"standard_error":16154189.173672695},"median":{"confidence_interval":{"confidence_level":0.95,"lower_bound":2466168676.0,"upper_bound":2514639227.5},"point_estimate":2495655210.5,"standard_error":11347742.554466492},"median_abs_dev":{"confidence_interval":{"confidence_level":0.95,"lower_bound":75385865.38493335,"upper_bound":136277379.75159287},"point_estimate":94434909.55844522,"standard_error":15879755.237803634},"slope":null,"std_dev":{"confidence_interval":{"confidence_level":0.95,"lower_bound":139966308.73272416,"upper_bound":179461481.9169626},"point_estimate":162241073.19789302,"standard_error":10098328.160081869}}