{"mean":{"confidence_interval":{"confidence_level":0.95,"lower_bound":3778659977.0282497,"upper_bound":3820767210.68975},"point_estimate":3800167216.2,"standard_error":10733419.776067585},"median":{"confidence_interval":{"confidence_level":0.95,"lower_bound":3792525368.0,"upper_bound":3838490012.5},"point_estimate":3823972405.5,"standard_error":10613128.419280145},"median_abs_dev":{"confidence_interval":{"confidence_level":0.95,"lower_bound":62334932.92953372,"upper_bound":112223385.70643663},"point_estimate":80008714.40226138,"standard_error":12301884.049829753},"slope":null,"std_dev":{"confidence_interval":{"confidence_level":0.95,"lower_bound":92573868.31480531,"upper_bound":120998451.88580123},"point_estimate":108119551.50445817,"standard_error":7256007.447842803}}