{"mean":{"confidence_interval":{"confidence_level":0.95,"lower_bound":191027092.06024998,"upper_bound":198511768.20775002},"point_estimate":194848595.17,"standard_error":1908237.4841059537},"median":{"confidence_interval":{"confidence_level":0.95,"lower_bound":191421183.0,"upper_bound":203562985.0},"point_estimate":197736557.5,"standard_error":3559832.8469003905},"median_abs_dev":{"confidence_interval":{"confidence_level":0.95,"lower_bound":15456278.931096196,"upper_bound":23533103.3008039},"point_estimate":19980096.941882372,"standard_error":2088996.1104890958},"slope":null,"std_dev":{"confidence_interval":{"confidence_level":0.95,"lower_bound":16295251.53295317,"upper_bound":21792325.492362127},"point_estimate":19171875.825342588,"standard_error":1402657.6733398105}}