{"mean":{"confidence_interval":{"confidence_level":0.95,"lower_bound":163814003.128,"upper_bound":172450791.37825},"point_estimate":168180583.33,"standard_error":2201924.336542857},"median":{"confidence_interval":{"confidence_level":0.95,"lower_bound":162542158.0,"upper_bound":174511468.0},"point_estimate":169970506.0,"standard_error":3069657.520715634},"median_abs_dev":{"confidence_interval":{"confidence_level":0.95,"lower_bound":17030702.99284458,"upper_bound":26983658.295044303},"point_estimate":23278533.472323418,"standard_error":2508693.230760431},"slope":null,"std_dev":{"confidence_interval":{"confidence_level":0.95,"lower_bound":19024699.846112143,"upper_bound":24986717.38230456},"point_estimate":22171321.99635719,"standard_error":1523934.1466824894}}