{"mean":{"confidence_interval":{"confidence_level":0.95,"lower_bound":130553330.88675001,"upper_bound":134836542.93425},"point_estimate":132692459.62,"standard_error":1091606.4089629576},"median":{"confidence_interval":{"confidence_level":0.95,"lower_bound":130133932.0,"upper_bound":134086142.0},"point_estimate":131282786.0,"standard_error":896784.1737385222},"median_abs_dev":{"confidence_interval":{"confidence_level":0.95,"lower_bound":7797709.357362986,"upper_bound":13598406.21728003},"point_estimate":10012032.463350892,"standard_error":1454593.8488937763},"slope":null,"std_dev":{"confidence_interval":{"confidence_level":0.95,"lower_bound":9494775.749328233,"upper_bound":12283143.758627197},"point_estimate":10961393.204347156,"standard_error":710235.4453606227}}