{"mean":{"confidence_interval":{"confidence_level":0.95,"lower_bound":18781190.020000003,"upper_bound":19179010.886916667},"point_estimate":18975072.793333333,"standard_error":101001.08209217855},"median":{"confidence_interval":{"confidence_level":0.95,"lower_bound":18848345.0,"upper_bound":19201307.5},"point_estimate":19122531.333333332,"standard_error":75962.0489996849},"median_abs_dev":{"confidence_interval":{"confidence_level":0.95,"lower_bound":535130.128699542,"upper_bound":923435.1697057514},"point_estimate":686238.4477168322,"standard_error":98117.90457396526},"slope":null,"std_dev":{"confidence_interval":{"confidence_level":0.95,"lower_bound":744453.216379306,"upper_bound":1326131.3736685524},"point_estimate":1017959.354645773,"standard_error":154445.97421052432}}