{"mean":{"confidence_interval":{"confidence_level":0.95,"lower_bound":60101363.665249996,"upper_bound":61876463.7305},"point_estimate":60979487.74,"standard_error":453381.6562736067},"median":{"confidence_interval":{"confidence_level":0.95,"lower_bound":59994848.0,"upper_bound":62267179.0},"point_estimate":60961065.5,"standard_error":550347.9991410063},"median_abs_dev":{"confidence_interval":{"confidence_level":0.95,"lower_bound":3530332.994589061,"upper_bound":5594825.251471996},"point_estimate":4743652.745783329,"standard_error":516008.57997242565},"slope":null,"std_dev":{"confidence_interval":{"confidence_level":0.95,"lower_bound":3864773.84115245,"upper_bound":5207351.32482431},"point_estimate":4554073.831449021,"standard_error":343620.5314103456}}