{"mean":{"confidence_interval":{"confidence_level":0.95,"lower_bound":100922751.35,"upper_bound":102725427.83774999},"point_estimate":101823443.62,"standard_error":460754.84815335786},"median":{"confidence_interval":{"confidence_level":0.95,"lower_bound":99831713.0,"upper_bound":103282396.0},"point_estimate":102333040.0,"standard_error":733326.6600040059},"median_abs_dev":{"confidence_interval":{"confidence_level":0.95,"lower_bound":4225492.209282517,"upper_bound":6200852.038347869},"point_estimate":5405281.51653707,"standard_error":514071.41776518075},"slope":null,"std_dev":{"confidence_interval":{"confidence_level":0.95,"lower_bound":4068810.2514823107,"upper_bound":5171321.293716677},"point_estimate":4649893.534525527,"standard_error":281328.28595038754}}