{"mean":{"confidence_interval":{"confidence_level":0.95,"lower_bound":243003083.30325,"upper_bound":251848499.78},"point_estimate":247446031.01,"standard_error":2259395.21098699},"median":{"confidence_interval":{"confidence_level":0.95,"lower_bound":241724281.5,"upper_bound":252844291.0},"point_estimate":247239730.5,"standard_error":3135442.763023963},"median_abs_dev":{"confidence_interval":{"confidence_level":0.95,"lower_bound":17569021.699887514,"upper_bound":29582091.56749539},"point_estimate":23605972.348210216,"standard_error":2963965.9099503797},"slope":null,"std_dev":{"confidence_interval":{"confidence_level":0.95,"lower_bound":19782886.94106999,"upper_bound":25193959.41471853},"point_estimate":22652447.82143565,"standard_error":1382332.9854657757}}