{"mean":{"confidence_interval":{"confidence_level":0.95,"lower_bound":130662556.62400001,"upper_bound":138979076.6945},"point_estimate":134718867.0,"standard_error":2134623.757521827},"median":{"confidence_interval":{"confidence_level":0.95,"lower_bound":123188136.5,"upper_bound":131878092.0},"point_estimate":125821585.0,"standard_error":2136793.0066724787},"median_abs_dev":{"confidence_interval":{"confidence_level":0.95,"lower_bound":10573225.464087725,"upper_bound":23088461.931797862},"point_estimate":15482471.283531189,"standard_error":3169473.7875468903},"slope":null,"std_dev":{"confidence_interval":{"confidence_level":0.95,"lower_bound":18046517.304187346,"upper_bound":24428140.83479993},"point_estimate":21479166.05169905,"standard_error":1630179.7834034963}}