{"mean":{"confidence_interval":{"confidence_level":0.95,"lower_bound":1555744154.926,"upper_bound":1651835892.41725},"point_estimate":1603981219.72,"standard_error":24592432.517045543},"median":{"confidence_interval":{"confidence_level":0.95,"lower_bound":1541032789.0,"upper_bound":1695174099.0},"point_estimate":1601316595.5,"standard_error":36934112.79026076},"median_abs_dev":{"confidence_interval":{"confidence_level":0.95,"lower_bound":200254971.92406356,"upper_bound":312220007.17208683},"point_estimate":258876314.3850267,"standard_error":29117690.749503195},"slope":null,"std_dev":{"confidence_interval":{"confidence_level":0.95,"lower_bound":211955751.92074555,"upper_bound":278391978.6517942},"point_estimate":246897373.77144706,"standard_error":16937984.973110177}}