{"mean":{"confidence_interval":{"confidence_level":0.95,"lower_bound":1218425787.5505,"upper_bound":1358535475.2310002},"point_estimate":1287896394.43,"standard_error":35568012.70987102},"median":{"confidence_interval":{"confidence_level":0.95,"lower_bound":1125546417.0,"upper_bound":1350333940.5},"point_estimate":1268559007.5,"standard_error":57792035.72926914},"median_abs_dev":{"confidence_interval":{"confidence_level":0.95,"lower_bound":342777787.7561778,"upper_bound":503461113.53292084},"point_estimate":429056536.7964238,"standard_error":40025561.61195102},"slope":null,"std_dev":{"confidence_interval":{"confidence_level":0.95,"lower_bound":318592065.5766969,"upper_bound":389065041.9181981},"point_estimate":356696433.22106063,"standard_error":18047401.26519876}}