{"mean":{"confidence_interval":{"confidence_level":0.95,"lower_bound":97781730.79800001,"upper_bound":100539201.0455},"point_estimate":99167736.91,"standard_error":703879.7598707726},"median":{"confidence_interval":{"confidence_level":0.95,"lower_bound":97006893.5,"upper_bound":99971781.0},"point_estimate":98513926.0,"standard_error":836472.3116391116},"median_abs_dev":{"confidence_interval":{"confidence_level":0.95,"lower_bound":4081798.6198335886,"upper_bound":7349858.900713921},"point_estimate":5469974.7663885355,"standard_error":858978.3976626209},"slope":null,"std_dev":{"confidence_interval":{"confidence_level":0.95,"lower_bound":5958812.1444047615,"upper_bound":8104375.182721974},"point_estimate":7088653.945718136,"standard_error":546873.8797867607}}