{"mean":{"confidence_interval":{"confidence_level":0.95,"lower_bound":182694839.89549997,"upper_bound":189568811.22},"point_estimate":186116004.61,"standard_error":1752789.9065633523},"median":{"confidence_interval":{"confidence_level":0.95,"lower_bound":175505803.0,"upper_bound":193911561.0},"point_estimate":180555934.0,"standard_error":4212148.450381482},"median_abs_dev":{"confidence_interval":{"confidence_level":0.95,"lower_bound":13083542.98312068,"upper_bound":25770400.034683943},"point_estimate":20928896.431937814,"standard_error":3080642.2539196913},"slope":null,"std_dev":{"confidence_interval":{"confidence_level":0.95,"lower_bound":16037931.119046845,"upper_bound":18803664.391406476},"point_estimate":17562713.714381043,"standard_error":702281.4534075616}}