{"mean":{"confidence_interval":{"confidence_level":0.95,"lower_bound":75042093.75225,"upper_bound":76968424.8865},"point_estimate":76000609.75,"standard_error":490638.9051703167},"median":{"confidence_interval":{"confidence_level":0.95,"lower_bound":74790473.0,"upper_bound":77427819.5},"point_estimate":75727455.5,"standard_error":625231.2928785522},"median_abs_dev":{"confidence_interval":{"confidence_level":0.95,"lower_bound":3894598.8754570484,"upper_bound":6391205.309933424},"point_estimate":5023752.20451057,"standard_error":671421.6386820091},"slope":null,"std_dev":{"confidence_interval":{"confidence_level":0.95,"lower_bound":4295287.577774146,"upper_bound":5481930.171592241},"point_estimate":4924199.476628805,"standard_error":302956.4888168522}}