{"mean":{"confidence_interval":{"confidence_level":0.95,"lower_bound":151234548.635,"upper_bound":166712728.03825},"point_estimate":158766648.34,"standard_error":3952915.348011499},"median":{"confidence_interval":{"confidence_level":0.95,"lower_bound":139037291.0,"upper_bound":151631273.0},"point_estimate":143797519.5,"standard_error":2906581.5432778616},"median_abs_dev":{"confidence_interval":{"confidence_level":0.95,"lower_bound":16659216.81303978,"upper_bound":35713399.67806041},"point_estimate":24291915.758532286,"standard_error":5271845.361273835},"slope":null,"std_dev":{"confidence_interval":{"confidence_level":0.95,"lower_bound":33130829.20741763,"upper_bound":45227218.49336134},"point_estimate":39751697.60612592,"standard_error":3083645.9949705466}}