{"mean":{"confidence_interval":{"confidence_level":0.95,"lower_bound":87130358.8,"upper_bound":88044878.67875},"point_estimate":87576569.06,"standard_error":233804.644764382},"median":{"confidence_interval":{"confidence_level":0.95,"lower_bound":87051991.0,"upper_bound":88164998.0},"point_estimate":87415453.0,"standard_error":274587.0393990139},"median_abs_dev":{"confidence_interval":{"confidence_level":0.95,"lower_bound":1740440.417701006,"upper_bound":2695751.486840844},"point_estimate":2250144.203951955,"standard_error":243134.54445113114},"slope":null,"std_dev":{"confidence_interval":{"confidence_level":0.95,"lower_bound":1791858.619485383,"upper_bound":2870626.440386248},"point_estimate":2344238.7260164847,"standard_error":278898.94160330534}}