{"mean":{"confidence_interval":{"confidence_level":0.95,"lower_bound":12435936.7473125,"upper_bound":12608918.95575},"point_estimate":12521384.1075,"standard_error":44300.05090779886},"median":{"confidence_interval":{"confidence_level":0.95,"lower_bound":12416793.5,"upper_bound":12585257.0},"point_estimate":12471223.125,"standard_error":41445.590341495306},"median_abs_dev":{"confidence_interval":{"confidence_level":0.95,"lower_bound":374072.39013388753,"upper_bound":557441.281503439},"point_estimate":460332.46582746506,"standard_error":47400.78558836076},"slope":null,"std_dev":{"confidence_interval":{"confidence_level":0.95,"lower_bound":377193.53848609346,"upper_bound":507152.2698683001},"point_estimate":444116.5835319524,"standard_error":33207.459525154394}}