{"mean":{"confidence_interval":{"confidence_level":0.95,"lower_bound":319074762.065,"upper_bound":323474532.1965},"point_estimate":321225850.36,"standard_error":1125366.373024456},"median":{"confidence_interval":{"confidence_level":0.95,"lower_bound":316554216.0,"upper_bound":322070920.0},"point_estimate":318259257.0,"standard_error":1631257.6727939572},"median_abs_dev":{"confidence_interval":{"confidence_level":0.95,"lower_bound":7343232.420131564,"upper_bound":14069466.035217047},"point_estimate":9672755.02667427,"standard_error":1729018.897234332},"slope":null,"std_dev":{"confidence_interval":{"confidence_level":0.95,"lower_bound":9434665.055609092,"upper_bound":12855867.66119465},"point_estimate":11231668.464654038,"standard_error":874637.5635129138}}