{"mean":{"confidence_interval":{"confidence_level":0.95,"lower_bound":190863058.8,"upper_bound":199952893.39},"point_estimate":195215667.15,"standard_error":2307882.4762517586},"median":{"confidence_interval":{"confidence_level":0.95,"lower_bound":183431710.0,"upper_bound":199288659.5},"point_estimate":188715895.5,"standard_error":4739326.110978653},"median_abs_dev":{"confidence_interval":{"confidence_level":0.95,"lower_bound":15859256.275641918,"upper_bound":26185086.21252179},"point_estimate":19323718.057635427,"standard_error":2381293.269595644},"slope":null,"std_dev":{"confidence_interval":{"confidence_level":0.95,"lower_bound":19347004.588427287,"upper_bound":26443483.56446898},"point_estimate":23238113.564431116,"standard_error":1814604.949680293}}