{"mean":{"confidence_interval":{"confidence_level":0.95,"lower_bound":81994415.36,"upper_bound":83710742.59425001},"point_estimate":82851089.36,"standard_error":438457.9261541657},"median":{"confidence_interval":{"confidence_level":0.95,"lower_bound":81458725.0,"upper_bound":83838267.0},"point_estimate":82582662.5,"standard_error":681587.568999612},"median_abs_dev":{"confidence_interval":{"confidence_level":0.95,"lower_bound":3062449.610030651,"upper_bound":5118588.194426894},"point_estimate":3892423.901295662,"standard_error":508944.4043561754},"slope":null,"std_dev":{"confidence_interval":{"confidence_level":0.95,"lower_bound":3650640.0441332404,"upper_bound":5100645.402914834},"point_estimate":4400055.184245092,"standard_error":370114.4775752989}}