{"mean":{"confidence_interval":{"confidence_level":0.95,"lower_bound":44914243.23387501,"upper_bound":45554188.01075},"point_estimate":45207347.13,"standard_error":163783.55239974544},"median":{"confidence_interval":{"confidence_level":0.95,"lower_bound":44764855.5,"upper_bound":45341234.25},"point_estimate":45144289.5,"standard_error":155530.07598346594},"median_abs_dev":{"confidence_interval":{"confidence_level":0.95,"lower_bound":819630.5526323991,"upper_bound":1238652.232709527},"point_estimate":1016958.3173453808,"standard_error":108441.60451770679},"slope":null,"std_dev":{"confidence_interval":{"confidence_level":0.95,"lower_bound":933088.1176373406,"upper_bound":2305380.0159766776},"point_estimate":1649655.0714938063,"standard_error":363170.84154971404}}