{"mean":{"confidence_interval":{"confidence_level":0.95,"lower_bound":69915024.74274999,"upper_bound":70851690.67525},"point_estimate":70392330.99,"standard_error":237745.11774014338},"median":{"confidence_interval":{"confidence_level":0.95,"lower_bound":70084394.0,"upper_bound":70958362.5},"point_estimate":70652108.0,"standard_error":228424.17640308008},"median_abs_dev":{"confidence_interval":{"confidence_level":0.95,"lower_bound":1384877.361613512,"upper_bound":2523179.6668446045},"point_estimate":1819649.0625947714,"standard_error":307593.5526105548},"slope":null,"std_dev":{"confidence_interval":{"confidence_level":0.95,"lower_bound":1859146.4695968046,"upper_bound":2936828.4840426287},"point_estimate":2385854.4004411954,"standard_error":280262.2822016715}}