{"mean":{"confidence_interval":{"confidence_level":0.95,"lower_bound":181158388.24125,"upper_bound":193547682.58975},"point_estimate":187313011.04,"standard_error":3166480.4504751544},"median":{"confidence_interval":{"confidence_level":0.95,"lower_bound":174378370.0,"upper_bound":189356846.0},"point_estimate":182198704.0,"standard_error":3536516.7401860044},"median_abs_dev":{"confidence_interval":{"confidence_level":0.95,"lower_bound":20947405.951309204,"upper_bound":39408936.52675152},"point_estimate":29977639.955690503,"standard_error":4873061.756048039},"slope":null,"std_dev":{"confidence_interval":{"confidence_level":0.95,"lower_bound":27627621.797732614,"upper_bound":35490930.082970835},"point_estimate":31824229.397842553,"standard_error":2011495.1685346975}}