{"mean":{"confidence_interval":{"confidence_level":0.95,"lower_bound":6491587245.0845,"upper_bound":6568879028.31175},"point_estimate":6530492917.37,"standard_error":19717644.40896458},"median":{"confidence_interval":{"confidence_level":0.95,"lower_bound":6503530536.5,"upper_bound":6584037449.0},"point_estimate":6555393283.0,"standard_error":22453063.24036324},"median_abs_dev":{"confidence_interval":{"confidence_level":0.95,"lower_bound":145974460.53733528,"upper_bound":255730736.3766941},"point_estimate":207575441.98679924,"standard_error":27933785.768831104},"slope":null,"std_dev":{"confidence_interval":{"confidence_level":0.95,"lower_bound":170286397.92267212,"upper_bound":221577107.96278483},"point_estimate":197483480.33442056,"standard_error":13138131.263351299}}