{"mean":{"confidence_interval":{"confidence_level":0.95,"lower_bound":67643695.3945,"upper_bound":69511396.689},"point_estimate":68579959.09,"standard_error":475366.8867872988},"median":{"confidence_interval":{"confidence_level":0.95,"lower_bound":67484521.0,"upper_bound":69597544.0},"point_estimate":68646425.5,"standard_error":511750.5271064115},"median_abs_dev":{"confidence_interval":{"confidence_level":0.95,"lower_bound":3855088.327458501,"upper_bound":6680980.957388878},"point_estimate":5367187.592813373,"standard_error":728568.6594493104},"slope":null,"std_dev":{"confidence_interval":{"confidence_level":0.95,"lower_bound":4176810.4432337848,"upper_bound":5283902.016000615},"point_estimate":4764551.495978732,"standard_error":282169.8721462334}}