{"mean":{"confidence_interval":{"confidence_level":0.95,"lower_bound":1539394531.60725,"upper_bound":1609912721.2749999},"point_estimate":1573906228.82,"standard_error":18006631.960518572},"median":{"confidence_interval":{"confidence_level":0.95,"lower_bound":1489978190.0,"upper_bound":1581106579.0},"point_estimate":1517888000.0,"standard_error":23005480.031263113},"median_abs_dev":{"confidence_interval":{"confidence_level":0.95,"lower_bound":112044177.91721821,"upper_bound":214713944.4004655},"point_estimate":150200093.5936153,"standard_error":27593171.88763735},"slope":null,"std_dev":{"confidence_interval":{"confidence_level":0.95,"lower_bound":151610958.55551502,"upper_bound":207947445.05505037},"point_estimate":180952091.24018195,"standard_error":14397846.629414236}}