{"mean":{"confidence_interval":{"confidence_level":0.95,"lower_bound":3846574111.24,"upper_bound":3975259378.323},"point_estimate":3912053146.31,"standard_error":32803577.459857732},"median":{"confidence_interval":{"confidence_level":0.95,"lower_bound":3905863415.5,"upper_bound":4011443746.0},"point_estimate":3986964325.0,"standard_error":28624368.12975168},"median_abs_dev":{"confidence_interval":{"confidence_level":0.95,"lower_bound":210163462.4592577,"upper_bound":388992130.2192092},"point_estimate":290066611.40678823,"standard_error":47131275.6617098},"slope":null,"std_dev":{"confidence_interval":{"confidence_level":0.95,"lower_bound":281959466.5154982,"upper_bound":373390122.9871119},"point_estimate":330767830.59887195,"standard_error":23213372.23838627}}