{"mean":{"confidence_interval":{"confidence_level":0.95,"lower_bound":881066180.0094999,"upper_bound":917999654.3055},"point_estimate":899336685.36,"standard_error":9450013.677066611},"median":{"confidence_interval":{"confidence_level":0.95,"lower_bound":873717296.0,"upper_bound":920205855.0},"point_estimate":899530868.0,"standard_error":11905923.301676845},"median_abs_dev":{"confidence_interval":{"confidence_level":0.95,"lower_bound":72518141.15968065,"upper_bound":111410821.58666253},"point_estimate":92855076.97199285,"standard_error":9801086.876522316},"slope":null,"std_dev":{"confidence_interval":{"confidence_level":0.95,"lower_bound":79414395.24455623,"upper_bound":111168053.21951866},"point_estimate":95407737.18342003,"standard_error":8120779.288515961}}