{"mean":{"confidence_interval":{"confidence_level":0.95,"lower_bound":256968373.05325,"upper_bound":274991086.53674996},"point_estimate":265999609.59,"standard_error":4618514.420910168},"median":{"confidence_interval":{"confidence_level":0.95,"lower_bound":262765256.0,"upper_bound":284224666.0},"point_estimate":274074853.0,"standard_error":5415716.550024953},"median_abs_dev":{"confidence_interval":{"confidence_level":0.95,"lower_bound":36229575.01319647,"upper_bound":64963661.983431816},"point_estimate":52837473.11074734,"standard_error":7343845.562986662},"slope":null,"std_dev":{"confidence_interval":{"confidence_level":0.95,"lower_bound":41305501.25679334,"upper_bound":50534073.58635409},"point_estimate":46290571.284992814,"standard_error":2355677.4649769636}}