{"mean":{"confidence_interval":{"confidence_level":0.95,"lower_bound":82117819.561,"upper_bound":83328048.42899999},"point_estimate":82725134.9,"standard_error":309476.88699299673},"median":{"confidence_interval":{"confidence_level":0.95,"lower_bound":81498269.0,"upper_bound":83316514.0},"point_estimate":82753908.5,"standard_error":446803.25769900595},"median_abs_dev":{"confidence_interval":{"confidence_level":0.95,"lower_bound":2719442.3224702477,"upper_bound":4181508.6571633816},"point_estimate":3601733.4896564484,"standard_error":359917.1120726357},"slope":null,"std_dev":{"confidence_interval":{"confidence_level":0.95,"lower_bound":2761296.2134523136,"upper_bound":3436881.442502553},"point_estimate":3120200.417742966,"standard_error":173208.45718305468}}