{"mean":{"confidence_interval":{"confidence_level":0.95,"lower_bound":1480735637.4527502,"upper_bound":1646627686.8752499},"point_estimate":1564317714.67,"standard_error":42267754.582818724},"median":{"confidence_interval":{"confidence_level":0.95,"lower_bound":1465002826.0,"upper_bound":1699491825.5},"point_estimate":1610014623.5,"standard_error":58146477.78308612},"median_abs_dev":{"confidence_interval":{"confidence_level":0.95,"lower_bound":336989209.6684456,"upper_bound":528710084.84331965},"point_estimate":409182119.58066523,"standard_error":50644898.52606585},"slope":null,"std_dev":{"confidence_interval":{"confidence_level":0.95,"lower_bound":366167163.5261384,"upper_bound":474848877.31143814},"point_estimate":423383316.5171932,"standard_error":27804364.217258666}}