{"mean":{"confidence_interval":{"confidence_level":0.95,"lower_bound":41795284.65975,"upper_bound":42115055.5525},"point_estimate":41941737.39,"standard_error":81666.57757487471},"median":{"confidence_interval":{"confidence_level":0.95,"lower_bound":41893722.75,"upper_bound":41998997.5},"point_estimate":41939969.5,"standard_error":28220.095736274605},"median_abs_dev":{"confidence_interval":{"confidence_level":0.95,"lower_bound":232470.56392282248,"upper_bound":482750.11872947216},"point_estimate":315722.62959480286,"standard_error":64112.474155399475},"slope":null,"std_dev":{"confidence_interval":{"confidence_level":0.95,"lower_bound":491571.317807785,"upper_bound":1193118.434765667},"point_estimate":823143.854704827,"standard_error":203673.91897309024}}