{"mean":{"confidence_interval":{"confidence_level":0.95,"lower_bound":180559572.04,"upper_bound":186065503.35925},"point_estimate":183320564.15,"standard_error":1406035.0214582817},"median":{"confidence_interval":{"confidence_level":0.95,"lower_bound":177455023.5,"upper_bound":189401285.0},"point_estimate":185860969.0,"standard_error":3526729.8777223015},"median_abs_dev":{"confidence_interval":{"confidence_level":0.95,"lower_bound":13756514.38497305,"upper_bound":19633171.95802152},"point_estimate":17403805.94792068,"standard_error":1519222.2778827306},"slope":null,"std_dev":{"confidence_interval":{"confidence_level":0.95,"lower_bound":12647614.677365001,"upper_bound":15494112.753103599},"point_estimate":14168698.274216788,"standard_error":725047.7288625812}}