{"mean":{"confidence_interval":{"confidence_level":0.95,"lower_bound":25166294.447916675,"upper_bound":25424160.444666676},"point_estimate":25292438.079999987,"standard_error":65724.47274480986},"median":{"confidence_interval":{"confidence_level":0.95,"lower_bound":25109256.833333336,"upper_bound":25368048.666666668},"point_estimate":25212143.0,"standard_error":62382.38164456316},"median_abs_dev":{"confidence_interval":{"confidence_level":0.95,"lower_bound":443077.2075013099,"upper_bound":713117.0462596434},"point_estimate":556487.4755203715,"standard_error":70212.33790322044},"slope":null,"std_dev":{"confidence_interval":{"confidence_level":0.95,"lower_bound":518705.278369173,"upper_bound":796989.4234671023},"point_estimate":657018.3813641457,"standard_error":71683.83723401977}}