{"mean":{"confidence_interval":{"confidence_level":0.95,"lower_bound":15502746.51325,"upper_bound":15770413.0725},"point_estimate":15637583.0875,"standard_error":68731.16332152572},"median":{"confidence_interval":{"confidence_level":0.95,"lower_bound":15479813.25,"upper_bound":15787422.75},"point_estimate":15627944.875,"standard_error":86295.98819746768},"median_abs_dev":{"confidence_interval":{"confidence_level":0.95,"lower_bound":540271.8471832573,"upper_bound":934626.5756070614},"point_estimate":675510.7249572873,"standard_error":104114.18066735931},"slope":null,"std_dev":{"confidence_interval":{"confidence_level":0.95,"lower_bound":605081.3593240744,"upper_bound":771268.2697659791},"point_estimate":693249.5530283599,"standard_error":42500.212724557976}}