{"mean":{"confidence_interval":{"confidence_level":0.95,"lower_bound":50017207.298,"upper_bound":51814831.6935},"point_estimate":50919063.91,"standard_error":458846.23941670015},"median":{"confidence_interval":{"confidence_level":0.95,"lower_bound":48960908.0,"upper_bound":52946293.0},"point_estimate":51622410.0,"standard_error":1025526.8094000439},"median_abs_dev":{"confidence_interval":{"confidence_level":0.95,"lower_bound":4280270.182627515,"upper_bound":6371077.162040766},"point_estimate":5022151.737838984,"standard_error":547839.1645949841},"slope":null,"std_dev":{"confidence_interval":{"confidence_level":0.95,"lower_bound":4069185.512710236,"upper_bound":5049243.141488361},"point_estimate":4586941.082743671,"standard_error":250204.09270492848}}