{"mean":{"confidence_interval":{"confidence_level":0.95,"lower_bound":5477367723.04,"upper_bound":5669989597.41275},"point_estimate":5573898024.17,"standard_error":49267469.70263405},"median":{"confidence_interval":{"confidence_level":0.95,"lower_bound":5510783760.0,"upper_bound":5735341099.0},"point_estimate":5629629066.5,"standard_error":60389546.24899382},"median_abs_dev":{"confidence_interval":{"confidence_level":0.95,"lower_bound":396203112.7757762,"upper_bound":632232301.8334329},"point_estimate":528960732.45356977,"standard_error":63714536.97428905},"slope":null,"std_dev":{"confidence_interval":{"confidence_level":0.95,"lower_bound":427290727.9557545,"upper_bound":555821635.0396552},"point_estimate":494102911.4183623,"standard_error":32824347.506718725}}