{"mean":{"confidence_interval":{"confidence_level":0.95,"lower_bound":55242146.26475,"upper_bound":56810804.364999995},"point_estimate":56009246.16,"standard_error":399753.36903892696},"median":{"confidence_interval":{"confidence_level":0.95,"lower_bound":54852669.0,"upper_bound":56166673.0},"point_estimate":55544772.0,"standard_error":327646.3838618788},"median_abs_dev":{"confidence_interval":{"confidence_level":0.95,"lower_bound":1970728.9280475683,"upper_bound":3619529.1371405125},"point_estimate":2636365.9448951483,"standard_error":418970.63434192433},"slope":null,"std_dev":{"confidence_interval":{"confidence_level":0.95,"lower_bound":3217337.118920421,"upper_bound":4745806.581507154},"point_estimate":4021492.0061303517,"standard_error":392026.8956936177}}