{"mean":{"confidence_interval":{"confidence_level":0.95,"lower_bound":8072690590.94,"upper_bound":8171635971.87075},"point_estimate":8122456861.92,"standard_error":25262750.493170276},"median":{"confidence_interval":{"confidence_level":0.95,"lower_bound":8096837013.0,"upper_bound":8177733812.0},"point_estimate":8150341806.5,"standard_error":19950843.65492412},"median_abs_dev":{"confidence_interval":{"confidence_level":0.95,"lower_bound":141524871.85943127,"upper_bound":272758963.1866604},"point_estimate":193942884.8204255,"standard_error":36192018.5038852},"slope":null,"std_dev":{"confidence_interval":{"confidence_level":0.95,"lower_bound":212070528.60916263,"upper_bound":290502913.1294823},"point_estimate":253506952.35122994,"standard_error":20012180.294113263}}