{"mean":{"confidence_interval":{"confidence_level":0.95,"lower_bound":36387571.500375,"upper_bound":36795458.64775},"point_estimate":36590128.76,"standard_error":104141.40877468199},"median":{"confidence_interval":{"confidence_level":0.95,"lower_bound":36286579.5,"upper_bound":36670544.5},"point_estimate":36532638.25,"standard_error":112838.85884486507},"median_abs_dev":{"confidence_interval":{"confidence_level":0.95,"lower_bound":725280.4941236973,"upper_bound":1181617.723672092},"point_estimate":945823.5412582755,"standard_error":118052.61527284655},"slope":null,"std_dev":{"confidence_interval":{"confidence_level":0.95,"lower_bound":889949.0047655111,"upper_bound":1180095.6421700397},"point_estimate":1044977.1749228834,"standard_error":73911.21829656794}}