{"mean":{"confidence_interval":{"confidence_level":0.95,"lower_bound":109197633.8945,"upper_bound":113032172.31525},"point_estimate":111099103.88,"standard_error":978821.9692919141},"median":{"confidence_interval":{"confidence_level":0.95,"lower_bound":106509937.0,"upper_bound":112066801.0},"point_estimate":108769460.0,"standard_error":1456719.4583803765},"median_abs_dev":{"confidence_interval":{"confidence_level":0.95,"lower_bound":7049675.401443243,"upper_bound":13434959.207081795},"point_estimate":9854573.674446344,"standard_error":1799119.1098386468},"slope":null,"std_dev":{"confidence_interval":{"confidence_level":0.95,"lower_bound":8740896.05936826,"upper_bound":10816051.77765463},"point_estimate":9847714.907632623,"standard_error":530656.3943965131}}