{"mean":{"confidence_interval":{"confidence_level":0.95,"lower_bound":103689224.59275,"upper_bound":107017401.37175001},"point_estimate":105373670.9,"standard_error":850261.3238654027},"median":{"confidence_interval":{"confidence_level":0.95,"lower_bound":104175928.0,"upper_bound":108345164.5},"point_estimate":106522324.5,"standard_error":1018349.0049143096},"median_abs_dev":{"confidence_interval":{"confidence_level":0.95,"lower_bound":6284001.471036673,"upper_bound":10564408.330849255},"point_estimate":8177818.338614702,"standard_error":1121890.6345707423},"slope":null,"std_dev":{"confidence_interval":{"confidence_level":0.95,"lower_bound":7449383.87473918,"upper_bound":9528739.746739162},"point_estimate":8559257.339195784,"standard_error":527121.8636523633}}