{"mean":{"confidence_interval":{"confidence_level":0.95,"lower_bound":26468905.675,"upper_bound":26681905.54825},"point_estimate":26573149.02,"standard_error":54141.53164747774},"median":{"confidence_interval":{"confidence_level":0.95,"lower_bound":26439191.0,"upper_bound":26569630.5},"point_estimate":26530049.0,"standard_error":31055.003739274467},"median_abs_dev":{"confidence_interval":{"confidence_level":0.95,"lower_bound":328665.35671502375,"upper_bound":678461.4695549011},"point_estimate":506423.90445917845,"standard_error":89218.02944149054},"slope":null,"std_dev":{"confidence_interval":{"confidence_level":0.95,"lower_bound":458703.8203272274,"upper_bound":614290.0022234701},"point_estimate":541927.6853187695,"standard_error":39548.318365935615}}