{"mean":{"confidence_interval":{"confidence_level":0.95,"lower_bound":36536214.015,"upper_bound":36966799.93875},"point_estimate":36739065.01,"standard_error":109563.09169425827},"median":{"confidence_interval":{"confidence_level":0.95,"lower_bound":36317334.5,"upper_bound":36648826.5},"point_estimate":36434021.0,"standard_error":90009.17792293263},"median_abs_dev":{"confidence_interval":{"confidence_level":0.95,"lower_bound":509235.2846592665,"upper_bound":1012038.6799827218},"point_estimate":764888.8937205076,"standard_error":130612.66139000996},"slope":null,"std_dev":{"confidence_interval":{"confidence_level":0.95,"lower_bound":741656.2868499031,"upper_bound":1454180.3443380457},"point_estimate":1106924.5374353528,"standard_error":186172.4221431531}}