{"mean":{"confidence_interval":{"confidence_level":0.95,"lower_bound":183885414.84475002,"upper_bound":189750055.17725003},"point_estimate":186880419.32,"standard_error":1498203.3661647546},"median":{"confidence_interval":{"confidence_level":0.95,"lower_bound":185963320.0,"upper_bound":190132433.0},"point_estimate":187897331.5,"standard_error":1195246.0052790793},"median_abs_dev":{"confidence_interval":{"confidence_level":0.95,"lower_bound":10228407.551309466,"upper_bound":17452646.497553587},"point_estimate":15538155.514642596,"standard_error":1904659.231705147},"slope":null,"std_dev":{"confidence_interval":{"confidence_level":0.95,"lower_bound":12555903.650291165,"upper_bound":17446741.038277894},"point_estimate":15089588.915071012,"standard_error":1252645.9257125747}}