{"mean":{"confidence_interval":{"confidence_level":0.95,"lower_bound":15351119.6650625,"upper_bound":15671221.67225},"point_estimate":15507475.33,"standard_error":81547.65569658976},"median":{"confidence_interval":{"confidence_level":0.95,"lower_bound":15279993.5,"upper_bound":15601231.25},"point_estimate":15395252.25,"standard_error":88217.72160394109},"median_abs_dev":{"confidence_interval":{"confidence_level":0.95,"lower_bound":559843.8347607851,"upper_bound":1018843.7304656573},"point_estimate":812065.9661829472,"standard_error":118671.86604600301},"slope":null,"std_dev":{"confidence_interval":{"confidence_level":0.95,"lower_bound":706910.1904263638,"upper_bound":909923.0726095054},"point_estimate":815377.5854699569,"standard_error":51791.807240872746}}