{"mean":{"confidence_interval":{"confidence_level":0.95,"lower_bound":5995430881.874249,"upper_bound":6090439117.60225},"point_estimate":6043494423.63,"standard_error":24237575.60183105},"median":{"confidence_interval":{"confidence_level":0.95,"lower_bound":6016432008.0,"upper_bound":6144606272.5},"point_estimate":6067168255.0,"standard_error":30657664.648650106},"median_abs_dev":{"confidence_interval":{"confidence_level":0.95,"lower_bound":176055554.0952891,"upper_bound":302565910.6660813},"point_estimate":250749650.9346038,"standard_error":32345799.16067224},"slope":null,"std_dev":{"confidence_interval":{"confidence_level":0.95,"lower_bound":209419928.29393265,"upper_bound":271993971.8562747},"point_estimate":242639794.06637397,"standard_error":15975503.989237467}}