{"mean":{"confidence_interval":{"confidence_level":0.95,"lower_bound":9055498951.567251,"upper_bound":9185535809.23},"point_estimate":9120217211.08,"standard_error":33148862.901307553},"median":{"confidence_interval":{"confidence_level":0.95,"lower_bound":9016859792.0,"upper_bound":9179818454.5},"point_estimate":9092704215.5,"standard_error":47456612.529833846},"median_abs_dev":{"confidence_interval":{"confidence_level":0.95,"lower_bound":232536968.83434355,"upper_bound":402771252.0298809},"point_estimate":302982144.6782917,"standard_error":46598099.53317451},"slope":null,"std_dev":{"confidence_interval":{"confidence_level":0.95,"lower_bound":285678681.34111744,"upper_bound":373782883.05563045},"point_estimate":331859203.31699616,"standard_error":22530703.693916034}}