{"mean":{"confidence_interval":{"confidence_level":0.95,"lower_bound":38575827.655875,"upper_bound":39099465.427875},"point_estimate":38838005.94,"standard_error":133189.43273871313},"median":{"confidence_interval":{"confidence_level":0.95,"lower_bound":38597647.0,"upper_bound":39036480.5},"point_estimate":38787270.5,"standard_error":124057.85780059625},"median_abs_dev":{"confidence_interval":{"confidence_level":0.95,"lower_bound":718369.724996388,"upper_bound":1279140.5553907156},"point_estimate":932188.0693003535,"standard_error":142651.50864625556},"slope":null,"std_dev":{"confidence_interval":{"confidence_level":0.95,"lower_bound":1073833.2461499746,"upper_bound":1579665.6344081105},"point_estimate":1335570.8449300667,"standard_error":129580.84834303033}}