{"mean":{"confidence_interval":{"confidence_level":0.95,"lower_bound":1948584032.123,"upper_bound":1998650010.24925},"point_estimate":1974059353.03,"standard_error":12787616.663737383},"median":{"confidence_interval":{"confidence_level":0.95,"lower_bound":1987379939.0,"upper_bound":2033406730.0},"point_estimate":2019186782.5,"standard_error":12933841.813380364},"median_abs_dev":{"confidence_interval":{"confidence_level":0.95,"lower_bound":63571518.41787994,"upper_bound":128653197.19393411},"point_estimate":78322715.05559385,"standard_error":17966046.53955014},"slope":null,"std_dev":{"confidence_interval":{"confidence_level":0.95,"lower_bound":112690823.29741172,"upper_bound":140652480.4849729},"point_estimate":128476960.31106795,"standard_error":7128587.123121093}}