{"mean":{"confidence_interval":{"confidence_level":0.95,"lower_bound":169340549.5225,"upper_bound":172994488.65675},"point_estimate":171160444.35,"standard_error":932485.9035619409},"median":{"confidence_interval":{"confidence_level":0.95,"lower_bound":168937880.0,"upper_bound":173629870.0},"point_estimate":170662845.5,"standard_error":1122691.2779652847},"median_abs_dev":{"confidence_interval":{"confidence_level":0.95,"lower_bound":6507364.793971181,"upper_bound":12075637.42121458},"point_estimate":10085219.528451562,"standard_error":1374624.1722726205},"slope":null,"std_dev":{"confidence_interval":{"confidence_level":0.95,"lower_bound":8009571.32769765,"upper_bound":10672918.816579668},"point_estimate":9394217.484255087,"standard_error":682772.8148535038}}