{"mean":{"confidence_interval":{"confidence_level":0.95,"lower_bound":154009821.6045,"upper_bound":156981886.20575},"point_estimate":155475539.91,"standard_error":761226.0438036856},"median":{"confidence_interval":{"confidence_level":0.95,"lower_bound":152987705.0,"upper_bound":156971056.0},"point_estimate":154479939.0,"standard_error":1034666.6539275718},"median_abs_dev":{"confidence_interval":{"confidence_level":0.95,"lower_bound":5414817.599567771,"upper_bound":9047793.17716956},"point_estimate":6697731.371891499,"standard_error":946385.6763392467},"slope":null,"std_dev":{"confidence_interval":{"confidence_level":0.95,"lower_bound":6232510.45165708,"upper_bound":9163746.219295293},"point_estimate":7651737.272009082,"standard_error":757511.9231073523}}