{"mean":{"confidence_interval":{"confidence_level":0.95,"lower_bound":43961367.68875,"upper_bound":44887060.83375},"point_estimate":44418768.28,"standard_error":236354.40372104762},"median":{"confidence_interval":{"confidence_level":0.95,"lower_bound":43661087.5,"upper_bound":44688850.0},"point_estimate":44241240.5,"standard_error":263434.4166136284},"median_abs_dev":{"confidence_interval":{"confidence_level":0.95,"lower_bound":1911175.518719852,"upper_bound":2931913.354048133},"point_estimate":2531059.8339647055,"standard_error":268276.2152827761},"slope":null,"std_dev":{"confidence_interval":{"confidence_level":0.95,"lower_bound":1986085.957361899,"upper_bound":2728089.1075115046},"point_estimate":2367039.5719679184,"standard_error":189969.00591221743}}