{"mean":{"confidence_interval":{"confidence_level":0.95,"lower_bound":184832668.46,"upper_bound":191317029.6775},"point_estimate":188100154.06,"standard_error":1655242.2665171302},"median":{"confidence_interval":{"confidence_level":0.95,"lower_bound":186903423.5,"upper_bound":193494377.0},"point_estimate":190990242.0,"standard_error":1718982.6293411378},"median_abs_dev":{"confidence_interval":{"confidence_level":0.95,"lower_bound":11174717.756009102,"upper_bound":20871951.249548793},"point_estimate":15960287.309548259,"standard_error":2580472.570592932},"slope":null,"std_dev":{"confidence_interval":{"confidence_level":0.95,"lower_bound":14441748.159778016,"upper_bound":18711467.66275117},"point_estimate":16681881.048994564,"standard_error":1092915.5258038628}}