{"mean":{"confidence_interval":{"confidence_level":0.95,"lower_bound":73926093.34625,"upper_bound":75798989.61825},"point_estimate":74861478.58,"standard_error":477315.38155036233},"median":{"confidence_interval":{"confidence_level":0.95,"lower_bound":73656868.0,"upper_bound":75783548.0},"point_estimate":74929471.0,"standard_error":551943.1630481683},"median_abs_dev":{"confidence_interval":{"confidence_level":0.95,"lower_bound":3303085.222658515,"upper_bound":6462132.151374221},"point_estimate":5267383.410385251,"standard_error":877086.7279200825},"slope":null,"std_dev":{"confidence_interval":{"confidence_level":0.95,"lower_bound":4146656.370820812,"upper_bound":5375535.157729014},"point_estimate":4797459.950971764,"standard_error":314504.7923663644}}