{"mean":{"confidence_interval":{"confidence_level":0.95,"lower_bound":2916855250.75,"upper_bound":3216889298.7075},"point_estimate":3068060701.22,"standard_error":76079449.89961585},"median":{"confidence_interval":{"confidence_level":0.95,"lower_bound":3064391624.0,"upper_bound":3349672281.0},"point_estimate":3264142081.5,"standard_error":79122484.28726454},"median_abs_dev":{"confidence_interval":{"confidence_level":0.95,"lower_bound":508487323.35074544,"upper_bound":1077177305.2755044},"point_estimate":719363958.7626368,"standard_error":154676401.3217699},"slope":null,"std_dev":{"confidence_interval":{"confidence_level":0.95,"lower_bound":680927747.2136601,"upper_bound":837554972.19491},"point_estimate":765636503.2218412,"standard_error":39920428.198861085}}