{"mean":{"confidence_interval":{"confidence_level":0.95,"lower_bound":87392315.02525,"upper_bound":88867978.245},"point_estimate":88124422.96,"standard_error":376172.87524317653},"median":{"confidence_interval":{"confidence_level":0.95,"lower_bound":86843663.0,"upper_bound":89117799.0},"point_estimate":87872103.5,"standard_error":522806.4238658456},"median_abs_dev":{"confidence_interval":{"confidence_level":0.95,"lower_bound":3247587.799143791,"upper_bound":4955418.671346227},"point_estimate":4045196.1916834116,"standard_error":432348.92110987444},"slope":null,"std_dev":{"confidence_interval":{"confidence_level":0.95,"lower_bound":3267557.854434404,"upper_bound":4223731.919903409},"point_estimate":3770752.427976017,"standard_error":244088.11159240035}}