{"mean":{"confidence_interval":{"confidence_level":0.95,"lower_bound":51712838.81,"upper_bound":53225007.0235},"point_estimate":52454456.16,"standard_error":384727.43550278665},"median":{"confidence_interval":{"confidence_level":0.95,"lower_bound":51080678.0,"upper_bound":53231669.0},"point_estimate":51936233.5,"standard_error":534443.9335960569},"median_abs_dev":{"confidence_interval":{"confidence_level":0.95,"lower_bound":2808217.795811669,"upper_bound":4508941.602650285},"point_estimate":3461440.2432471514,"standard_error":452530.74113024026},"slope":null,"std_dev":{"confidence_interval":{"confidence_level":0.95,"lower_bound":3137609.0031255926,"upper_bound":4619617.270746009},"point_estimate":3856932.8129726537,"standard_error":384305.21938012744}}