{"mean":{"confidence_interval":{"confidence_level":0.95,"lower_bound":160198796.01875,"upper_bound":163350906.65625},"point_estimate":161758613.47,"standard_error":803007.2393976331},"median":{"confidence_interval":{"confidence_level":0.95,"lower_bound":159433913.0,"upper_bound":162714847.0},"point_estimate":161566478.5,"standard_error":826463.6061179696},"median_abs_dev":{"confidence_interval":{"confidence_level":0.95,"lower_bound":5534076.718305502,"upper_bound":10006188.054254651},"point_estimate":8287254.231771827,"standard_error":1094463.1165035379},"slope":null,"std_dev":{"confidence_interval":{"confidence_level":0.95,"lower_bound":6877530.927371687,"upper_bound":9094351.934367757},"point_estimate":8053569.555377612,"standard_error":565599.1247961471}}