{"mean":{"confidence_interval":{"confidence_level":0.95,"lower_bound":1600085105.08325,"upper_bound":1682646268.7205},"point_estimate":1641660729.66,"standard_error":21061406.09854213},"median":{"confidence_interval":{"confidence_level":0.95,"lower_bound":1610939364.5,"upper_bound":1702983116.0},"point_estimate":1643796619.5,"standard_error":23285154.797391493},"median_abs_dev":{"confidence_interval":{"confidence_level":0.95,"lower_bound":142285749.578923,"upper_bound":247571177.498433},"point_estimate":198728283.8749677,"standard_error":29050853.032624956},"slope":null,"std_dev":{"confidence_interval":{"confidence_level":0.95,"lower_bound":179465265.23684752,"upper_bound":240566081.87696773},"point_estimate":211380623.83615476,"standard_error":15632744.186280083}}