{"mean":{"confidence_interval":{"confidence_level":0.95,"lower_bound":51685626.28875,"upper_bound":52460181.13},"point_estimate":52064610.16,"standard_error":197567.4920144261},"median":{"confidence_interval":{"confidence_level":0.95,"lower_bound":51529751.0,"upper_bound":52233260.5},"point_estimate":51857926.5,"standard_error":166962.3362548168},"median_abs_dev":{"confidence_interval":{"confidence_level":0.95,"lower_bound":1144289.5443022996,"upper_bound":1733572.2733229399},"point_estimate":1500567.6027595997,"standard_error":158858.15353082778},"slope":null,"std_dev":{"confidence_interval":{"confidence_level":0.95,"lower_bound":1487870.892206028,"upper_bound":2440434.9954570397},"point_estimate":1981670.653338329,"standard_error":244169.76065511108}}