{"mean":{"confidence_interval":{"confidence_level":0.95,"lower_bound":58452458.82,"upper_bound":60448567.508},"point_estimate":59456736.5,"standard_error":509743.85460793826},"median":{"confidence_interval":{"confidence_level":0.95,"lower_bound":58373528.0,"upper_bound":60850117.5},"point_estimate":59477639.0,"standard_error":602089.9800721033},"median_abs_dev":{"confidence_interval":{"confidence_level":0.95,"lower_bound":3524455.9312283993,"upper_bound":5789321.611618996},"point_estimate":4269578.060799837,"standard_error":578479.1961951882},"slope":null,"std_dev":{"confidence_interval":{"confidence_level":0.95,"lower_bound":4302309.66356631,"upper_bound":5855301.584430977},"point_estimate":5118955.944264126,"standard_error":396437.5229338994}}