{"mean":{"confidence_interval":{"confidence_level":0.95,"lower_bound":98324050.79,"upper_bound":99287780.22},"point_estimate":98798673.63,"standard_error":245820.01703234934},"median":{"confidence_interval":{"confidence_level":0.95,"lower_bound":97932055.0,"upper_bound":99151967.0},"point_estimate":98480103.0,"standard_error":332963.67173836974},"median_abs_dev":{"confidence_interval":{"confidence_level":0.95,"lower_bound":2076121.80814147,"upper_bound":3227339.023210774},"point_estimate":2671548.042270541,"standard_error":281979.9642127527},"slope":null,"std_dev":{"confidence_interval":{"confidence_level":0.95,"lower_bound":2148185.0015298803,"upper_bound":2760008.945840706},"point_estimate":2472811.782389569,"standard_error":155294.2647970794}}