{"mean":{"confidence_interval":{"confidence_level":0.95,"lower_bound":220208107.24774998,"upper_bound":223740963.14475},"point_estimate":221969083.64,"standard_error":903875.1436653141},"median":{"confidence_interval":{"confidence_level":0.95,"lower_bound":217622179.0,"upper_bound":227108720.0},"point_estimate":220661994.5,"standard_error":2750323.0346048423},"median_abs_dev":{"confidence_interval":{"confidence_level":0.95,"lower_bound":8670923.676860332,"upper_bound":13450336.734008789},"point_estimate":11647198.64602089,"standard_error":1139756.9462581628},"slope":null,"std_dev":{"confidence_interval":{"confidence_level":0.95,"lower_bound":8210632.475595242,"upper_bound":9968576.53968544},"point_estimate":9140896.529461836,"standard_error":448509.36495610746}}