{"mean":{"confidence_interval":{"confidence_level":0.95,"lower_bound":54638007.42375,"upper_bound":55653561.07225},"point_estimate":55144825.2,"standard_error":258735.62380024965},"median":{"confidence_interval":{"confidence_level":0.95,"lower_bound":54443997.5,"upper_bound":55674645.0},"point_estimate":55069735.5,"standard_error":297453.254567946},"median_abs_dev":{"confidence_interval":{"confidence_level":0.95,"lower_bound":2090390.3502881527,"upper_bound":3436543.6831891537},"point_estimate":2850076.0594010353,"standard_error":335155.36305514455},"slope":null,"std_dev":{"confidence_interval":{"confidence_level":0.95,"lower_bound":2273732.455684589,"upper_bound":2901647.4001138927},"point_estimate":2607701.933601571,"standard_error":159837.30916678684}}