{"mean":{"confidence_interval":{"confidence_level":0.95,"lower_bound":20883024.743499994,"upper_bound":21325902.55458333},"point_estimate":21106620.433333326,"standard_error":112848.23785034755},"median":{"confidence_interval":{"confidence_level":0.95,"lower_bound":20821306.0,"upper_bound":21511768.166666664},"point_estimate":21285946.0,"standard_error":169094.12238904927},"median_abs_dev":{"confidence_interval":{"confidence_level":0.95,"lower_bound":944344.5242345324,"upper_bound":1480415.115517376},"point_estimate":1206750.1406759033,"standard_error":134820.0981270988},"slope":null,"std_dev":{"confidence_interval":{"confidence_level":0.95,"lower_bound":977720.2223340062,"upper_bound":1276078.8641258564},"point_estimate":1132070.2519796435,"standard_error":76615.51281688995}}