{"mean":{"confidence_interval":{"confidence_level":0.95,"lower_bound":15457687.6275,"upper_bound":15692665.94},"point_estimate":15575270.0925,"standard_error":59967.43873643527},"median":{"confidence_interval":{"confidence_level":0.95,"lower_bound":15424356.875,"upper_bound":15754062.75},"point_estimate":15602149.0,"standard_error":89060.26494908905},"median_abs_dev":{"confidence_interval":{"confidence_level":0.95,"lower_bound":446523.15902262926,"upper_bound":789411.8385851383},"point_estimate":606911.9361251593,"standard_error":84751.23724701029},"slope":null,"std_dev":{"confidence_interval":{"confidence_level":0.95,"lower_bound":527863.9532689183,"upper_bound":671278.4381201029},"point_estimate":604958.985701468,"standard_error":36459.78609510265}}