{"mean":{"confidence_interval":{"confidence_level":0.95,"lower_bound":176884784.15425,"upper_bound":183845373.51375},"point_estimate":180315606.3,"standard_error":1776771.7536831666},"median":{"confidence_interval":{"confidence_level":0.95,"lower_bound":173355969.0,"upper_bound":182402188.5},"point_estimate":179049265.5,"standard_error":2328134.8458635006},"median_abs_dev":{"confidence_interval":{"confidence_level":0.95,"lower_bound":11512273.894116282,"upper_bound":18302194.073671103},"point_estimate":14147362.579134107,"standard_error":1727421.381178322},"slope":null,"std_dev":{"confidence_interval":{"confidence_level":0.95,"lower_bound":14757643.987654744,"upper_bound":20359015.186470225},"point_estimate":17811928.350267906,"standard_error":1434858.902670027}}