{"mean":{"confidence_interval":{"confidence_level":0.95,"lower_bound":3917984785.80525,"upper_bound":4110436109.509},"point_estimate":4016454018.12,"standard_error":49315634.87218873},"median":{"confidence_interval":{"confidence_level":0.95,"lower_bound":4023614676.0,"upper_bound":4183792171.0},"point_estimate":4086219954.0,"standard_error":38180412.86890748},"median_abs_dev":{"confidence_interval":{"confidence_level":0.95,"lower_bound":276156945.18583417,"upper_bound":466534696.72085345},"point_estimate":358023805.10030687,"standard_error":48321459.37180052},"slope":null,"std_dev":{"confidence_interval":{"confidence_level":0.95,"lower_bound":396602169.34049606,"upper_bound":581224695.7588115},"point_estimate":496739024.8011574,"standard_error":47138793.93009849}}