{"mean":{"confidence_interval":{"confidence_level":0.95,"lower_bound":155682826.1945,"upper_bound":164966954.79125},"point_estimate":160369485.6,"standard_error":2372167.9805773366},"median":{"confidence_interval":{"confidence_level":0.95,"lower_bound":156434533.0,"upper_bound":166306441.0},"point_estimate":162485655.0,"standard_error":2454312.0862601786},"median_abs_dev":{"confidence_interval":{"confidence_level":0.95,"lower_bound":18761600.655815005,"upper_bound":32959708.18424821},"point_estimate":24019634.049466252,"standard_error":3504491.868012429},"slope":null,"std_dev":{"confidence_interval":{"confidence_level":0.95,"lower_bound":21039085.26797697,"upper_bound":26257742.328129042},"point_estimate":23823108.378929075,"standard_error":1333151.8218111696}}