{"mean":{"confidence_interval":{"confidence_level":0.95,"lower_bound":96302475.72774999,"upper_bound":102727514.8065},"point_estimate":99507748.42,"standard_error":1633795.1112407672},"median":{"confidence_interval":{"confidence_level":0.95,"lower_bound":93815516.0,"upper_bound":101836669.0},"point_estimate":95952228.5,"standard_error":2072208.9254594836},"median_abs_dev":{"confidence_interval":{"confidence_level":0.95,"lower_bound":12745760.007217526,"upper_bound":21382770.673747417},"point_estimate":17490140.70958793,"standard_error":2175490.1722880816},"slope":null,"std_dev":{"confidence_interval":{"confidence_level":0.95,"lower_bound":14457307.20614079,"upper_bound":18062571.263667796},"point_estimate":16390126.621383358,"standard_error":920123.5941372556}}