{"mean":{"confidence_interval":{"confidence_level":0.95,"lower_bound":5279925064.99325,"upper_bound":5423306405.104},"point_estimate":5349559605.74,"standard_error":36499445.63690474},"median":{"confidence_interval":{"confidence_level":0.95,"lower_bound":5250038315.0,"upper_bound":5423632660.0},"point_estimate":5351450494.0,"standard_error":42621348.3887844},"median_abs_dev":{"confidence_interval":{"confidence_level":0.95,"lower_bound":232408925.57021677,"upper_bound":360086230.8722811},"point_estimate":274133180.6544632,"standard_error":33043944.111002535},"slope":null,"std_dev":{"confidence_interval":{"confidence_level":0.95,"lower_bound":294638315.28260577,"upper_bound":437024944.9913479},"point_estimate":368034836.93802935,"standard_error":36631607.39829431}}