{"mean":{"confidence_interval":{"confidence_level":0.95,"lower_bound":69745995.8795,"upper_bound":71759293.723},"point_estimate":70738564.98,"standard_error":513426.03048864927},"median":{"confidence_interval":{"confidence_level":0.95,"lower_bound":68958110.0,"upper_bound":71320039.0},"point_estimate":70291684.5,"standard_error":525832.531739527},"median_abs_dev":{"confidence_interval":{"confidence_level":0.95,"lower_bound":3554928.549787402,"upper_bound":5891149.5430111885},"point_estimate":4333670.8576619625,"standard_error":598905.5550624882},"slope":null,"std_dev":{"confidence_interval":{"confidence_level":0.95,"lower_bound":4368057.476884992,"upper_bound":5875173.006244551},"point_estimate":5158459.929586996,"standard_error":383531.2703763812}}