{"mean":{"confidence_interval":{"confidence_level":0.95,"lower_bound":175278377.55,"upper_bound":180155746.99175},"point_estimate":177749383.5,"standard_error":1245527.410031242},"median":{"confidence_interval":{"confidence_level":0.95,"lower_bound":174150979.0,"upper_bound":183456901.0},"point_estimate":179886083.5,"standard_error":2333617.5945518985},"median_abs_dev":{"confidence_interval":{"confidence_level":0.95,"lower_bound":10757607.527214289,"upper_bound":16610636.459702253},"point_estimate":13600479.63334322,"standard_error":1514852.0111062776},"slope":null,"std_dev":{"confidence_interval":{"confidence_level":0.95,"lower_bound":11039991.978055254,"upper_bound":13827223.756414637},"point_estimate":12528109.282581916,"standard_error":711218.1455580954}}