{"mean":{"confidence_interval":{"confidence_level":0.95,"lower_bound":83447234.58825,"upper_bound":85063030.9285},"point_estimate":84258840.29,"standard_error":413370.60275811626},"median":{"confidence_interval":{"confidence_level":0.95,"lower_bound":83214666.0,"upper_bound":85316989.0},"point_estimate":84021724.5,"standard_error":399664.67714870983},"median_abs_dev":{"confidence_interval":{"confidence_level":0.95,"lower_bound":3188431.8748690193,"upper_bound":5036886.557677388},"point_estimate":4293012.035983801,"standard_error":488928.0847253579},"slope":null,"std_dev":{"confidence_interval":{"confidence_level":0.95,"lower_bound":3484413.1824161806,"upper_bound":4779134.517102791},"point_estimate":4143468.741732539,"standard_error":331265.9834823637}}