{"mean":{"confidence_interval":{"confidence_level":0.95,"lower_bound":41541480.3415,"upper_bound":42790573.43975},"point_estimate":42171394.41,"standard_error":318482.83931080234},"median":{"confidence_interval":{"confidence_level":0.95,"lower_bound":41524800.75,"upper_bound":43283782.25},"point_estimate":42216009.5,"standard_error":453270.5425711264},"median_abs_dev":{"confidence_interval":{"confidence_level":0.95,"lower_bound":2646863.948055022,"upper_bound":4207533.475801349},"point_estimate":3373552.828757465,"standard_error":394956.0109180419},"slope":null,"std_dev":{"confidence_interval":{"confidence_level":0.95,"lower_bound":2761083.295254726,"upper_bound":3580286.8033088488},"point_estimate":3192132.144702843,"standard_error":209102.19479404914}}