{"mean":{"confidence_interval":{"confidence_level":0.95,"lower_bound":49750376.34,"upper_bound":51541236.81},"point_estimate":50639112.16,"standard_error":458159.23178707133},"median":{"confidence_interval":{"confidence_level":0.95,"lower_bound":49697860.5,"upper_bound":51634312.0},"point_estimate":50637347.0,"standard_error":483386.0461160628},"median_abs_dev":{"confidence_interval":{"confidence_level":0.95,"lower_bound":3104345.6613868475,"upper_bound":5261893.342682719},"point_estimate":4107805.6472718716,"standard_error":579734.9073763395},"slope":null,"std_dev":{"confidence_interval":{"confidence_level":0.95,"lower_bound":3856225.9068677067,"upper_bound":5317368.539355367},"point_estimate":4609026.850998349,"standard_error":372929.78010338725}}