{"mean":{"confidence_interval":{"confidence_level":0.95,"lower_bound":34518199.131875,"upper_bound":34873529.498125},"point_estimate":34696755.41,"standard_error":90504.9095238719},"median":{"confidence_interval":{"confidence_level":0.95,"lower_bound":34487561.5,"upper_bound":34985285.0},"point_estimate":34805080.0,"standard_error":116557.29914156119},"median_abs_dev":{"confidence_interval":{"confidence_level":0.95,"lower_bound":711885.777869001,"upper_bound":1115118.7782476838},"point_estimate":886519.1716611385,"standard_error":103621.58496742231},"slope":null,"std_dev":{"confidence_interval":{"confidence_level":0.95,"lower_bound":775071.5796033641,"upper_bound":1034318.679714694},"point_estimate":911097.9333755864,"standard_error":66189.1963422346}}