{"mean":{"confidence_interval":{"confidence_level":0.95,"lower_bound":14793006.703125,"upper_bound":15010819.6975},"point_estimate":14899867.3075,"standard_error":55905.14156571816},"median":{"confidence_interval":{"confidence_level":0.95,"lower_bound":14740225.125,"upper_bound":14915483.875},"point_estimate":14826454.375,"standard_error":42088.390304647015},"median_abs_dev":{"confidence_interval":{"confidence_level":0.95,"lower_bound":281203.8103826344,"upper_bound":517432.02393874526},"point_estimate":397964.3033847213,"standard_error":61641.893897602095},"slope":null,"std_dev":{"confidence_interval":{"confidence_level":0.95,"lower_bound":461186.82949434384,"upper_bound":652322.2555264622},"point_estimate":563740.4382812338,"standard_error":48462.33590985432}}