{"mean":{"confidence_interval":{"confidence_level":0.95,"lower_bound":65633929.05725,"upper_bound":67796199.58500001},"point_estimate":66707112.45,"standard_error":552514.0676454653},"median":{"confidence_interval":{"confidence_level":0.95,"lower_bound":65516786.0,"upper_bound":68168621.5},"point_estimate":66883310.0,"standard_error":819124.9888771392},"median_abs_dev":{"confidence_interval":{"confidence_level":0.95,"lower_bound":3663170.9499657154,"upper_bound":6972727.591781837},"point_estimate":5425463.40867877,"standard_error":810627.7236720384},"slope":null,"std_dev":{"confidence_interval":{"confidence_level":0.95,"lower_bound":4734305.860006715,"upper_bound":6298490.684195532},"point_estimate":5554089.353462758,"standard_error":399480.5495651025}}