{"mean":{"confidence_interval":{"confidence_level":0.95,"lower_bound":33404336.94225,"upper_bound":33937152.195375},"point_estimate":33667980.405,"standard_error":136610.22564697216},"median":{"confidence_interval":{"confidence_level":0.95,"lower_bound":33323803.0,"upper_bound":33806819.0},"point_estimate":33568872.5,"standard_error":108979.50709779967},"median_abs_dev":{"confidence_interval":{"confidence_level":0.95,"lower_bound":997087.7711981535,"upper_bound":1907433.371522538},"point_estimate":1444278.1002089381,"standard_error":235773.66526261845},"slope":null,"std_dev":{"confidence_interval":{"confidence_level":0.95,"lower_bound":1186624.5858239655,"upper_bound":1539405.6059065952},"point_estimate":1372764.8931762073,"standard_error":90077.1439995799}}