{"mean":{"confidence_interval":{"confidence_level":0.95,"lower_bound":7870610208.83125,"upper_bound":7997135098.63025},"point_estimate":7932627963.28,"standard_error":32387419.887786064},"median":{"confidence_interval":{"confidence_level":0.95,"lower_bound":7834464651.5,"upper_bound":7953412774.0},"point_estimate":7881838519.0,"standard_error":31785189.956258368},"median_abs_dev":{"confidence_interval":{"confidence_level":0.95,"lower_bound":238430893.06320548,"upper_bound":401804380.3874463},"point_estimate":325171162.87315786,"standard_error":42864856.11957288},"slope":null,"std_dev":{"confidence_interval":{"confidence_level":0.95,"lower_bound":277761919.02904093,"upper_bound":368205944.1017433},"point_estimate":325263376.59405833,"standard_error":23209464.354331303}}