{"mean":{"confidence_interval":{"confidence_level":0.95,"lower_bound":52159510339.57851,"upper_bound":52204118943.89},"point_estimate":52181074427.38,"standard_error":11359970.305743907},"median":{"confidence_interval":{"confidence_level":0.95,"lower_bound":52149470754.0,"upper_bound":52191014706.0},"point_estimate":52168638027.5,"standard_error":9698231.335384123},"median_abs_dev":{"confidence_interval":{"confidence_level":0.95,"lower_bound":82472226.2401253,"upper_bound":131621857.19604492},"point_estimate":116108374.3688643,"standard_error":12808261.895651748},"slope":null,"std_dev":{"confidence_interval":{"confidence_level":0.95,"lower_bound":86289439.55853531,"upper_bound":144125086.78414276},"point_estimate":114032483.33650616,"standard_error":15154032.16115057}}