{"mean":{"confidence_interval":{"confidence_level":0.95,"lower_bound":2496057294.5,"upper_bound":2531234589.6175},"point_estimate":2513870964.97,"standard_error":8974728.100349559},"median":{"confidence_interval":{"confidence_level":0.95,"lower_bound":2530639230.5,"upper_bound":2557025735.0},"point_estimate":2542632564.0,"standard_error":6873849.149385638},"median_abs_dev":{"confidence_interval":{"confidence_level":0.95,"lower_bound":45440252.553874254,"upper_bound":104997376.53582394},"point_estimate":71390109.4545722,"standard_error":15197623.801154254},"slope":null,"std_dev":{"confidence_interval":{"confidence_level":0.95,"lower_bound":80495214.29156488,"upper_bound":97240223.53677446},"point_estimate":89886422.11372045,"standard_error":4249246.689701382}}