{"mean":{"confidence_interval":{"confidence_level":0.95,"lower_bound":40496961.203125,"upper_bound":41200551.241875},"point_estimate":40847184.08,"standard_error":179699.42745701876},"median":{"confidence_interval":{"confidence_level":0.95,"lower_bound":40339692.5,"upper_bound":41166278.25},"point_estimate":40647214.5,"standard_error":248629.6228593203},"median_abs_dev":{"confidence_interval":{"confidence_level":0.95,"lower_bound":1172831.4655780792,"upper_bound":2130796.1199495564},"point_estimate":1515071.8783020973,"standard_error":255269.73217546367},"slope":null,"std_dev":{"confidence_interval":{"confidence_level":0.95,"lower_bound":1489162.0110628754,"upper_bound":2107733.1667725528},"point_estimate":1807566.418065516,"standard_error":158656.08127862692}}