{"mean":{"confidence_interval":{"confidence_level":0.95,"lower_bound":14485411.668750001,"upper_bound":14739193.6869375},"point_estimate":14608057.4775,"standard_error":64980.10861745096},"median":{"confidence_interval":{"confidence_level":0.95,"lower_bound":14451052.0,"upper_bound":14607971.75},"point_estimate":14515355.375,"standard_error":37063.2216404108},"median_abs_dev":{"confidence_interval":{"confidence_level":0.95,"lower_bound":391681.41534626484,"upper_bound":613419.6697158735},"point_estimate":500333.93974229693,"standard_error":54393.463651309445},"slope":null,"std_dev":{"confidence_interval":{"confidence_level":0.95,"lower_bound":485986.8858106669,"upper_bound":839984.7933472114},"point_estimate":654366.1949982855,"standard_error":93611.70303972415}}