{"mean":{"confidence_interval":{"confidence_level":0.95,"lower_bound":56070093.718499996,"upper_bound":57704242.60175},"point_estimate":56886690.89,"standard_error":416561.8368822393},"median":{"confidence_interval":{"confidence_level":0.95,"lower_bound":55948475.0,"upper_bound":57437088.0},"point_estimate":56506547.0,"standard_error":372665.7425748267},"median_abs_dev":{"confidence_interval":{"confidence_level":0.95,"lower_bound":3194678.439208121,"upper_bound":5489677.03743875},"point_estimate":4088585.2212131023,"standard_error":591595.8485284075},"slope":null,"std_dev":{"confidence_interval":{"confidence_level":0.95,"lower_bound":3568467.738647809,"upper_bound":4747210.085327346},"point_estimate":4179687.740037636,"standard_error":300592.421167455}}