{"mean":{"confidence_interval":{"confidence_level":0.95,"lower_bound":21926628.658999998,"upper_bound":22577480.533249997},"point_estimate":22251604.910000004,"standard_error":166108.30561950745},"median":{"confidence_interval":{"confidence_level":0.95,"lower_bound":21546181.666666668,"upper_bound":22482311.333333332},"point_estimate":21948384.5,"standard_error":228001.78195706394},"median_abs_dev":{"confidence_interval":{"confidence_level":0.95,"lower_bound":1373848.5475093117,"upper_bound":2355824.918475749},"point_estimate":2073339.21509087,"standard_error":256567.45880577748},"slope":null,"std_dev":{"confidence_interval":{"confidence_level":0.95,"lower_bound":1480941.1321652168,"upper_bound":1834024.8259511578},"point_estimate":1669878.0872590882,"standard_error":89716.92337654061}}