{"mean":{"confidence_interval":{"confidence_level":0.95,"lower_bound":36341080.962625004,"upper_bound":36876514.0315},"point_estimate":36599425.185,"standard_error":136593.2565423637},"median":{"confidence_interval":{"confidence_level":0.95,"lower_bound":36229138.75,"upper_bound":36729317.0},"point_estimate":36521119.0,"standard_error":137413.12506692912},"median_abs_dev":{"confidence_interval":{"confidence_level":0.95,"lower_bound":813776.1452525854,"upper_bound":1353728.6774665117},"point_estimate":1169471.1527377367,"standard_error":141896.18780911702},"slope":null,"std_dev":{"confidence_interval":{"confidence_level":0.95,"lower_bound":996090.4715924483,"upper_bound":1748833.0579015156},"point_estimate":1375791.6220994475,"standard_error":194676.6921594544}}