{"mean":{"confidence_interval":{"confidence_level":0.95,"lower_bound":186554554.72,"upper_bound":193375074.742},"point_estimate":190010429.35,"standard_error":1738054.692963071},"median":{"confidence_interval":{"confidence_level":0.95,"lower_bound":187535895.0,"upper_bound":193888117.0},"point_estimate":191742327.5,"standard_error":1630154.1699737306},"median_abs_dev":{"confidence_interval":{"confidence_level":0.95,"lower_bound":14125176.211827993,"upper_bound":21517173.568993807},"point_estimate":18088020.64667344,"standard_error":1844079.408590581},"slope":null,"std_dev":{"confidence_interval":{"confidence_level":0.95,"lower_bound":15055061.970324121,"upper_bound":19567402.27521078},"point_estimate":17447935.87890134,"standard_error":1150948.4852077405}}