{"mean":{"confidence_interval":{"confidence_level":0.95,"lower_bound":179756420.6845,"upper_bound":185134769.85},"point_estimate":182461704.91,"standard_error":1370309.4464907448},"median":{"confidence_interval":{"confidence_level":0.95,"lower_bound":176976470.0,"upper_bound":186616370.0},"point_estimate":181458470.5,"standard_error":2344671.5175966425},"median_abs_dev":{"confidence_interval":{"confidence_level":0.95,"lower_bound":13143257.662260532,"upper_bound":20336476.910555363},"point_estimate":18383492.443227768,"standard_error":1876383.6109418827},"slope":null,"std_dev":{"confidence_interval":{"confidence_level":0.95,"lower_bound":12359995.234235773,"upper_bound":15008716.739664134},"point_estimate":13783964.856305374,"standard_error":676617.524938399}}