{"mean":{"confidence_interval":{"confidence_level":0.95,"lower_bound":11893399.483625,"upper_bound":12025918.9435},"point_estimate":11958215.9525,"standard_error":33770.81982398339},"median":{"confidence_interval":{"confidence_level":0.95,"lower_bound":11910760.5,"upper_bound":11999059.0},"point_estimate":11952130.625,"standard_error":21779.483283715184},"median_abs_dev":{"confidence_interval":{"confidence_level":0.95,"lower_bound":236455.05135208368,"upper_bound":409337.32778280973},"point_estimate":368073.41999039054,"standard_error":42796.429196856094},"slope":null,"std_dev":{"confidence_interval":{"confidence_level":0.95,"lower_bound":269361.81857067614,"upper_bound":412151.3265000704},"point_estimate":339708.20021151286,"standard_error":36998.23023608559}}