{"mean":{"confidence_interval":{"confidence_level":0.95,"lower_bound":4230827221.798,"upper_bound":4263454381.6595},"point_estimate":4247246896.78,"standard_error":8314200.277777263},"median":{"confidence_interval":{"confidence_level":0.95,"lower_bound":4238934512.0,"upper_bound":4267016932.5},"point_estimate":4260157783.5,"standard_error":7223645.1544561535},"median_abs_dev":{"confidence_interval":{"confidence_level":0.95,"lower_bound":60799302.57869661,"upper_bound":102459831.80957437},"point_estimate":80383907.82330036,"standard_error":9701399.749345886},"slope":null,"std_dev":{"confidence_interval":{"confidence_level":0.95,"lower_bound":72637028.1095268,"upper_bound":93279388.68436055},"point_estimate":83734981.41217831,"standard_error":5264268.551163966}}