{"mean":{"confidence_interval":{"confidence_level":0.95,"lower_bound":184870093.82125002,"upper_bound":188121492.23},"point_estimate":186499113.36,"standard_error":829335.5282409528},"median":{"confidence_interval":{"confidence_level":0.95,"lower_bound":184046859.0,"upper_bound":189481580.0},"point_estimate":187205251.5,"standard_error":1424380.1390096813},"median_abs_dev":{"confidence_interval":{"confidence_level":0.95,"lower_bound":7058820.078080893,"upper_bound":10759671.30637765},"point_estimate":8800187.862065434,"standard_error":924047.2225487151},"slope":null,"std_dev":{"confidence_interval":{"confidence_level":0.95,"lower_bound":7238146.137742725,"upper_bound":9220345.978232691},"point_estimate":8283255.746099114,"standard_error":507715.2100651235}}