{"mean":{"confidence_interval":{"confidence_level":0.95,"lower_bound":14575167.683,"upper_bound":14836895.248375},"point_estimate":14705862.2925,"standard_error":66743.26358748878},"median":{"confidence_interval":{"confidence_level":0.95,"lower_bound":14445665.75,"upper_bound":14820628.0},"point_estimate":14645193.75,"standard_error":88382.184197956},"median_abs_dev":{"confidence_interval":{"confidence_level":0.95,"lower_bound":587451.6995206475,"upper_bound":945634.1437447622},"point_estimate":777174.4584023952,"standard_error":92818.46282580786},"slope":null,"std_dev":{"confidence_interval":{"confidence_level":0.95,"lower_bound":598384.4719834855,"upper_bound":736557.6123529867},"point_estimate":672502.9044789275,"standard_error":35200.43057549043}}