{"mean":{"confidence_interval":{"confidence_level":0.95,"lower_bound":56461824.25625,"upper_bound":58468020.5905},"point_estimate":57456511.04,"standard_error":511516.9660598488},"median":{"confidence_interval":{"confidence_level":0.95,"lower_bound":55502228.5,"upper_bound":58488894.0},"point_estimate":56881229.0,"standard_error":937959.2117592338},"median_abs_dev":{"confidence_interval":{"confidence_level":0.95,"lower_bound":4142515.1103081596,"upper_bound":6428945.077588408},"point_estimate":5567077.651664615,"standard_error":571304.2460966413},"slope":null,"std_dev":{"confidence_interval":{"confidence_level":0.95,"lower_bound":4396580.698802937,"upper_bound":5893849.075310166},"point_estimate":5147584.669830552,"standard_error":384419.89105462225}}