{"mean":{"confidence_interval":{"confidence_level":0.95,"lower_bound":196247906.214,"upper_bound":200313554.8},"point_estimate":198274800.47,"standard_error":1034744.3470505117},"median":{"confidence_interval":{"confidence_level":0.95,"lower_bound":194275749.5,"upper_bound":198745999.5},"point_estimate":197235446.0,"standard_error":1426507.3906325398},"median_abs_dev":{"confidence_interval":{"confidence_level":0.95,"lower_bound":6327202.210369706,"upper_bound":13261883.247497007},"point_estimate":8509025.242334604,"standard_error":1731860.1827070294},"slope":null,"std_dev":{"confidence_interval":{"confidence_level":0.95,"lower_bound":9040082.725998806,"upper_bound":11657082.778742395},"point_estimate":10445054.154173085,"standard_error":670821.6256655557}}