{"mean":{"confidence_interval":{"confidence_level":0.95,"lower_bound":4607566645.78125,"upper_bound":4636586052.846},"point_estimate":4622256236.84,"standard_error":7427329.50461214},"median":{"confidence_interval":{"confidence_level":0.95,"lower_bound":4625784343.0,"upper_bound":4652689337.0},"point_estimate":4638983170.0,"standard_error":7551440.20292691},"median_abs_dev":{"confidence_interval":{"confidence_level":0.95,"lower_bound":46649866.58349931,"upper_bound":98175427.74903774},"point_estimate":68169960.87444127,"standard_error":13220046.346156795},"slope":null,"std_dev":{"confidence_interval":{"confidence_level":0.95,"lower_bound":66294586.61834472,"upper_bound":82011944.46510977},"point_estimate":74934981.44308695,"standard_error":4003733.939017237}}