{"mean":{"confidence_interval":{"confidence_level":0.95,"lower_bound":146996017.039,"upper_bound":155135200.13},"point_estimate":150840607.14,"standard_error":2082723.393957728},"median":{"confidence_interval":{"confidence_level":0.95,"lower_bound":143199431.0,"upper_bound":148580166.5},"point_estimate":146610092.5,"standard_error":1661903.8090756678},"median_abs_dev":{"confidence_interval":{"confidence_level":0.95,"lower_bound":9423724.932995439,"upper_bound":16873259.771239758},"point_estimate":14446042.722031474,"standard_error":1955239.4533348733},"slope":null,"std_dev":{"confidence_interval":{"confidence_level":0.95,"lower_bound":14580002.517811729,"upper_bound":27088376.189885784},"point_estimate":20939109.730242345,"standard_error":3241845.5083708107}}