{"mean":{"confidence_interval":{"confidence_level":0.95,"lower_bound":80819619.98075,"upper_bound":82073795.62},"point_estimate":81442109.35,"standard_error":320402.8978363839},"median":{"confidence_interval":{"confidence_level":0.95,"lower_bound":80406301.0,"upper_bound":82197020.0},"point_estimate":81117536.0,"standard_error":421896.831311894},"median_abs_dev":{"confidence_interval":{"confidence_level":0.95,"lower_bound":2275329.129704833,"upper_bound":3656321.3380873203},"point_estimate":3141939.9489194155,"standard_error":356507.3615321886},"slope":null,"std_dev":{"confidence_interval":{"confidence_level":0.95,"lower_bound":2692567.480195492,"upper_bound":3732589.7937039468},"point_estimate":3234547.4831475723,"standard_error":265911.34791496483}}