{"mean":{"confidence_interval":{"confidence_level":0.95,"lower_bound":178453092.10225,"upper_bound":183512025.93150002},"point_estimate":180955605.2,"standard_error":1294723.2985159578},"median":{"confidence_interval":{"confidence_level":0.95,"lower_bound":175396668.0,"upper_bound":183654400.5},"point_estimate":180575711.0,"standard_error":2209505.353494567},"median_abs_dev":{"confidence_interval":{"confidence_level":0.95,"lower_bound":12097709.62832272,"upper_bound":19187315.153557062},"point_estimate":16523454.392150044,"standard_error":1819089.8549162645},"slope":null,"std_dev":{"confidence_interval":{"confidence_level":0.95,"lower_bound":11728613.247998197,"upper_bound":14222879.268371036},"point_estimate":13072899.695971133,"standard_error":634625.082277419}}