{"mean":{"confidence_interval":{"confidence_level":0.95,"lower_bound":27420241078.174747,"upper_bound":27555291910.11},"point_estimate":27488576700.54,"standard_error":34503618.89422117},"median":{"confidence_interval":{"confidence_level":0.95,"lower_bound":27486932877.0,"upper_bound":27659124121.5},"point_estimate":27547404300.5,"standard_error":48186675.34304908},"median_abs_dev":{"confidence_interval":{"confidence_level":0.95,"lower_bound":233580921.5907097,"upper_bound":450317333.9888692},"point_estimate":336909339.78396356,"standard_error":57377826.42228767},"slope":null,"std_dev":{"confidence_interval":{"confidence_level":0.95,"lower_bound":308616203.42756,"upper_bound":380651455.5693631},"point_estimate":348025495.7299665,"standard_error":18393103.150375076}}