{"mean":{"confidence_interval":{"confidence_level":0.95,"lower_bound":15994933.5675,"upper_bound":16332873.045},"point_estimate":16164767.02,"standard_error":85922.80019261228},"median":{"confidence_interval":{"confidence_level":0.95,"lower_bound":15995812.25,"upper_bound":16332484.875},"point_estimate":16160796.5,"standard_error":94075.8399668262},"median_abs_dev":{"confidence_interval":{"confidence_level":0.95,"lower_bound":577983.816088736,"upper_bound":1073321.0232697427},"point_estimate":782120.5972395837,"standard_error":130735.97265031474},"slope":null,"std_dev":{"confidence_interval":{"confidence_level":0.95,"lower_bound":746827.3622151058,"upper_bound":974731.9436990025},"point_estimate":865360.0203393408,"standard_error":58158.70898296937}}