{"mean":{"confidence_interval":{"confidence_level":0.95,"lower_bound":32621912.540375,"upper_bound":33251540.780375},"point_estimate":32938221.965,"standard_error":160631.93050401364},"median":{"confidence_interval":{"confidence_level":0.95,"lower_bound":32407189.5,"upper_bound":33446335.5},"point_estimate":33176519.25,"standard_error":306154.98914213857},"median_abs_dev":{"confidence_interval":{"confidence_level":0.95,"lower_bound":1279848.1262281537,"upper_bound":1989310.0199326873},"point_estimate":1552506.4156875014,"standard_error":174341.6348969715},"slope":null,"std_dev":{"confidence_interval":{"confidence_level":0.95,"lower_bound":1355333.8122344431,"upper_bound":1843088.5288777002},"point_estimate":1608962.1440059217,"standard_error":124425.26809114833}}