{"mean":{"confidence_interval":{"confidence_level":0.95,"lower_bound":14119393.3661875,"upper_bound":14352815.2600625},"point_estimate":14233084.52,"standard_error":59603.44819066524},"median":{"confidence_interval":{"confidence_level":0.95,"lower_bound":14015903.5,"upper_bound":14265193.25},"point_estimate":14141897.125,"standard_error":56540.84441444784},"median_abs_dev":{"confidence_interval":{"confidence_level":0.95,"lower_bound":322050.3662824631,"upper_bound":527413.0722865456},"point_estimate":433496.85032889247,"standard_error":52944.429679673354},"slope":null,"std_dev":{"confidence_interval":{"confidence_level":0.95,"lower_bound":474062.01637733186,"upper_bound":714355.1306868288},"point_estimate":601013.6118618766,"standard_error":61565.10109671887}}