{"mean":{"confidence_interval":{"confidence_level":0.95,"lower_bound":29993975.576,"upper_bound":30831106.48025},"point_estimate":30407431.31,"standard_error":213164.03152299518},"median":{"confidence_interval":{"confidence_level":0.95,"lower_bound":29485076.0,"upper_bound":29913399.0},"point_estimate":29708089.25,"standard_error":95667.71231401959},"median_abs_dev":{"confidence_interval":{"confidence_level":0.95,"lower_bound":758161.5685411918,"upper_bound":2489833.917796612},"point_estimate":1312204.7587037086,"standard_error":422995.9809364871},"slope":null,"std_dev":{"confidence_interval":{"confidence_level":0.95,"lower_bound":1820777.3051235029,"upper_bound":2444684.6252236036},"point_estimate":2142898.7784185493,"standard_error":159074.52347569857}}