{"mean":{"confidence_interval":{"confidence_level":0.95,"lower_bound":3871665170.121,"upper_bound":4082863213.3245},"point_estimate":3976325844.98,"standard_error":53727875.00689132},"median":{"confidence_interval":{"confidence_level":0.95,"lower_bound":3815852326.0,"upper_bound":4199955542.0},"point_estimate":4030699404.5,"standard_error":95318769.49872248},"median_abs_dev":{"confidence_interval":{"confidence_level":0.95,"lower_bound":362453197.06006944,"upper_bound":645992605.0026387},"point_estimate":544357873.4369159,"standard_error":67655121.5553882},"slope":null,"std_dev":{"confidence_interval":{"confidence_level":0.95,"lower_bound":442776302.6101234,"upper_bound":632775896.9026903},"point_estimate":538505978.705585,"standard_error":48756578.121193804}}