{"mean":{"confidence_interval":{"confidence_level":0.95,"lower_bound":296622530.71,"upper_bound":331345148.02675},"point_estimate":313993156.08,"standard_error":8850181.886263011},"median":{"confidence_interval":{"confidence_level":0.95,"lower_bound":290990976.0,"upper_bound":344892448.0},"point_estimate":322564171.5,"standard_error":13381139.54952166},"median_abs_dev":{"confidence_interval":{"confidence_level":0.95,"lower_bound":72202804.78444397,"upper_bound":125026890.75872898},"point_estimate":93878833.75151753,"standard_error":13387838.096524712},"slope":null,"std_dev":{"confidence_interval":{"confidence_level":0.95,"lower_bound":78180825.00520138,"upper_bound":98011993.08714373},"point_estimate":88715259.02971892,"standard_error":5068208.665999726}}