{"mean":{"confidence_interval":{"confidence_level":0.95,"lower_bound":35050551.769125,"upper_bound":35618164.405375004},"point_estimate":35337662.245,"standard_error":144718.7706702826},"median":{"confidence_interval":{"confidence_level":0.95,"lower_bound":35118123.0,"upper_bound":35633772.5},"point_estimate":35341752.25,"standard_error":117108.16735273901},"median_abs_dev":{"confidence_interval":{"confidence_level":0.95,"lower_bound":1008599.0480437875,"upper_bound":1800950.9009092294},"point_estimate":1377219.3620994687,"standard_error":211155.66651965858},"slope":null,"std_dev":{"confidence_interval":{"confidence_level":0.95,"lower_bound":1240735.143177468,"upper_bound":1658573.2872715273},"point_estimate":1459979.7574024945,"standard_error":106411.29894634285}}