{"mean":{"confidence_interval":{"confidence_level":0.95,"lower_bound":181104909.226,"upper_bound":187583892.0185},"point_estimate":184274852.15,"standard_error":1650322.5145380173},"median":{"confidence_interval":{"confidence_level":0.95,"lower_bound":176462268.0,"upper_bound":186903400.0},"point_estimate":181577646.5,"standard_error":2439172.693787108},"median_abs_dev":{"confidence_interval":{"confidence_level":0.95,"lower_bound":12866465.476359578,"upper_bound":22069543.61728728},"point_estimate":16792466.22697413,"standard_error":2438030.869705721},"slope":null,"std_dev":{"confidence_interval":{"confidence_level":0.95,"lower_bound":13626382.38469124,"upper_bound":19725801.388454814},"point_estimate":16550009.83409336,"standard_error":1596916.1515094852}}