{"mean":{"confidence_interval":{"confidence_level":0.95,"lower_bound":73872751.39549999,"upper_bound":75264601.93499999},"point_estimate":74572436.81,"standard_error":354696.56190608564},"median":{"confidence_interval":{"confidence_level":0.95,"lower_bound":73200807.0,"upper_bound":75866376.0},"point_estimate":74622068.0,"standard_error":592248.6698389738},"median_abs_dev":{"confidence_interval":{"confidence_level":0.95,"lower_bound":2996759.9973993762,"upper_bound":4338076.403483748},"point_estimate":3641920.1032429934,"standard_error":342198.1176499656},"slope":null,"std_dev":{"confidence_interval":{"confidence_level":0.95,"lower_bound":3064214.974420325,"upper_bound":4014735.188249854},"point_estimate":3562840.7977633616,"standard_error":242331.47633010123}}