{"mean":{"confidence_interval":{"confidence_level":0.95,"lower_bound":16682334.810000004,"upper_bound":16978520.150333337},"point_estimate":16832366.776666667,"standard_error":75471.41172051575},"median":{"confidence_interval":{"confidence_level":0.95,"lower_bound":16676418.666666666,"upper_bound":17068121.666666664},"point_estimate":16909955.166666664,"standard_error":97945.27629167438},"median_abs_dev":{"confidence_interval":{"confidence_level":0.95,"lower_bound":605056.9564580899,"upper_bound":974209.771004322},"point_estimate":774061.492657661,"standard_error":92503.32758183469},"slope":null,"std_dev":{"confidence_interval":{"confidence_level":0.95,"lower_bound":651855.3425255858,"upper_bound":852058.7487022429},"point_estimate":757715.9083368476,"standard_error":51090.8854457844}}