{"mean":{"confidence_interval":{"confidence_level":0.95,"lower_bound":4002573294.7277503,"upper_bound":4108292304.70175},"point_estimate":4055916340.69,"standard_error":26838074.325398203},"median":{"confidence_interval":{"confidence_level":0.95,"lower_bound":4010338167.0,"upper_bound":4136550006.5},"point_estimate":4085548773.5,"standard_error":33375154.284742594},"median_abs_dev":{"confidence_interval":{"confidence_level":0.95,"lower_bound":187487130.07283807,"upper_bound":300839904.10042405},"point_estimate":249428408.24646056,"standard_error":29245902.3594305},"slope":null,"std_dev":{"confidence_interval":{"confidence_level":0.95,"lower_bound":228704429.16245165,"upper_bound":308173673.2836799},"point_estimate":270851788.84614563,"standard_error":20219447.331493154}}