{"mean":{"confidence_interval":{"confidence_level":0.95,"lower_bound":27214734.342125002,"upper_bound":27943863.135},"point_estimate":27574885.225,"standard_error":185900.70723861287},"median":{"confidence_interval":{"confidence_level":0.95,"lower_bound":26947681.0,"upper_bound":27957967.75},"point_estimate":27398536.5,"standard_error":284419.2438765156},"median_abs_dev":{"confidence_interval":{"confidence_level":0.95,"lower_bound":1477155.310600251,"upper_bound":2347982.4588149786},"point_estimate":1940652.5713965297,"standard_error":213611.28557753138},"slope":null,"std_dev":{"confidence_interval":{"confidence_level":0.95,"lower_bound":1578839.448400712,"upper_bound":2142209.92927783},"point_estimate":1867721.3280880803,"standard_error":143984.8446308987}}