{"mean":{"confidence_interval":{"confidence_level":0.95,"lower_bound":119492252.6085,"upper_bound":122803568.24174999},"point_estimate":121132706.58,"standard_error":844643.7703790882},"median":{"confidence_interval":{"confidence_level":0.95,"lower_bound":119576348.0,"upper_bound":121732637.0},"point_estimate":120506417.5,"standard_error":566814.4477316403},"median_abs_dev":{"confidence_interval":{"confidence_level":0.95,"lower_bound":4174567.2908791164,"upper_bound":9173132.920244336},"point_estimate":6215039.074561,"standard_error":1229366.1712327506},"slope":null,"std_dev":{"confidence_interval":{"confidence_level":0.95,"lower_bound":7144342.507862999,"upper_bound":9695664.271345472},"point_estimate":8505464.58185026,"standard_error":650118.2211405159}}