{"mean":{"confidence_interval":{"confidence_level":0.95,"lower_bound":123482549.61,"upper_bound":126803067.997},"point_estimate":125145474.91,"standard_error":845980.7327389555},"median":{"confidence_interval":{"confidence_level":0.95,"lower_bound":123980682.0,"upper_bound":127349211.0},"point_estimate":126039965.5,"standard_error":746314.7080309775},"median_abs_dev":{"confidence_interval":{"confidence_level":0.95,"lower_bound":5336800.965052843,"upper_bound":9478155.477569094},"point_estimate":7496299.747914076,"standard_error":1105470.4643500275},"slope":null,"std_dev":{"confidence_interval":{"confidence_level":0.95,"lower_bound":7234549.863967162,"upper_bound":9653157.146007646},"point_estimate":8508098.381172344,"standard_error":618811.9991046101}}