{"mean":{"confidence_interval":{"confidence_level":0.95,"lower_bound":2043435148.939,"upper_bound":2139021948.671},"point_estimate":2091597177.56,"standard_error":24305253.175528686},"median":{"confidence_interval":{"confidence_level":0.95,"lower_bound":2040031899.5,"upper_bound":2192605976.0},"point_estimate":2127783674.0,"standard_error":47699256.13980355},"median_abs_dev":{"confidence_interval":{"confidence_level":0.95,"lower_bound":203075100.94659626,"upper_bound":323278315.6259626},"point_estimate":284149139.78384435,"standard_error":34792299.14677458},"slope":null,"std_dev":{"confidence_interval":{"confidence_level":0.95,"lower_bound":211651130.14110518,"upper_bound":274168978.53568476},"point_estimate":243954912.8116646,"standard_error":15986702.231771814}}