{"mean":{"confidence_interval":{"confidence_level":0.95,"lower_bound":42375947.1985,"upper_bound":44146046.317999996},"point_estimate":43249609.55,"standard_error":449962.1548936185},"median":{"confidence_interval":{"confidence_level":0.95,"lower_bound":41685822.75,"upper_bound":44012111.0},"point_estimate":42180693.5,"standard_error":493663.35267668485},"median_abs_dev":{"confidence_interval":{"confidence_level":0.95,"lower_bound":3766244.2653357983,"upper_bound":5578006.340850591},"point_estimate":4830486.03169173,"standard_error":472961.8008505864},"slope":null,"std_dev":{"confidence_interval":{"confidence_level":0.95,"lower_bound":3826671.271531201,"upper_bound":5208539.923033209},"point_estimate":4525915.848935827,"standard_error":354682.49915699585}}