{"mean":{"confidence_interval":{"confidence_level":0.95,"lower_bound":67726379.03,"upper_bound":69018666.477},"point_estimate":68380341.15,"standard_error":329837.21795723226},"median":{"confidence_interval":{"confidence_level":0.95,"lower_bound":67627039.0,"upper_bound":69004833.0},"point_estimate":68436621.0,"standard_error":360638.05164538295},"median_abs_dev":{"confidence_interval":{"confidence_level":0.95,"lower_bound":2247158.988904953,"upper_bound":3672972.4183917046},"point_estimate":3158129.9406319857,"standard_error":358949.8756521045},"slope":null,"std_dev":{"confidence_interval":{"confidence_level":0.95,"lower_bound":2686439.585514234,"upper_bound":3909946.0521146245},"point_estimate":3309782.043272417,"standard_error":311999.97607567156}}