{"mean":{"confidence_interval":{"confidence_level":0.95,"lower_bound":54303055.346,"upper_bound":55469716.304749995},"point_estimate":54885504.0,"standard_error":297603.37840129575},"median":{"confidence_interval":{"confidence_level":0.95,"lower_bound":53912771.0,"upper_bound":55537047.0},"point_estimate":54611451.0,"standard_error":412052.70825552876},"median_abs_dev":{"confidence_interval":{"confidence_level":0.95,"lower_bound":2174446.151938364,"upper_bound":3608647.5946336985},"point_estimate":2725904.6051055193,"standard_error":368552.2467720931},"slope":null,"std_dev":{"confidence_interval":{"confidence_level":0.95,"lower_bound":2558328.5745739746,"upper_bound":3390372.1604964235},"point_estimate":2994895.4081264455,"standard_error":212443.72791502}}