{"mean":{"confidence_interval":{"confidence_level":0.95,"lower_bound":4173883.767749999,"upper_bound":4282989.217916667},"point_estimate":4224386.001666668,"standard_error":27941.845568518464},"median":{"confidence_interval":{"confidence_level":0.95,"lower_bound":4094957.75,"upper_bound":4273890.958333334},"point_estimate":4234931.25,"standard_error":41232.60575774334},"median_abs_dev":{"confidence_interval":{"confidence_level":0.95,"lower_bound":150826.7485722896,"upper_bound":288479.4226534653},"point_estimate":236440.16357734788,"standard_error":34319.68640459189},"slope":null,"std_dev":{"confidence_interval":{"confidence_level":0.95,"lower_bound":173974.0861162906,"upper_bound":393637.4856223095},"point_estimate":281207.9171761447,"standard_error":59484.93136723777}}