{"mean":{"confidence_interval":{"confidence_level":0.95,"lower_bound":115378143.41675,"upper_bound":118195465.42},"point_estimate":116791149.28,"standard_error":718616.9032335798},"median":{"confidence_interval":{"confidence_level":0.95,"lower_bound":114850660.0,"upper_bound":119060612.0},"point_estimate":116756940.0,"standard_error":1009047.6574726659},"median_abs_dev":{"confidence_interval":{"confidence_level":0.95,"lower_bound":5308311.323958635,"upper_bound":9218479.72303927},"point_estimate":7535997.844809294,"standard_error":969648.1214080831},"slope":null,"std_dev":{"confidence_interval":{"confidence_level":0.95,"lower_bound":6252266.962579447,"upper_bound":8093823.143660793},"point_estimate":7225013.722065866,"standard_error":469723.83556202915}}