{"mean":{"confidence_interval":{"confidence_level":0.95,"lower_bound":180086573.174,"upper_bound":185181174.87975},"point_estimate":182651966.53,"standard_error":1300041.9157589625},"median":{"confidence_interval":{"confidence_level":0.95,"lower_bound":179519175.5,"upper_bound":183982611.0},"point_estimate":181791501.5,"standard_error":1257596.2678407554},"median_abs_dev":{"confidence_interval":{"confidence_level":0.95,"lower_bound":5613174.650046229,"upper_bound":9093528.828872586},"point_estimate":7252550.675341487,"standard_error":882639.040483521},"slope":null,"std_dev":{"confidence_interval":{"confidence_level":0.95,"lower_bound":10495716.974913279,"upper_bound":15329317.746780653},"point_estimate":13079981.07153103,"standard_error":1232997.4818699374}}