{"mean":{"confidence_interval":{"confidence_level":0.95,"lower_bound":776684431.72175,"upper_bound":845273641.3384999},"point_estimate":811089355.25,"standard_error":17498889.88152824},"median":{"confidence_interval":{"confidence_level":0.95,"lower_bound":786141510.0,"upper_bound":853876879.0},"point_estimate":817715392.0,"standard_error":20123772.557624582},"median_abs_dev":{"confidence_interval":{"confidence_level":0.95,"lower_bound":107026097.39890695,"upper_bound":175565461.04807246},"point_estimate":136841844.85047162,"standard_error":17948151.078560594},"slope":null,"std_dev":{"confidence_interval":{"confidence_level":0.95,"lower_bound":143302734.13880733,"upper_bound":207676488.3533745},"point_estimate":176647305.3241366,"standard_error":16403956.070061844}}