{"mean":{"confidence_interval":{"confidence_level":0.95,"lower_bound":3527988799.32,"upper_bound":3551855033.49075},"point_estimate":3539955105.54,"standard_error":6107927.467279303},"median":{"confidence_interval":{"confidence_level":0.95,"lower_bound":3521661904.5,"upper_bound":3559153447.5},"point_estimate":3549035480.0,"standard_error":9944899.047909746},"median_abs_dev":{"confidence_interval":{"confidence_level":0.95,"lower_bound":51139322.37469554,"upper_bound":81792182.83639848},"point_estimate":67728345.4919815,"standard_error":7754731.813703688},"slope":null,"std_dev":{"confidence_interval":{"confidence_level":0.95,"lower_bound":53335361.7167223,"upper_bound":68121010.30536653},"point_estimate":61157805.81725944,"standard_error":3777403.4212542516}}