{"mean":{"confidence_interval":{"confidence_level":0.95,"lower_bound":89283459.95475,"upper_bound":91246378.15599999},"point_estimate":90263711.61,"standard_error":502345.54099979694},"median":{"confidence_interval":{"confidence_level":0.95,"lower_bound":89192767.0,"upper_bound":91479367.5},"point_estimate":90304532.5,"standard_error":674778.8214688217},"median_abs_dev":{"confidence_interval":{"confidence_level":0.95,"lower_bound":3802101.686999202,"upper_bound":6420437.733614445},"point_estimate":4737984.024783969,"standard_error":662916.4985419584},"slope":null,"std_dev":{"confidence_interval":{"confidence_level":0.95,"lower_bound":4378052.930235697,"upper_bound":5643786.295929163},"point_estimate":5048341.700013373,"standard_error":323426.208680312}}