{"mean":{"confidence_interval":{"confidence_level":0.95,"lower_bound":29775220.345125,"upper_bound":31018144.10725},"point_estimate":30396446.39,"standard_error":317820.90694005264},"median":{"confidence_interval":{"confidence_level":0.95,"lower_bound":29128908.0,"upper_bound":31354467.5},"point_estimate":30668515.75,"standard_error":544671.8088135784},"median_abs_dev":{"confidence_interval":{"confidence_level":0.95,"lower_bound":2535316.74913913,"upper_bound":3932971.898625791},"point_estimate":3323674.0884929895,"standard_error":339185.19668621104},"slope":null,"std_dev":{"confidence_interval":{"confidence_level":0.95,"lower_bound":2747104.309412636,"upper_bound":3588016.9624519725},"point_estimate":3188228.0335456776,"standard_error":215231.73558724238}}