{"mean":{"confidence_interval":{"confidence_level":0.95,"lower_bound":89405137.39925,"upper_bound":91096490.832},"point_estimate":90260131.99,"standard_error":431855.75204567285},"median":{"confidence_interval":{"confidence_level":0.95,"lower_bound":89299247.0,"upper_bound":90492243.0},"point_estimate":90155342.0,"standard_error":272133.3591876449},"median_abs_dev":{"confidence_interval":{"confidence_level":0.95,"lower_bound":3052043.982115388,"upper_bound":4751970.872935653},"point_estimate":3971037.2822999954,"standard_error":443114.6026570872},"slope":null,"std_dev":{"confidence_interval":{"confidence_level":0.95,"lower_bound":3538418.450516801,"upper_bound":5166362.136728887},"point_estimate":4375485.343784497,"standard_error":415814.3602048586}}