{"mean":{"confidence_interval":{"confidence_level":0.95,"lower_bound":56388307.683749996,"upper_bound":57210709.91125},"point_estimate":56793347.23,"standard_error":209640.2171637514},"median":{"confidence_interval":{"confidence_level":0.95,"lower_bound":56231709.5,"upper_bound":57161653.0},"point_estimate":56770725.0,"standard_error":231078.10413299274},"median_abs_dev":{"confidence_interval":{"confidence_level":0.95,"lower_bound":1379350.970211625,"upper_bound":2359676.4661073685},"point_estimate":1879963.453423977,"standard_error":249120.0906818859},"slope":null,"std_dev":{"confidence_interval":{"confidence_level":0.95,"lower_bound":1737290.3263470945,"upper_bound":2460213.234710337},"point_estimate":2107945.2968582567,"standard_error":184772.65438802744}}