{"mean":{"confidence_interval":{"confidence_level":0.95,"lower_bound":2035686939.6735,"upper_bound":2218157709.85425},"point_estimate":2127140199.03,"standard_error":46533472.26579722},"median":{"confidence_interval":{"confidence_level":0.95,"lower_bound":2027366942.0,"upper_bound":2274177435.5},"point_estimate":2128213352.0,"standard_error":62486419.69389162},"median_abs_dev":{"confidence_interval":{"confidence_level":0.95,"lower_bound":426527037.3989314,"upper_bound":671169024.3381679},"point_estimate":569801534.3829006,"standard_error":61692013.363623306},"slope":null,"std_dev":{"confidence_interval":{"confidence_level":0.95,"lower_bound":414920034.76895535,"upper_bound":512394226.838712},"point_estimate":467149497.3287634,"standard_error":24854560.65233281}}