{"mean":{"confidence_interval":{"confidence_level":0.95,"lower_bound":19149610.294916667,"upper_bound":19391906.184166666},"point_estimate":19268071.84,"standard_error":61461.56752234953},"median":{"confidence_interval":{"confidence_level":0.95,"lower_bound":19119222.666666668,"upper_bound":19462917.666666664},"point_estimate":19337318.5,"standard_error":74139.70021095489},"median_abs_dev":{"confidence_interval":{"confidence_level":0.95,"lower_bound":453991.13864004705,"upper_bound":723167.5420612078},"point_estimate":599563.4293556213,"standard_error":69587.097931819},"slope":null,"std_dev":{"confidence_interval":{"confidence_level":0.95,"lower_bound":494946.28127953777,"upper_bound":747052.3818483019},"point_estimate":617854.0506005901,"standard_error":65392.151627614985}}