{"mean":{"confidence_interval":{"confidence_level":0.95,"lower_bound":113290343.354,"upper_bound":116557736.72},"point_estimate":114916692.32,"standard_error":833846.1400268112},"median":{"confidence_interval":{"confidence_level":0.95,"lower_bound":113075151.0,"upper_bound":116624249.5},"point_estimate":114627242.0,"standard_error":847181.24881382},"median_abs_dev":{"confidence_interval":{"confidence_level":0.95,"lower_bound":7236097.522133589,"upper_bound":11097712.495598715},"point_estimate":9146185.924422741,"standard_error":961396.0557904344},"slope":null,"std_dev":{"confidence_interval":{"confidence_level":0.95,"lower_bound":7295732.60182876,"upper_bound":9303704.998939112},"point_estimate":8360067.728022235,"standard_error":513763.8541166747}}