{"mean":{"confidence_interval":{"confidence_level":0.95,"lower_bound":4232324762.504,"upper_bound":4371387422.94},"point_estimate":4301932967.92,"standard_error":35431569.19896853},"median":{"confidence_interval":{"confidence_level":0.95,"lower_bound":4204770722.0,"upper_bound":4350131700.0},"point_estimate":4290615210.0,"standard_error":38465136.730342776},"median_abs_dev":{"confidence_interval":{"confidence_level":0.95,"lower_bound":239371670.94610333,"upper_bound":389427681.0264766},"point_estimate":308327323.0744958,"standard_error":37764584.71555482},"slope":null,"std_dev":{"confidence_interval":{"confidence_level":0.95,"lower_bound":300093205.43645895,"upper_bound":411235354.4670128},"point_estimate":357583396.28587073,"standard_error":28378816.707417917}}