{"mean":{"confidence_interval":{"confidence_level":0.95,"lower_bound":55928529.017500006,"upper_bound":58000625.882999994},"point_estimate":56948745.15,"standard_error":527927.4927506042},"median":{"confidence_interval":{"confidence_level":0.95,"lower_bound":55155022.0,"upper_bound":57380606.0},"point_estimate":56186191.0,"standard_error":628475.2179753633},"median_abs_dev":{"confidence_interval":{"confidence_level":0.95,"lower_bound":3503118.352407217,"upper_bound":6770044.33311268},"point_estimate":5089353.546845913,"standard_error":876430.286598058},"slope":null,"std_dev":{"confidence_interval":{"confidence_level":0.95,"lower_bound":4503794.176717399,"upper_bound":6049170.857538049},"point_estimate":5301480.642974398,"standard_error":395903.7380342088}}