{"mean":{"confidence_interval":{"confidence_level":0.95,"lower_bound":69191471.214,"upper_bound":70632975.07},"point_estimate":69905256.65,"standard_error":367513.13308101264},"median":{"confidence_interval":{"confidence_level":0.95,"lower_bound":68352666.0,"upper_bound":70496125.0},"point_estimate":69492203.5,"standard_error":475272.1197325221},"median_abs_dev":{"confidence_interval":{"confidence_level":0.95,"lower_bound":2832823.0435073376,"upper_bound":5139595.894753933},"point_estimate":3774238.444393873,"standard_error":611292.7343767012},"slope":null,"std_dev":{"confidence_interval":{"confidence_level":0.95,"lower_bound":3263285.8149536895,"upper_bound":4084892.683133526},"point_estimate":3702714.4581090324,"standard_error":209491.58593055722}}