{"mean":{"confidence_interval":{"confidence_level":0.95,"lower_bound":95669362.9525,"upper_bound":98706846.53074999},"point_estimate":97189767.17,"standard_error":771029.6057665322},"median":{"confidence_interval":{"confidence_level":0.95,"lower_bound":95204834.0,"upper_bound":99055740.5},"point_estimate":97173750.5,"standard_error":990413.6753886478},"median_abs_dev":{"confidence_interval":{"confidence_level":0.95,"lower_bound":5238812.967592478,"upper_bound":8161331.826907396},"point_estimate":6479391.8389678,"standard_error":747202.4887400775},"slope":null,"std_dev":{"confidence_interval":{"confidence_level":0.95,"lower_bound":6385623.001399933,"upper_bound":8985416.464715376},"point_estimate":7737221.72575791,"standard_error":663061.3741209975}}