{"mean":{"confidence_interval":{"confidence_level":0.95,"lower_bound":1995273427.88875,"upper_bound":2036044627.556},"point_estimate":2016023826.07,"standard_error":10411499.238551458},"median":{"confidence_interval":{"confidence_level":0.95,"lower_bound":2039037065.0,"upper_bound":2070484512.0},"point_estimate":2051515069.0,"standard_error":8383056.968234089},"median_abs_dev":{"confidence_interval":{"confidence_level":0.95,"lower_bound":43163057.57210255,"upper_bound":89049148.69446158},"point_estimate":61253604.569131136,"standard_error":11917906.207580175},"slope":null,"std_dev":{"confidence_interval":{"confidence_level":0.95,"lower_bound":90941307.22080863,"upper_bound":114561199.42477453},"point_estimate":104397190.66190594,"standard_error":6018766.164764692}}