{"mean":{"confidence_interval":{"confidence_level":0.95,"lower_bound":49377862.06925,"upper_bound":50167428.734249994},"point_estimate":49757646.53,"standard_error":202272.53565180677},"median":{"confidence_interval":{"confidence_level":0.95,"lower_bound":48741946.0,"upper_bound":49934693.0},"point_estimate":49148704.0,"standard_error":306004.10357084696},"median_abs_dev":{"confidence_interval":{"confidence_level":0.95,"lower_bound":1260870.4759150743,"upper_bound":2142445.9179639816},"point_estimate":1587112.1523231268,"standard_error":232493.38636267456},"slope":null,"std_dev":{"confidence_interval":{"confidence_level":0.95,"lower_bound":1530812.1084204402,"upper_bound":2504812.611224794},"point_estimate":2034896.7432595028,"standard_error":249813.9845702199}}