{"mean":{"confidence_interval":{"confidence_level":0.95,"lower_bound":209963375.8,"upper_bound":217657047.28},"point_estimate":213817534.46,"standard_error":1955174.2230746634},"median":{"confidence_interval":{"confidence_level":0.95,"lower_bound":207529318.0,"upper_bound":219480483.5},"point_estimate":215753128.5,"standard_error":3101490.627609638},"median_abs_dev":{"confidence_interval":{"confidence_level":0.95,"lower_bound":16078858.98374319,"upper_bound":25926400.686514378},"point_estimate":21749055.911377072,"standard_error":2523188.6733125034},"slope":null,"std_dev":{"confidence_interval":{"confidence_level":0.95,"lower_bound":17108305.436875734,"upper_bound":21854173.379728563},"point_estimate":19613904.443864476,"standard_error":1209862.186174551}}