{"mean":{"confidence_interval":{"confidence_level":0.95,"lower_bound":20333198.785166666,"upper_bound":20734582.960583344},"point_estimate":20531354.450000007,"standard_error":102194.4284017998},"median":{"confidence_interval":{"confidence_level":0.95,"lower_bound":20149983.0,"upper_bound":20619371.5},"point_estimate":20400252.333333336,"standard_error":124053.65744226585},"median_abs_dev":{"confidence_interval":{"confidence_level":0.95,"lower_bound":586365.8185899239,"upper_bound":1156783.556362982},"point_estimate":903557.9518586425,"standard_error":140934.43444697311},"slope":null,"std_dev":{"confidence_interval":{"confidence_level":0.95,"lower_bound":838912.8520885115,"upper_bound":1212934.0529702504},"point_estimate":1022956.6476985649,"standard_error":95873.87153682855}}