{"mean":{"confidence_interval":{"confidence_level":0.95,"lower_bound":79300782.10175,"upper_bound":81587069.4005},"point_estimate":80432578.67,"standard_error":583678.5285243473},"median":{"confidence_interval":{"confidence_level":0.95,"lower_bound":78633492.5,"upper_bound":81872794.0},"point_estimate":79746185.0,"standard_error":937785.7797496684},"median_abs_dev":{"confidence_interval":{"confidence_level":0.95,"lower_bound":4687597.123378515,"upper_bound":7012078.8900107145},"point_estimate":6075870.380231738,"standard_error":625140.04439156},"slope":null,"std_dev":{"confidence_interval":{"confidence_level":0.95,"lower_bound":5046645.332829916,"upper_bound":6667815.7621239675},"point_estimate":5886024.766749865,"standard_error":413143.00436975766}}