{"mean":{"confidence_interval":{"confidence_level":0.95,"lower_bound":88506407.96200001,"upper_bound":127651388.81},"point_estimate":101788493.18,"standard_error":12622195.840998836},"median":{"confidence_interval":{"confidence_level":0.95,"lower_bound":87417769.0,"upper_bound":89929038.0},"point_estimate":88654458.0,"standard_error":693218.311235045},"median_abs_dev":{"confidence_interval":{"confidence_level":0.95,"lower_bound":3018569.8399096727,"upper_bound":4839978.748673201},"point_estimate":3722724.767008424,"standard_error":452164.2979457933},"slope":null,"std_dev":{"confidence_interval":{"confidence_level":0.95,"lower_bound":3723560.0479561402,"upper_bound":217310048.41599953},"point_estimate":126745875.10516931,"standard_error":77678451.58237794}}