{"mean":{"confidence_interval":{"confidence_level":0.95,"lower_bound":49174181.85425,"upper_bound":49647508.467499994},"point_estimate":49406057.38,"standard_error":120847.97622099044},"median":{"confidence_interval":{"confidence_level":0.95,"lower_bound":48994069.0,"upper_bound":49638640.25},"point_estimate":49324416.0,"standard_error":136115.66168507776},"median_abs_dev":{"confidence_interval":{"confidence_level":0.95,"lower_bound":846231.7412763834,"upper_bound":1343699.1944308188},"point_estimate":1071899.0245699883,"standard_error":126365.88098203225},"slope":null,"std_dev":{"confidence_interval":{"confidence_level":0.95,"lower_bound":1004853.5278849424,"upper_bound":1417997.9582531021},"point_estimate":1214001.97746532,"standard_error":105696.52887723935}}